id,image_url
ogn-001-298,https://cmsassets.rgpub.io/sanity/images/dsfx7636/game_data_live/15ed971e4029a92b362a81ccadf309fb81e40b81-744x1039.png?accountingTag=RB
ogn-002-298,https://cmsassets.rgpub.io/sanity/images/dsfx7636/game_data_live/d481971f7560e7235e7d6934767da18daa019eff-744x1039.png?accountingTag=RB
ogn-003-298,https://cmsassets.rgpub.io/sanity/images/dsfx7636/game_data_live/19dcf211457d9c9c6e9ea0cd32af76c2c92a3160-744x1039.png?accountingTag=RB
ogn-004-298,https://cmsassets.rgpub.io/sanity/images/dsfx7636/game_data_live/95d476a1e88ff547fb846149619177bc7e3cea9f-744x1039.png?accountingTag=RB
ogn-005-298,https://cmsassets.rgpub.io/sanity/images/dsfx7636/game_data_live/a27374ac3a81f3dfefb43c3c3237c23b4883cb5a-744x1039.png?accountingTag=RB
ogn-006-298,https://cmsassets.rgpub.io/sanity/images/dsfx7636/game_data_live/1f6f5ebd18e5daac30d62626fddd785c4b457c2b-744x1039.png?accountingTag=RB
ogn-007-298,https://cmsassets.rgpub.io/sanity/images/dsfx7636/game_data_live/12bcd0cde5d9ff4640e82945001e9fef863530f1-744x1039.png?accountingTag=RB
ogn-007a-298,https://cmsassets.rgpub.io/sanity/images/dsfx7636/game_data_live/09da06c69d07d4e72dde703737ef167472c715af-1488x2078.png?accountingTag=RB
ogn-008-298,https://cmsassets.rgpub.io/sanity/images/dsfx7636/game_data_live/2906c932c482af17fbb2979a8c42a6992f95d6a6-744x1039.png?accountingTag=RB
ogn-009-298,https://cmsassets.rgpub.io/sanity/images/dsfx7636/game_data_live/1e7d12693822c38377ddc8f15db23e2f9b6d560a-744x1039.png?accountingTag=RB
ogn-010-298,https://cmsassets.rgpub.io/sanity/images/dsfx7636/game_data_live/aedece01c7792c689050460db1670e6b9b15b61f-744x1039.png?accountingTag=RB
ogn-011-298,https://cmsassets.rgpub.io/sanity/images/dsfx7636/game_data_live/f6565b15f65f538804e6a56623c8aa2eedeffc22-744x1039.png?accountingTag=RB
ogn-012-298,https://cmsassets.rgpub.io/sanity/images/dsfx7636/game_data_live/c3bb6f4cb58feeb50e396d12ec9865c5434025af-744x1039.png?accountingTag=RB
ogn-013-298,https://cmsassets.rgpub.io/sanity/images/dsfx7636/game_data_live/d541bf3bcb5aa3ad0d48d87f5753569b72ac426f-744x1039.png?accountingTag=RB
ogn-014-298,https://cmsassets.rgpub.io/sanity/images/dsfx7636/game_data_live/01faae468720dd5bf5e3fe12ba56c01af70263be-744x1039.png?accountingTag=RB
ogn-015-298,https://cmsassets.rgpub.io/sanity/images/dsfx7636/game_data_live/4c65e2cae6748590f589ad8b26bc5a20c0d770c2-744x1039.png?accountingTag=RB
ogn-016-298,https://cmsassets.rgpub.io/sanity/images/dsfx7636/game_data_live/3c02ea9e438d407c739276b788e015ac93843651-744x1039.png?accountingTag=RB
ogn-017-298,https://cmsassets.rgpub.io/sanity/images/dsfx7636/game_data_live/9b5cfe757b6067994e17e284eba46433880a1461-744x1039.png?accountingTag=RB
ogn-018-298,https://cmsassets.rgpub.io/sanity/images/dsfx7636/game_data_live/b78f0c822cb984db24ac3f1956cc8c10f8f88b22-744x1039.png?accountingTag=RB
ogn-019-298,https://cmsassets.rgpub.io/sanity/images/dsfx7636/game_data_live/037647d0decc94ff4a5d53b11cf36afe9d849533-744x1039.png?accountingTag=RB
ogn-020-298,https://cmsassets.rgpub.io/sanity/images/dsfx7636/game_data_live/10f096d2b469fd73329386e5efe88c9bec667d7c-744x1039.png?accountingTag=RB
ogn-021-298,https://cmsassets.rgpub.io/sanity/images/dsfx7636/game_data_live/146d7514f15e6674f471f3aa9c3fadf22c0b634b-744x1039.png?accountingTag=RB
ogn-022-298,https://cmsassets.rgpub.io/sanity/images/dsfx7636/game_data_live/88661e852b864491e6d7f5f087caf4263f61c361-744x1039.png?accountingTag=RB
ogn-023-298,https://cmsassets.rgpub.io/sanity/images/dsfx7636/game_data_live/1a80bedd893d9024fc90f108da36b4fd1d496ad6-744x1039.png?accountingTag=RB
ogn-024-298,https://cmsassets.rgpub.io/sanity/images/dsfx7636/game_data_live/5b64b63c6be58ff3c33c7fb3c2dcb168d64e287e-744x1039.png?accountingTag=RB
ogn-025-298,https://cmsassets.rgpub.io/sanity/images/dsfx7636/game_data_live/d74ba4998df9348408f1400090a0b0737c675fbd-744x1039.png?accountingTag=RB
ogn-026-298,https://cmsassets.rgpub.io/sanity/images/dsfx7636/game_data_live/44e805aa0f2928acf1156eef692403df319b333a-744x1039.png?accountingTag=RB
ogn-027-298,https://cmsassets.rgpub.io/sanity/images/dsfx7636/game_data_live/bf7a4900fd2296972c1305a4707c23860bb0522e-744x1039.png?accountingTag=RB
ogn-027a-298,https://cmsassets.rgpub.io/sanity/images/dsfx7636/game_data_live/df878ecc25160bb7e53b254a609ec243e133e8f1-744x1039.png?accountingTag=RB
ogn-028-298,https://cmsassets.rgpub.io/sanity/images/dsfx7636/game_data_live/7600d6cea66e8146ea2202f72cb9035cb44608a3-744x1039.png?accountingTag=RB
ogn-029-298,https://cmsassets.rgpub.io/sanity/images/dsfx7636/game_data_live/9cf2d2e59e1bf839cdf5c2a77e95f5d1e871788f-744x1039.png?accountingTag=RB
ogn-030-298,https://cmsassets.rgpub.io/sanity/images/dsfx7636/game_data_live/d6cac988aa7798945e550eba6841d3993868c4a4-744x1039.png?accountingTag=RB
ogn-030a-298,https://cmsassets.rgpub.io/sanity/images/dsfx7636/game_data_live/60ff1aec7ecb1b11ff89fdb620c6182897a8b402-744x1039.png?accountingTag=RB
ogn-031-298,https://cmsassets.rgpub.io/sanity/images/dsfx7636/game_data_live/9566fc064c098bd7f3540f3074dc6353c7ca5663-744x1039.png?accountingTag=RB
ogn-032-298,https://cmsassets.rgpub.io/sanity/images/dsfx7636/game_data_live/81f968126026635e5b9a2fa1048fc979fcd13a1d-744x1039.png?accountingTag=RB
ogn-033-298,https://cmsassets.rgpub.io/sanity/images/dsfx7636/game_data_live/ab71d92c94bf609e2fa6efc8fec06fe1e8b10108-744x1039.png?accountingTag=RB
ogn-034-298,https://cmsassets.rgpub.io/sanity/images/dsfx7636/game_data_live/124c93495c927be1baea03fdacf6c7b283cf8b6c-744x1039.png?accountingTag=RB
ogn-035-298,https://cmsassets.rgpub.io/sanity/images/dsfx7636/game_data_live/b38a22e6f4bfaa8589f32754a7466fe5214e81b5-744x1039.png?accountingTag=RB
ogn-036-298,https://cmsassets.rgpub.io/sanity/images/dsfx7636/game_data_live/7ab52254ac49b8853fc7ae65b03aaee3f8c5994a-744x1039.png?accountingTag=RB
ogn-037-298,https://cmsassets.rgpub.io/sanity/images/dsfx7636/game_data_live/7b623ae985bf5f362b6d8d4a17e9b8146aeae3c3-744x1039.png?accountingTag=RB
ogn-038-298,https://cmsassets.rgpub.io/sanity/images/dsfx7636/game_data_live/733c32b1fccc7e2983cbb3586358152f90a6df04-744x1039.png?accountingTag=RB
ogn-039-298,https://cmsassets.rgpub.io/sanity/images/dsfx7636/game_data_live/3d942c02ad4e96a36dba14d663c5105bb6614500-744x1039.png?accountingTag=RB
ogn-039a-298,https://cmsassets.rgpub.io/sanity/images/dsfx7636/game_data_live/ad69bde670ce218adee1d2a618a7295d2fb7bd4c-744x1039.png?accountingTag=RB
ogn-040-298,https://cmsassets.rgpub.io/sanity/images/dsfx7636/game_data_live/fbdd14adb40b0ca46b89f476a356fa21413d812e-744x1039.png?accountingTag=RB
ogn-041-298,https://cmsassets.rgpub.io/sanity/images/dsfx7636/game_data_live/c9165d49b8caae9a856433cd5151e8b368eb80b5-744x1039.png?accountingTag=RB
ogn-041a-298,https://cmsassets.rgpub.io/sanity/images/dsfx7636/game_data_live/744d1b950ae7ef1e6e5b244538a6afb9802e5e3d-744x1039.png?accountingTag=RB
ogn-042-298,https://cmsassets.rgpub.io/sanity/images/dsfx7636/game_data_live/0a0e8c3d16c2595e2f8efcc2b1466226539b506c-744x1039.png?accountingTag=RB
ogn-042a-298,https://cmsassets.rgpub.io/sanity/images/dsfx7636/game_data_live/88187b586b9b3cc2f48fd20c806dd5fc5e1bfc71-1488x2078.png?accountingTag=RB
ogn-043-298,https://cmsassets.rgpub.io/sanity/images/dsfx7636/game_data_live/62ae564505db8fcba70605eac2083ac2d4397b5a-744x1039.png?accountingTag=RB
ogn-044-298,https://cmsassets.rgpub.io/sanity/images/dsfx7636/game_data_live/417e606418349bb25d4b07d460fa043ad85f2778-744x1039.png?accountingTag=RB
ogn-045-298,https://cmsassets.rgpub.io/sanity/images/dsfx7636/game_data_live/4989bfcc4bd7be77051f0c2c349a981ba9c273e0-744x1039.png?accountingTag=RB
ogn-046-298,https://cmsassets.rgpub.io/sanity/images/dsfx7636/game_data_live/03c0ec7eaa5957a62869dad2a0ce40913fc874a9-744x1039.png?accountingTag=RB
ogn-047-298,https://cmsassets.rgpub.io/sanity/images/dsfx7636/game_data_live/cd9d798b496fdce133c5b0106d636a230b6e7ebe-744x1039.png?accountingTag=RB
ogn-048-298,https://cmsassets.rgpub.io/sanity/images/dsfx7636/game_data_live/7103336ab0d7f7bebdaa4155e4258d8d9beb06de-744x1039.png?accountingTag=RB
ogn-049-298,https://cmsassets.rgpub.io/sanity/images/dsfx7636/game_data_live/3171ef8c7968b0dfe088725b9721b19d175bdb1e-744x1039.png?accountingTag=RB
ogn-050-298,https://cmsassets.rgpub.io/sanity/images/dsfx7636/game_data_live/21867baeaced3c22cda5f40f6b6c9a8dad4b7042-744x1039.png?accountingTag=RB
ogn-051-298,https://cmsassets.rgpub.io/sanity/images/dsfx7636/game_data_live/9387ea6480c9fd6991760b07a178c07a5fcf1c57-744x1039.png?accountingTag=RB
ogn-052-298,https://cmsassets.rgpub.io/sanity/images/dsfx7636/game_data_live/c4a5d7178e783c3975749271b6df333a82a2328a-744x1039.png?accountingTag=RB
ogn-053-298,https://cmsassets.rgpub.io/sanity/images/dsfx7636/game_data_live/4d10570e70a998de520d4baba254c3b726caa4f0-744x1039.png?accountingTag=RB
ogn-054-298,https://cmsassets.rgpub.io/sanity/images/dsfx7636/game_data_live/28bce7a662b9008f65565300f828d98790a641e1-744x1039.png?accountingTag=RB
ogn-055-298,https://cmsassets.rgpub.io/sanity/images/dsfx7636/game_data_live/5b38a7758705bd739caf07b5c0c49482a4a23015-744x1039.png?accountingTag=RB
ogn-056-298,https://cmsassets.rgpub.io/sanity/images/dsfx7636/game_data_live/a3ddb00a2a872eaceb96469739531414aa27455d-744x1039.png?accountingTag=RB
ogn-057-298,https://cmsassets.rgpub.io/sanity/images/dsfx7636/game_data_live/36f7352e715fe073631ed85be41408c9a38ab865-744x1039.png?accountingTag=RB
ogn-058-298,https://cmsassets.rgpub.io/sanity/images/dsfx7636/game_data_live/8b9613970b505e3ad6abe2d51d091778314a7d48-744x1039.png?accountingTag=RB
ogn-059-298,https://cmsassets.rgpub.io/sanity/images/dsfx7636/game_data_live/bbe4fec278b8960681f97da658dc2f06ee46c4bd-744x1039.png?accountingTag=RB
ogn-060-298,https://cmsassets.rgpub.io/sanity/images/dsfx7636/game_data_live/03824709acbb4151d13b083a842c4702a3e61221-744x1039.png?accountingTag=RB
ogn-061-298,https://cmsassets.rgpub.io/sanity/images/dsfx7636/game_data_live/166b718a8517fcceac7e7d4f6acbc4fa0bbc2c55-744x1039.png?accountingTag=RB
ogn-062-298,https://cmsassets.rgpub.io/sanity/images/dsfx7636/game_data_live/5bb4ce960c7636dac103c560a2e2f4e32f9d5390-744x1039.png?accountingTag=RB
ogn-063-298,https://cmsassets.rgpub.io/sanity/images/dsfx7636/game_data_live/26d5e54580d1f17ed6c35a66ac6a90ce56c99ec8-744x1039.png?accountingTag=RB
ogn-064-298,https://cmsassets.rgpub.io/sanity/images/dsfx7636/game_data_live/72c4dbe48d06916c847dab40340e5f05228fadfe-744x1039.png?accountingTag=RB
ogn-065-298,https://cmsassets.rgpub.io/sanity/images/dsfx7636/game_data_live/7b98797789ad7e3a6cf52126b82a42ec6f269bb7-744x1039.png?accountingTag=RB
ogn-066-298,https://cmsassets.rgpub.io/sanity/images/dsfx7636/game_data_live/fabbcc2f83f397cf07299236a702db05a151053b-744x1039.png?accountingTag=RB
ogn-066a-298,https://cmsassets.rgpub.io/sanity/images/dsfx7636/game_data_live/933f5d58cc0e27d017982306b9ae0f581c9c8d27-744x1039.png?accountingTag=RB
ogn-067-298,https://cmsassets.rgpub.io/sanity/images/dsfx7636/game_data_live/654dcc4aef0a0b5a0c6e928d7aae397a52c3ab17-744x1039.png?accountingTag=RB
ogn-068-298,https://cmsassets.rgpub.io/sanity/images/dsfx7636/game_data_live/51e6bacf25d19e7c391367ff107efb9e0b9f1ff5-744x1039.png?accountingTag=RB
ogn-069-298,https://cmsassets.rgpub.io/sanity/images/dsfx7636/game_data_live/9062d372d299c5c6a0c679f0ff07ba71590ca5f1-744x1039.png?accountingTag=RB
ogn-070-298,https://cmsassets.rgpub.io/sanity/images/dsfx7636/game_data_live/ae844b929f817cdf76fe40c7bf5d5fc02062bdac-744x1039.png?accountingTag=RB
ogn-071-298,https://cmsassets.rgpub.io/sanity/images/dsfx7636/game_data_live/fddcef3c55663c5d6856f6d039d19cacfd64abb5-744x1039.png?accountingTag=RB
ogn-072-298,https://cmsassets.rgpub.io/sanity/images/dsfx7636/game_data_live/139a6d1c62a717bab4cdd75926e7f4aba6efb15d-744x1039.png?accountingTag=RB
ogn-073-298,https://cmsassets.rgpub.io/sanity/images/dsfx7636/game_data_live/8582f6430821fb912fcb3619c5ce9405f254cb2f-744x1039.png?accountingTag=RB
ogn-074-298,https://cmsassets.rgpub.io/sanity/images/dsfx7636/game_data_live/7d08e3f64401cb87b8a0564a1cbe6fc94aee03a7-744x1039.png?accountingTag=RB
ogn-075-298,https://cmsassets.rgpub.io/sanity/images/dsfx7636/game_data_live/65f69ca9a1087deb12e91fb6fdee7b6efd0c088f-744x1039.png?accountingTag=RB
ogn-076-298,https://cmsassets.rgpub.io/sanity/images/dsfx7636/game_data_live/1643a6c93626884c93363557e1a483642bda6c45-744x1039.png?accountingTag=RB
ogn-076a-298,https://cmsassets.rgpub.io/sanity/images/dsfx7636/game_data_live/3f2cff3ff3b146c8bfe11594e37e9d8109884273-744x1039.png?accountingTag=RB
ogn-077-298,https://cmsassets.rgpub.io/sanity/images/dsfx7636/game_data_live/dc38172c56f838b407fc9f170ba973da32d7cd4d-744x1039.png?accountingTag=RB
ogn-078-298,https://cmsassets.rgpub.io/sanity/images/dsfx7636/game_data_live/c6cc55639ad87cf9c8a74d6b3e5292d0b192c9b8-744x1039.png?accountingTag=RB
ogn-078a-298,https://cmsassets.rgpub.io/sanity/images/dsfx7636/game_data_live/d34a98faacd3f7d32afd6fad99c806f202aa9dad-744x1039.png?accountingTag=RB
ogn-079-298,https://cmsassets.rgpub.io/sanity/images/dsfx7636/game_data_live/3bd1e924bec41b0f733fc8b93dc8918ce5a53ba4-744x1039.png?accountingTag=RB
ogn-079a-298,https://cmsassets.rgpub.io/sanity/images/dsfx7636/game_data_live/451caa433b1fbe8e9d2b86548b82c3c5f2bac620-744x1039.png?accountingTag=RB
ogn-080-298,https://cmsassets.rgpub.io/sanity/images/dsfx7636/game_data_live/298fe91f9d76086b7d77880e11016ed46389b61b-744x1039.png?accountingTag=RB
ogn-081-298,https://cmsassets.rgpub.io/sanity/images/dsfx7636/game_data_live/288c300c4e4cb10ecfe6c3cbb543d0636b306852-744x1039.png?accountingTag=RB
ogn-082-298,https://cmsassets.rgpub.io/sanity/images/dsfx7636/game_data_live/a5cdd793736f915fa1b4ea388af66de7b2bc00cb-744x1039.png?accountingTag=RB
ogn-083-298,https://cmsassets.rgpub.io/sanity/images/dsfx7636/game_data_live/198d950d3933972273ec714e9264cbd563ea6920-744x1039.png?accountingTag=RB
ogn-084-298,https://cmsassets.rgpub.io/sanity/images/dsfx7636/game_data_live/cf6d5447ff3634d8c2c0216cb2e5802fb5ca0b2e-744x1039.png?accountingTag=RB
ogn-085-298,https://cmsassets.rgpub.io/sanity/images/dsfx7636/game_data_live/eaaf300a07d5b2927fe9a601d70f2a01b512cc7e-744x1039.png?accountingTag=RB
ogn-086-298,https://cmsassets.rgpub.io/sanity/images/dsfx7636/game_data_live/775bea14038165fd9feb15c796ed84aa00a032e1-744x1039.png?accountingTag=RB
ogn-087-298,https://cmsassets.rgpub.io/sanity/images/dsfx7636/game_data_live/62e22370dac35c18de21efbfce9c86ca821e9105-744x1039.png?accountingTag=RB
ogn-088-298,https://cmsassets.rgpub.io/sanity/images/dsfx7636/game_data_live/f71db7b62798a2a10a1ab0d293c26ac9dd163c6a-744x1039.png?accountingTag=RB
ogn-089-298,https://cmsassets.rgpub.io/sanity/images/dsfx7636/game_data_live/f99aa4874baaebd2e81798c8a3aa01c5900f6d30-744x1039.png?accountingTag=RB
ogn-089a-298,https://cmsassets.rgpub.io/sanity/images/dsfx7636/game_data_live/ecf8c8632c728520b51cd4bc79036677e96ebdfd-1488x2078.png?accountingTag=RB
ogn-090-298,https://cmsassets.rgpub.io/sanity/images/dsfx7636/game_data_live/fd883b646d1a3cdb1a03b0c19dc62c92ca552f4f-744x1039.png?accountingTag=RB
ogn-091-298,https://cmsassets.rgpub.io/sanity/images/dsfx7636/game_data_live/8023223b55adc44bafe1f8c5f305d3dde6f6d114-744x1039.png?accountingTag=RB
ogn-092-298,https://cmsassets.rgpub.io/sanity/images/dsfx7636/game_data_live/e09bf1fb6d72da31d415ea31ae7413fe7f02d650-744x1039.png?accountingTag=RB
ogn-093-298,https://cmsassets.rgpub.io/sanity/images/dsfx7636/game_data_live/06c34457afd09b828ee0b2862ed51eb31004d888-744x1039.png?accountingTag=RB
ogn-094-298,https://cmsassets.rgpub.io/sanity/images/dsfx7636/game_data_live/ab3db48dcbb12b01151d3a08c2412020380b7ca5-744x1039.png?accountingTag=RB
ogn-095-298,https://cmsassets.rgpub.io/sanity/images/dsfx7636/game_data_live/837a5976192bbf8bdb4086429802167548ecc119-744x1039.png?accountingTag=RB
ogn-096-298,https://cmsassets.rgpub.io/sanity/images/dsfx7636/game_data_live/d84da2c62b1e218a0a74b227c49ce8a953918ebd-744x1039.png?accountingTag=RB
ogn-097-298,https://cmsassets.rgpub.io/sanity/images/dsfx7636/game_data_live/fac53b2216490c99ad7ce11dc5e663a692d6c104-744x1039.png?accountingTag=RB
ogn-098-298,https://cmsassets.rgpub.io/sanity/images/dsfx7636/game_data_live/f0e0a67e9e9b1d45d12d248df78b4e643b70bdc1-744x1039.png?accountingTag=RB
ogn-099-298,https://cmsassets.rgpub.io/sanity/images/dsfx7636/game_data_live/199f21237aeee2582904463a15ec62ce29452c10-744x1039.png?accountingTag=RB
ogn-100-298,https://cmsassets.rgpub.io/sanity/images/dsfx7636/game_data_live/4b6965bd592a5f602ab932094d677b6c85b2372b-744x1039.png?accountingTag=RB
ogn-101-298,https://cmsassets.rgpub.io/sanity/images/dsfx7636/game_data_live/ef5b3125fda91c0d0a02b7e6dfb7d3d5bafa8bd0-744x1039.png?accountingTag=RB
ogn-102-298,https://cmsassets.rgpub.io/sanity/images/dsfx7636/game_data_live/bafb4c68fa9a3eb71fecd0cdffb9e20b9f68d532-744x1039.png?accountingTag=RB
ogn-103-298,https://cmsassets.rgpub.io/sanity/images/dsfx7636/game_data_live/b98b1ff793b6eb263957258742cc83d50fda6537-744x1039.png?accountingTag=RB
ogn-104-298,https://cmsassets.rgpub.io/sanity/images/dsfx7636/game_data_live/71ecf6c06d3110a81ac0f01c726c06921f479a13-744x1039.png?accountingTag=RB
ogn-105-298,https://cmsassets.rgpub.io/sanity/images/dsfx7636/game_data_live/792edce1a64d4a92740aa3fa240e21e161513944-744x1039.png?accountingTag=RB
ogn-106-298,https://cmsassets.rgpub.io/sanity/images/dsfx7636/game_data_live/65c06528f88de1ac207b382d4830ccfdd08a2d12-744x1039.png?accountingTag=RB
ogn-107-298,https://cmsassets.rgpub.io/sanity/images/dsfx7636/game_data_live/93e91aa99eb09baa68dd95b0013a89d9ffde5240-744x1039.png?accountingTag=RB
ogn-108-298,https://cmsassets.rgpub.io/sanity/images/dsfx7636/game_data_live/61d414fc67ff52b9082e282e628dd0916afd8454-744x1039.png?accountingTag=RB
ogn-109-298,https://cmsassets.rgpub.io/sanity/images/dsfx7636/game_data_live/cf51fe8bedf5139e8cc1fc062969949ea7b121f0-744x1039.png?accountingTag=RB
ogn-110-298,https://cmsassets.rgpub.io/sanity/images/dsfx7636/game_data_live/65da19325b6def53d33c07bc1aa8f91fd2f1e723-744x1039.png?accountingTag=RB
ogn-111-298,https://cmsassets.rgpub.io/sanity/images/dsfx7636/game_data_live/5b14a5f9d567c90329c151a8cc72d870b47b1434-744x1039.png?accountingTag=RB
ogn-112-298,https://cmsassets.rgpub.io/sanity/images/dsfx7636/game_data_live/fc4ee60eaedd5c56a9222fd07482b6a86b11baa4-744x1039.png?accountingTag=RB
ogn-112a-298,https://cmsassets.rgpub.io/sanity/images/dsfx7636/game_data_live/2c8c9619d4afd081de548b511000f7c4b849ec1e-744x1039.png?accountingTag=RB
ogn-113-298,https://cmsassets.rgpub.io/sanity/images/dsfx7636/game_data_live/ba1fa3a18b1c2ff132ad536577e53deb49bce1f9-744x1039.png?accountingTag=RB
ogn-114-298,https://cmsassets.rgpub.io/sanity/images/dsfx7636/game_data_live/b15f479a8f29e31b6e4c06cf2d7c8cb8630073ef-744x1039.png?accountingTag=RB
ogn-115-298,https://cmsassets.rgpub.io/sanity/images/dsfx7636/game_data_live/1ea5e7e50aaecee0b2ee2657d3c829dff0718fba-744x1039.png?accountingTag=RB
ogn-116-298,https://cmsassets.rgpub.io/sanity/images/dsfx7636/game_data_live/b20e5644c33924a58e0497dd9f7db19723147003-744x1039.png?accountingTag=RB
ogn-117-298,https://cmsassets.rgpub.io/sanity/images/dsfx7636/game_data_live/35be0b10f13611b4f5d828f2a79001036ab57ba1-744x1039.png?accountingTag=RB
ogn-117a-298,https://cmsassets.rgpub.io/sanity/images/dsfx7636/game_data_live/12dfa6b38edc9b23f216c0a1828474f7506d49c0-744x1039.png?accountingTag=RB
ogn-118-298,https://cmsassets.rgpub.io/sanity/images/dsfx7636/game_data_live/10785ab5267ca3ff2dea081d8d18ba47c3858517-744x1039.png?accountingTag=RB
ogn-119-298,https://cmsassets.rgpub.io/sanity/images/dsfx7636/game_data_live/cfa28e1abcac1db780d11e82985e13ee5978290d-744x1039.png?accountingTag=RB
ogn-119a-298,https://cmsassets.rgpub.io/sanity/images/dsfx7636/game_data_live/7adc5aa8dba66bf918b8140699cb3a74f7b0efb5-744x1039.png?accountingTag=RB
ogn-120-298,https://cmsassets.rgpub.io/sanity/images/dsfx7636/game_data_live/9ee0dc0221f83d569e0f458374e40f7238f306c2-744x1039.png?accountingTag=RB
ogn-121-298,https://cmsassets.rgpub.io/sanity/images/dsfx7636/game_data_live/b05f31bf744972983f61a9f5801b4ffd68fb9ebf-744x1039.png?accountingTag=RB
ogn-121a-298,https://cmsassets.rgpub.io/sanity/images/dsfx7636/game_data_live/0709ab02b75d9acc8f3c4037ec3a4140323150d8-744x1039.png?accountingTag=RB
ogn-122-298,https://cmsassets.rgpub.io/sanity/images/dsfx7636/game_data_live/b97bbcf3cf6cb6e5f4baaa1bfbb85dc860eb950b-744x1039.png?accountingTag=RB
ogn-123-298,https://cmsassets.rgpub.io/sanity/images/dsfx7636/game_data_live/c44cd1f6f41144c770ac79f10e5ae75f0c6d6435-744x1039.png?accountingTag=RB
ogn-124-298,https://cmsassets.rgpub.io/sanity/images/dsfx7636/game_data_live/519306d1d4a36f2d54fe0982268a197a257f5e5d-744x1039.png?accountingTag=RB
ogn-125-298,https://cmsassets.rgpub.io/sanity/images/dsfx7636/game_data_live/474f66ffa1ecebd9e0341d644cb82a3b8135eece-744x1039.png?accountingTag=RB
ogn-126-298,https://cmsassets.rgpub.io/sanity/images/dsfx7636/game_data_live/3b3c3c07626d6180457c849047e0228dc0d19539-744x1039.png?accountingTag=RB
ogn-126a-298,https://cmsassets.rgpub.io/sanity/images/dsfx7636/game_data_live/011081f82cab36f8ec0d6874492512fd7859f59e-1488x2078.png?accountingTag=RB
ogn-127-298,https://cmsassets.rgpub.io/sanity/images/dsfx7636/game_data_live/07ef531829e5c6084a8d31044ebd783a9266f59e-744x1039.png?accountingTag=RB
ogn-128-298,https://cmsassets.rgpub.io/sanity/images/dsfx7636/game_data_live/f5c1aeaee373c481b7ea2a638cd6f9e815ac105d-744x1039.png?accountingTag=RB
ogn-129-298,https://cmsassets.rgpub.io/sanity/images/dsfx7636/game_data_live/691a38a7c344fdb5ee86e34d41321d99754286a7-744x1039.png?accountingTag=RB
ogn-130-298,https://cmsassets.rgpub.io/sanity/images/dsfx7636/game_data_live/9106ab084e02d7a489cb351e98112e5833b0bb11-744x1039.png?accountingTag=RB
ogn-131-298,https://cmsassets.rgpub.io/sanity/images/dsfx7636/game_data_live/ba18bf4a5fa9777a0cb5ae69cc7e6f049bbceaa0-744x1039.png?accountingTag=RB
ogn-132-298,https://cmsassets.rgpub.io/sanity/images/dsfx7636/game_data_live/85e2b436ea482d53563cc5fa955f2a867ee6c32f-744x1039.png?accountingTag=RB
ogn-133-298,https://cmsassets.rgpub.io/sanity/images/dsfx7636/game_data_live/c72f872e7e71b55b2074c5be4f2d7a44fa6fafca-744x1039.png?accountingTag=RB
ogn-134-298,https://cmsassets.rgpub.io/sanity/images/dsfx7636/game_data_live/cb22153e84ce250192b8e6e75e7f4dc0b66a728c-744x1039.png?accountingTag=RB
ogn-135-298,https://cmsassets.rgpub.io/sanity/images/dsfx7636/game_data_live/156a66d7d44165367cc5a470fb35c86f337f9429-744x1039.png?accountingTag=RB
ogn-136-298,https://cmsassets.rgpub.io/sanity/images/dsfx7636/game_data_live/ec19eeaee85c7e5669387a3f6ccb7718f5a0f570-744x1039.png?accountingTag=RB
ogn-137-298,https://cmsassets.rgpub.io/sanity/images/dsfx7636/game_data_live/137e5a1faec1c8b26a5a0abc7802f6461cc725c8-744x1039.png?accountingTag=RB
ogn-138-298,https://cmsassets.rgpub.io/sanity/images/dsfx7636/game_data_live/4753707323ab6f9ac572c097f29f2f76ac62f54f-744x1039.png?accountingTag=RB
ogn-139-298,https://cmsassets.rgpub.io/sanity/images/dsfx7636/game_data_live/6f0931db65e25e0a8d8351ffb97f8deed5dc0aa9-744x1039.png?accountingTag=RB
ogn-140-298,https://cmsassets.rgpub.io/sanity/images/dsfx7636/game_data_live/be49bceea1d328769774fb4daac4732861f6e4fd-744x1039.png?accountingTag=RB
ogn-141-298,https://cmsassets.rgpub.io/sanity/images/dsfx7636/game_data_live/648b22c6f419ee55723247bbf4c3ac10f0be9ab5-744x1039.png?accountingTag=RB
ogn-142-298,https://cmsassets.rgpub.io/sanity/images/dsfx7636/game_data_live/8a9c1d334b217e9bd0b23dfca2054de4d0b90ff1-744x1039.png?accountingTag=RB
ogn-143-298,https://cmsassets.rgpub.io/sanity/images/dsfx7636/game_data_live/1991b64d58cbd3698574f44b404f7a88d6403134-744x1039.png?accountingTag=RB
ogn-144-298,https://cmsassets.rgpub.io/sanity/images/dsfx7636/game_data_live/b8d59d015d6b8e15822b360447fcb364e14d550f-744x1039.png?accountingTag=RB
ogn-145-298,https://cmsassets.rgpub.io/sanity/images/dsfx7636/game_data_live/9afea96ec04ce0c2ee76c4affbf4e6df470e7647-744x1039.png?accountingTag=RB
ogn-146-298,https://cmsassets.rgpub.io/sanity/images/dsfx7636/game_data_live/7bbd2eb8ce224e1872a1c920d7c64d796b2355cd-744x1039.png?accountingTag=RB
ogn-147-298,https://cmsassets.rgpub.io/sanity/images/dsfx7636/game_data_live/7abc938fee4ba397f52c8ea60d350857a7517b0c-744x1039.png?accountingTag=RB
ogn-148-298,https://cmsassets.rgpub.io/sanity/images/dsfx7636/game_data_live/ca1a56035333e31b3a04d67ee9131bb4d533e5db-744x1039.png?accountingTag=RB
ogn-149-298,https://cmsassets.rgpub.io/sanity/images/dsfx7636/game_data_live/5ceaec3452d623931b5ac93d0af26b180b9646de-744x1039.png?accountingTag=RB
ogn-150-298,https://cmsassets.rgpub.io/sanity/images/dsfx7636/game_data_live/51aab4710d000a9c1e665a37ef8c919ff11b0282-744x1039.png?accountingTag=RB
ogn-151-298,https://cmsassets.rgpub.io/sanity/images/dsfx7636/game_data_live/eca1aec1304de9c237751eb0aeed620b9ad0408e-744x1039.png?accountingTag=RB
ogn-151a-298,https://cmsassets.rgpub.io/sanity/images/dsfx7636/game_data_live/68d9364d3138e06a25724a0aaae0b7226472cd68-744x1039.png?accountingTag=RB
ogn-152-298,https://cmsassets.rgpub.io/sanity/images/dsfx7636/game_data_live/1cedf0dcd6c4a44ae867e9f04f9f179d9b91c357-744x1039.png?accountingTag=RB
ogn-153-298,https://cmsassets.rgpub.io/sanity/images/dsfx7636/game_data_live/69dba13c930ba3962851346d2bc6cbeb4ca48455-744x1039.png?accountingTag=RB
ogn-154-298,https://cmsassets.rgpub.io/sanity/images/dsfx7636/game_data_live/dfd910a9836cd36340d0ffdb5fe8cb92a1069963-744x1039.png?accountingTag=RB
ogn-155-298,https://cmsassets.rgpub.io/sanity/images/dsfx7636/game_data_live/90d1a07ef0c6c8282e6eee77e479254f50752eb2-744x1039.png?accountingTag=RB
ogn-156-298,https://cmsassets.rgpub.io/sanity/images/dsfx7636/game_data_live/70f186b85fd224ee23dcf64957f0fab835d28040-744x1039.png?accountingTag=RB
ogn-157-298,https://cmsassets.rgpub.io/sanity/images/dsfx7636/game_data_live/2e461e5d05b5ee86e47a425c42c6f3b3c12bc4cf-744x1039.png?accountingTag=RB
ogn-158-298,https://cmsassets.rgpub.io/sanity/images/dsfx7636/game_data_live/bcb15f95f4a72f8b070a3b1cd54e6482fe1a4b3e-744x1039.png?accountingTag=RB
ogn-158a-298,https://cmsassets.rgpub.io/sanity/images/dsfx7636/game_data_live/faceb90b6a46e79eadba43871b8cffe1ec5037a7-744x1039.png?accountingTag=RB
ogn-159-298,https://cmsassets.rgpub.io/sanity/images/dsfx7636/game_data_live/fcbf878905001fa81858e9f081346fd05425f264-744x1039.png?accountingTag=RB
ogn-160-298,https://cmsassets.rgpub.io/sanity/images/dsfx7636/game_data_live/c023856a50c75058465f283d181277ce265ba108-744x1039.png?accountingTag=RB
ogn-161-298,https://cmsassets.rgpub.io/sanity/images/dsfx7636/game_data_live/112b4b3847b26ea2d245ac0976717d109be7b032-744x1039.png?accountingTag=RB
ogn-162-298,https://cmsassets.rgpub.io/sanity/images/dsfx7636/game_data_live/3c7b219245cd6c6ee835974dd74771bc605289de-744x1039.png?accountingTag=RB
ogn-162a-298,https://cmsassets.rgpub.io/sanity/images/dsfx7636/game_data_live/6a7a0dfa952259993fa0d8998a820585ff4f81c6-744x1039.png?accountingTag=RB
ogn-163-298,https://cmsassets.rgpub.io/sanity/images/dsfx7636/game_data_live/415644b2798348e3d7198ec900cc40aaa4eb8bdf-744x1039.png?accountingTag=RB
ogn-164-298,https://cmsassets.rgpub.io/sanity/images/dsfx7636/game_data_live/00ddd4d478f2e49e18a60ed67f4d1452041b7da3-744x1039.png?accountingTag=RB
ogn-164a-298,https://cmsassets.rgpub.io/sanity/images/dsfx7636/game_data_live/26e65c15e8a1ce1a9cd60d96345c7916e67e00ac-744x1039.png?accountingTag=RB
ogn-165-298,https://cmsassets.rgpub.io/sanity/images/dsfx7636/game_data_live/6bbbe6923105c53fc6b2a44430db940e009609b6-744x1039.png?accountingTag=RB
ogn-166-298,https://cmsassets.rgpub.io/sanity/images/dsfx7636/game_data_live/daf23b0deaa5e1a5a5d310b59e9ad25d1bd70363-744x1039.png?accountingTag=RB
ogn-166a-298,https://cmsassets.rgpub.io/sanity/images/dsfx7636/game_data_live/fbcde2f71fcc06fb8afc83855e24447a393f8943-1488x2078.png?accountingTag=RB
ogn-167-298,https://cmsassets.rgpub.io/sanity/images/dsfx7636/game_data_live/0441f70a7acc377d8cbe08559b7a2fc3139c903b-744x1039.png?accountingTag=RB
ogn-168-298,https://cmsassets.rgpub.io/sanity/images/dsfx7636/game_data_live/2e7c7ad72889878e2dd5932d203814b185e74a87-744x1039.png?accountingTag=RB
ogn-169-298,https://cmsassets.rgpub.io/sanity/images/dsfx7636/game_data_live/dfd3b161ab76ba0c5d503384f1289b3395434b10-744x1039.png?accountingTag=RB
ogn-170-298,https://cmsassets.rgpub.io/sanity/images/dsfx7636/game_data_live/33b5ca4e580b94f2056bd884a4a35e8c630920a2-744x1039.png?accountingTag=RB
ogn-171-298,https://cmsassets.rgpub.io/sanity/images/dsfx7636/game_data_live/11af57d045768e886d05e1c0933b0d57cb1e459d-744x1039.png?accountingTag=RB
ogn-172-298,https://cmsassets.rgpub.io/sanity/images/dsfx7636/game_data_live/c8e1ad72e9d562f9267c1512f29e9c04dc5cc15f-744x1039.png?accountingTag=RB
ogn-173-298,https://cmsassets.rgpub.io/sanity/images/dsfx7636/game_data_live/864d9f8992db7f9a9e795d9438d941ca564ddde7-744x1039.png?accountingTag=RB
ogn-174-298,https://cmsassets.rgpub.io/sanity/images/dsfx7636/game_data_live/eab1fc8c95931519319c4c80681a261d75214c48-744x1039.png?accountingTag=RB
ogn-175-298,https://cmsassets.rgpub.io/sanity/images/dsfx7636/game_data_live/000634f32b897638760b82e5365961f6d85bc0cb-744x1039.png?accountingTag=RB
ogn-176-298,https://cmsassets.rgpub.io/sanity/images/dsfx7636/game_data_live/6f95b6aac293d8e477192281df47d8466da502bf-744x1039.png?accountingTag=RB
ogn-177-298,https://cmsassets.rgpub.io/sanity/images/dsfx7636/game_data_live/ab23fd84badd67e9981512acbe6c3e9a8f97f42d-744x1039.png?accountingTag=RB
ogn-178-298,https://cmsassets.rgpub.io/sanity/images/dsfx7636/game_data_live/3e4e318c0cc97b13646ee454da71046a09236e47-744x1039.png?accountingTag=RB
ogn-179-298,https://cmsassets.rgpub.io/sanity/images/dsfx7636/game_data_live/b2b470bab1ae511ab9de0b1ce576e2050532a081-744x1039.png?accountingTag=RB
ogn-180-298,https://cmsassets.rgpub.io/sanity/images/dsfx7636/game_data_live/a2b366942f1a7ec1f4bd3c1b17e10356214705d7-744x1039.png?accountingTag=RB
ogn-181-298,https://cmsassets.rgpub.io/sanity/images/dsfx7636/game_data_live/a0830f326c49abe7fb1d3c9787e7ce5d7b776eec-744x1039.png?accountingTag=RB
ogn-182-298,https://cmsassets.rgpub.io/sanity/images/dsfx7636/game_data_live/0c059786e89a2443221b7c0b8ca39779dcc9c755-744x1038.png?accountingTag=RB
ogn-183-298,https://cmsassets.rgpub.io/sanity/images/dsfx7636/game_data_live/fdcb22cb620a4c1c37920d6b744edb615647cbd4-744x1039.png?accountingTag=RB
ogn-184-298,https://cmsassets.rgpub.io/sanity/images/dsfx7636/game_data_live/cafdd212b542243e10e5fac587616ab77e3d9cf1-744x1039.png?accountingTag=RB
ogn-185-298,https://cmsassets.rgpub.io/sanity/images/dsfx7636/game_data_live/b7dbebe2bf5691391c8e4146e478b8bd2ac40aef-744x1039.png?accountingTag=RB
ogn-186-298,https://cmsassets.rgpub.io/sanity/images/dsfx7636/game_data_live/682f5ee828ede4dbaf428cd0666db64ee8bae722-744x1039.png?accountingTag=RB
ogn-187-298,https://cmsassets.rgpub.io/sanity/images/dsfx7636/game_data_live/24f5e0a8811b5a0e0930c0f6476600e2a37a5f93-744x1039.png?accountingTag=RB
ogn-188-298,https://cmsassets.rgpub.io/sanity/images/dsfx7636/game_data_live/0f4e8258e3920e4a4654cfe74faf8c266f2aa5dd-744x1039.png?accountingTag=RB
ogn-189-298,https://cmsassets.rgpub.io/sanity/images/dsfx7636/game_data_live/a1ce0e784264748f170bebb3b26a09a7f55efe0f-744x1039.png?accountingTag=RB
ogn-190-298,https://cmsassets.rgpub.io/sanity/images/dsfx7636/game_data_live/1ba2b780619714f2bf97597a180f3b118f4faf55-744x1039.png?accountingTag=RB
ogn-191-298,https://cmsassets.rgpub.io/sanity/images/dsfx7636/game_data_live/0f3a2ab8e5894e0dd1b625ee29f3304e7832ef9a-744x1039.png?accountingTag=RB
ogn-192-298,https://cmsassets.rgpub.io/sanity/images/dsfx7636/game_data_live/8753058698cff6455da6cccd13a7fe901a164051-744x1039.png?accountingTag=RB
ogn-193-298,https://cmsassets.rgpub.io/sanity/images/dsfx7636/game_data_live/e6ff9ad3d6e2b96ff76cda4c7bc75415c1cdcced-744x1039.png?accountingTag=RB
ogn-193a-298,https://cmsassets.rgpub.io/sanity/images/dsfx7636/game_data_live/8fde2eeb516af55b24467569aa982037f5b67b89-744x1039.png?accountingTag=RB
ogn-194-298,https://cmsassets.rgpub.io/sanity/images/dsfx7636/game_data_live/19a751364bc6eb5297596e8733d0d30a1111ac78-744x1039.png?accountingTag=RB
ogn-195-298,https://cmsassets.rgpub.io/sanity/images/dsfx7636/game_data_live/e34fe8a9ee533dee99f96b4e6677d1edbd6a262d-744x1039.png?accountingTag=RB
ogn-196-298,https://cmsassets.rgpub.io/sanity/images/dsfx7636/game_data_live/439c4fa7c8c47cba41df8bce3fe3c8068d297382-744x1039.png?accountingTag=RB
ogn-197-298,https://cmsassets.rgpub.io/sanity/images/dsfx7636/game_data_live/ca8a2e11dd78dd09ad1c9ad3a23e5699254b947e-744x1039.png?accountingTag=RB
ogn-197a-298,https://cmsassets.rgpub.io/sanity/images/dsfx7636/game_data_live/404a8aa0061b58611bd913b58dd01d99fdb8087d-744x1039.png?accountingTag=RB
ogn-198-298,https://cmsassets.rgpub.io/sanity/images/dsfx7636/game_data_live/6914034f56dd50ab37df26e3541c997479bb5a6d-744x1039.png?accountingTag=RB
ogn-199-298,https://cmsassets.rgpub.io/sanity/images/dsfx7636/game_data_live/bad355dba8b32d1fba33dc3924cad6a34b61b5af-744x1039.png?accountingTag=RB
ogn-200-298,https://cmsassets.rgpub.io/sanity/images/dsfx7636/game_data_live/9eff1a038528c4d633196f13259670d84b74c2a8-744x1039.png?accountingTag=RB
ogn-201-298,https://cmsassets.rgpub.io/sanity/images/dsfx7636/game_data_live/b916326fdcf61af4630d953c7540a4aa97e6db01-744x1039.png?accountingTag=RB
ogn-202-298,https://cmsassets.rgpub.io/sanity/images/dsfx7636/game_data_live/a7fe105f40df66525be51bd18e25506945a7b027-744x1039.png?accountingTag=RB
ogn-202a-298,https://cmsassets.rgpub.io/sanity/images/dsfx7636/game_data_live/da4c4f96081b4c0e151dba74a0ef6eae338478f0-744x1039.png?accountingTag=RB
ogn-203-298,https://cmsassets.rgpub.io/sanity/images/dsfx7636/game_data_live/f26462174fd01407f25f7d49a70862d2b9af35cc-744x1039.png?accountingTag=RB
ogn-204-298,https://cmsassets.rgpub.io/sanity/images/dsfx7636/game_data_live/dd8433e77e46ca77aaf0be35d1774218d9a2f037-744x1039.png?accountingTag=RB
ogn-205-298,https://cmsassets.rgpub.io/sanity/images/dsfx7636/game_data_live/f5ba378ce4dad16d17e001814e091d5f484f2681-744x1039.png?accountingTag=RB
ogn-205a-298,https://cmsassets.rgpub.io/sanity/images/dsfx7636/game_data_live/35f7ca6802af48585af55d23cf7675a8922d8535-744x1039.png?accountingTag=RB
ogn-206-298,https://cmsassets.rgpub.io/sanity/images/dsfx7636/game_data_live/7f5585dcd3e9c7866e3b99cb169a0404ea4c010f-744x1039.png?accountingTag=RB
ogn-207-298,https://cmsassets.rgpub.io/sanity/images/dsfx7636/game_data_live/ced53bc3fb15f263471067fc3868295b09e62a07-744x1039.png?accountingTag=RB
ogn-208-298,https://cmsassets.rgpub.io/sanity/images/dsfx7636/game_data_live/c1c2c08fa0032a245c1ffee6ba29fff2826bd468-744x1039.png?accountingTag=RB
ogn-209-298,https://cmsassets.rgpub.io/sanity/images/dsfx7636/game_data_live/49338a4b31727c6ef50e7dbc54e7004dcd2b6f4c-744x1039.png?accountingTag=RB
ogn-210-298,https://cmsassets.rgpub.io/sanity/images/dsfx7636/game_data_live/41dee7ec46124c261352595cfbd8a6d38d32b947-744x1039.png?accountingTag=RB
ogn-211-298,https://cmsassets.rgpub.io/sanity/images/dsfx7636/game_data_live/b41107b7456a2a38d203983b1e504e3789d6b6ea-744x1039.png?accountingTag=RB
ogn-212-298,https://cmsassets.rgpub.io/sanity/images/dsfx7636/game_data_live/8e6a76d28590bcd835b0a9a1e806fe0fa6883141-744x1039.png?accountingTag=RB
ogn-213-298,https://cmsassets.rgpub.io/sanity/images/dsfx7636/game_data_live/0437ab8a0b67f43ef5483a103bbae9e57fd05822-744x1039.png?accountingTag=RB
ogn-214-298,https://cmsassets.rgpub.io/sanity/images/dsfx7636/game_data_live/35ec6fdd2124324bb7052cba31c8c44f2e98f3ae-744x1039.png?accountingTag=RB
ogn-214a-298,https://cmsassets.rgpub.io/sanity/images/dsfx7636/game_data_live/0e4904221c3bbbfcfde1734bc414dbe97c67e295-1488x2078.png?accountingTag=RB
ogn-215-298,https://cmsassets.rgpub.io/sanity/images/dsfx7636/game_data_live/29e062c4a38c0be12056568a2f8563557e2611c6-744x1039.png?accountingTag=RB
ogn-216-298,https://cmsassets.rgpub.io/sanity/images/dsfx7636/game_data_live/75b6ce420888035b566c3795cabe0999a9a918b0-744x1039.png?accountingTag=RB
ogn-217-298,https://cmsassets.rgpub.io/sanity/images/dsfx7636/game_data_live/19ad6a0e743b56021b9651a2105034a488e172e8-744x1039.png?accountingTag=RB
ogn-218-298,https://cmsassets.rgpub.io/sanity/images/dsfx7636/game_data_live/f0c9ddb2af7a0d4991938cf1e3058eb0f5d2e357-744x1039.png?accountingTag=RB
ogn-219-298,https://cmsassets.rgpub.io/sanity/images/dsfx7636/game_data_live/6bcff5c718cfcff1c2466bf5e1a2a1ea9a9cf09b-744x1039.png?accountingTag=RB
ogn-220-298,https://cmsassets.rgpub.io/sanity/images/dsfx7636/game_data_live/b7cddc717b886bb955b900ffaae4db9154a19280-744x1039.png?accountingTag=RB
ogn-221-298,https://cmsassets.rgpub.io/sanity/images/dsfx7636/game_data_live/fc6ab617f1ce20c82ed76dc6446d42d416c08b34-744x1039.png?accountingTag=RB
ogn-222-298,https://cmsassets.rgpub.io/sanity/images/dsfx7636/game_data_live/45a69adf92b6951c8c8fa974273c22aade312068-744x1039.png?accountingTag=RB
ogn-223-298,https://cmsassets.rgpub.io/sanity/images/dsfx7636/game_data_live/bb56433bc032fd31a957923c43babc48b66db24c-744x1039.png?accountingTag=RB
ogn-224-298,https://cmsassets.rgpub.io/sanity/images/dsfx7636/game_data_live/9bdbac358e7c9415c1354b6d1f6888dcf9c5519b-744x1039.png?accountingTag=RB
ogn-225-298,https://cmsassets.rgpub.io/sanity/images/dsfx7636/game_data_live/02fd791fdaa7d1c63221655e889fb412de103ca2-744x1039.png?accountingTag=RB
ogn-226-298,https://cmsassets.rgpub.io/sanity/images/dsfx7636/game_data_live/c8aebd03c8722d485ebfc38774488778c756ff5c-744x1039.png?accountingTag=RB
ogn-227-298,https://cmsassets.rgpub.io/sanity/images/dsfx7636/game_data_live/d4f746c396df48623ef8a4df763b5deb47f59339-744x1039.png?accountingTag=RB
ogn-228-298,https://cmsassets.rgpub.io/sanity/images/dsfx7636/game_data_live/9718c666cbf789a572760c826d0a06b26b787ae5-744x1039.png?accountingTag=RB
ogn-229-298,https://cmsassets.rgpub.io/sanity/images/dsfx7636/game_data_live/a21e2ffee47ecdd1575bf48edb8c2a84722cc6b9-744x1039.png?accountingTag=RB
ogn-230-298,https://cmsassets.rgpub.io/sanity/images/dsfx7636/game_data_live/ec0be8d2a79196b689fccf9ee42ce8baa7e9c35e-744x1039.png?accountingTag=RB
ogn-231-298,https://cmsassets.rgpub.io/sanity/images/dsfx7636/game_data_live/1183be5effc6275f17da09b983feb36632752af4-744x1039.png?accountingTag=RB
ogn-232-298,https://cmsassets.rgpub.io/sanity/images/dsfx7636/game_data_live/24d4d1997e6a5b145412e402fc69399d590ecda0-744x1039.png?accountingTag=RB
ogn-233-298,https://cmsassets.rgpub.io/sanity/images/dsfx7636/game_data_live/bda7514aefa94ac3f368690cdd2d0f955d44c089-744x1039.png?accountingTag=RB
ogn-234-298,https://cmsassets.rgpub.io/sanity/images/dsfx7636/game_data_live/00bc15bc1c2f5b8e6d1713819998df1c04864dcb-744x1039.png?accountingTag=RB
ogn-235-298,https://cmsassets.rgpub.io/sanity/images/dsfx7636/game_data_live/aca8664b334f2fa40cc7bae2811dd4e1b4f06388-744x1039.png?accountingTag=RB
ogn-236-298,https://cmsassets.rgpub.io/sanity/images/dsfx7636/game_data_live/df3497ce6a602da554813340f572240675c7f0e2-744x1039.png?accountingTag=RB
ogn-237-298,https://cmsassets.rgpub.io/sanity/images/dsfx7636/game_data_live/ec1b8b98e1ca7a34939322883309c71605bb8bc5-744x1039.png?accountingTag=RB
ogn-238-298,https://cmsassets.rgpub.io/sanity/images/dsfx7636/game_data_live/39a1e121031cfb4bdb009b071ed5d70411966cd9-744x1039.png?accountingTag=RB
ogn-238a-298,https://cmsassets.rgpub.io/sanity/images/dsfx7636/game_data_live/1ed0250f1d3bbbbde49b3ce1fc2e744e4da64baa-744x1039.png?accountingTag=RB
ogn-239-298,https://cmsassets.rgpub.io/sanity/images/dsfx7636/game_data_live/ad15d4ff89548e83dcede9b209b12233652cf3a1-744x1039.png?accountingTag=RB
ogn-240-298,https://cmsassets.rgpub.io/sanity/images/dsfx7636/game_data_live/bd43f1dcef824b66f1af994b59b961fc3705f9c3-744x1039.png?accountingTag=RB
ogn-240a-298,https://cmsassets.rgpub.io/sanity/images/dsfx7636/game_data_live/010bbd89c60c57dc508f6b22201d31bb188f84d6-744x1039.png?accountingTag=RB
ogn-241-298,https://cmsassets.rgpub.io/sanity/images/dsfx7636/game_data_live/25f3a9fa33201278ebf475b2d02dae8c0c0cb20c-744x1039.png?accountingTag=RB
ogn-242-298,https://cmsassets.rgpub.io/sanity/images/dsfx7636/game_data_live/7b4e6a1e32878a7d5fe4e40869c83e47ea08de7c-744x1039.png?accountingTag=RB
ogn-243-298,https://cmsassets.rgpub.io/sanity/images/dsfx7636/game_data_live/7b71cf13a07074a6eccbe88ae6c74133d989cb68-744x1039.png?accountingTag=RB
ogn-243a-298,https://cmsassets.rgpub.io/sanity/images/dsfx7636/game_data_live/76a697f29d4fc3cd9a5e9a0ce79f229d26bc0c90-744x1039.png?accountingTag=RB
ogn-244-298,https://cmsassets.rgpub.io/sanity/images/dsfx7636/game_data_live/995778eea2e24fdc62ade38c2baa25b9f1e6ab79-744x1039.png?accountingTag=RB
ogn-245-298,https://cmsassets.rgpub.io/sanity/images/dsfx7636/game_data_live/e6fbd41d69bc0d235ea7993d2e9fa74e75e17dff-744x1039.png?accountingTag=RB
ogn-246-298,https://cmsassets.rgpub.io/sanity/images/dsfx7636/game_data_live/ab390d6d074c3f07abba000cc166faa1796ec464-744x1039.png?accountingTag=RB
ogn-246a-298,https://cmsassets.rgpub.io/sanity/images/dsfx7636/game_data_live/19b66f8eccd6d6e9d41048f73e44660f1cf77068-744x1039.png?accountingTag=RB
ogn-247-298,https://cmsassets.rgpub.io/sanity/images/dsfx7636/game_data_live/3ea826277086945a2cdfda4e41b771075aa8b15b-744x1039.png?accountingTag=RB
ogn-248-298,https://cmsassets.rgpub.io/sanity/images/dsfx7636/game_data_live/8df37f633d3da734f3f2d85808a7cb9eadec1b04-744x1039.png?accountingTag=RB
ogn-249-298,https://cmsassets.rgpub.io/sanity/images/dsfx7636/game_data_live/8ef9c1827ccbba313d4591275e831854afffa5b1-744x1039.png?accountingTag=RB
ogn-250-298,https://cmsassets.rgpub.io/sanity/images/dsfx7636/game_data_live/d86c4137cc7f77f103cd7d6228125df8cb9a54e1-744x1039.png?accountingTag=RB
ogn-251-298,https://cmsassets.rgpub.io/sanity/images/dsfx7636/game_data_live/f57c14381b126e9f5a7b5bc4913151cb24c14fc3-744x1039.png?accountingTag=RB
ogn-252-298,https://cmsassets.rgpub.io/sanity/images/dsfx7636/game_data_live/95d6fd4d7944e759cfe7ee5e208fa329b719333b-744x1039.png?accountingTag=RB
ogn-253-298,https://cmsassets.rgpub.io/sanity/images/dsfx7636/game_data_live/5b9a904048b7fb936377844ec2d31564b7fedf81-744x1039.png?accountingTag=RB
ogn-254-298,https://cmsassets.rgpub.io/sanity/images/dsfx7636/game_data_live/57f646b0393b58b657cfabf66357d9fc4a34e046-744x1039.png?accountingTag=RB
ogn-255-298,https://cmsassets.rgpub.io/sanity/images/dsfx7636/game_data_live/56457c7986d3f140b7123a988149cc30a83493a7-744x1039.png?accountingTag=RB
ogn-256-298,https://cmsassets.rgpub.io/sanity/images/dsfx7636/game_data_live/7ad9d6a46a1c54080d54950a0044da3a82e32b45-744x1039.png?accountingTag=RB
ogn-257-298,https://cmsassets.rgpub.io/sanity/images/dsfx7636/game_data_live/ffe064e002d3b9a366748eb85102a769b2545835-744x1039.png?accountingTag=RB
ogn-258-298,https://cmsassets.rgpub.io/sanity/images/dsfx7636/game_data_live/7f4cbd4fb340cc13b3fbe0ec0db706464d9b29f4-744x1039.png?accountingTag=RB
ogn-259-298,https://cmsassets.rgpub.io/sanity/images/dsfx7636/game_data_live/33e3d5596de0f560087d40414d62b8245d1dbb0d-744x1039.png?accountingTag=RB
ogn-260-298,https://cmsassets.rgpub.io/sanity/images/dsfx7636/game_data_live/e7e6dc840210124825f787095541a66ae5cea178-744x1039.png?accountingTag=RB
ogn-261-298,https://cmsassets.rgpub.io/sanity/images/dsfx7636/game_data_live/822b8bc7987a47498550708b18ef166b121fd620-744x1039.png?accountingTag=RB
ogn-262-298,https://cmsassets.rgpub.io/sanity/images/dsfx7636/game_data_live/a572f0bc3ed1bd47c5759d36f5b951b15338e57e-744x1039.png?accountingTag=RB
ogn-263-298,https://cmsassets.rgpub.io/sanity/images/dsfx7636/game_data_live/9723181e3392bb61c2aabc804a44f7b0558cedf1-744x1039.png?accountingTag=RB
ogn-264-298,https://cmsassets.rgpub.io/sanity/images/dsfx7636/game_data_live/3a1f70e49f1fdbac907a3395f517e96717e8afea-744x1039.png?accountingTag=RB
ogn-265-298,https://cmsassets.rgpub.io/sanity/images/dsfx7636/game_data_live/913236dabf1e4f71650bbba46870fff8163e2eff-744x1039.png?accountingTag=RB
ogn-266-298,https://cmsassets.rgpub.io/sanity/images/dsfx7636/game_data_live/b449170ba312711c82708d1fea2b044822ce5eaa-744x1039.png?accountingTag=RB
ogn-267-298,https://cmsassets.rgpub.io/sanity/images/dsfx7636/game_data_live/e0635cebc3dd8ee5355dbbc090ca27ebeacebad7-744x1039.png?accountingTag=RB
ogn-268-298,https://cmsassets.rgpub.io/sanity/images/dsfx7636/game_data_live/96ed7f6b121a7f46003534393350838efe2776f0-744x1039.png?accountingTag=RB
ogn-269-298,https://cmsassets.rgpub.io/sanity/images/dsfx7636/game_data_live/b132becb843b2cf418cb110ead64758f49f51554-744x1039.png?accountingTag=RB
ogn-270-298,https://cmsassets.rgpub.io/sanity/images/dsfx7636/game_data_live/c9b6f7a7cca1589fb53276f74ac8bc547b31e5ec-744x1039.png?accountingTag=RB
ogn-271-298,https://cmsassets.rgpub.io/sanity/images/dsfx7636/game_data_live/7c3362dc6e6e6fb724ef31b061a44d2976f5b01f-744x1039.png?accountingTag=RB
ogn-272-298,https://cmsassets.rgpub.io/sanity/images/dsfx7636/game_data_live/c168ca334739090a060710dfc440982c3462ac8c-744x1039.png?accountingTag=RB
ogn-273-298,https://cmsassets.rgpub.io/sanity/images/dsfx7636/game_data_live/d93ec9a524a2989b9d7ef23c6fc02e8ce39959c2-744x1039.png?accountingTag=RB
ogn-274-298,https://cmsassets.rgpub.io/sanity/images/dsfx7636/game_data_live/055892752559d2d3d32e76f491a7a0b540e1a669-744x1039.png?accountingTag=RB
ogn-275-298,https://cmsassets.rgpub.io/sanity/images/dsfx7636/game_data_live/2392529560dc9af72596c6fc65b4c0356bbc44d1-1038x744.png?accountingTag=RB
ogn-276-298,https://cmsassets.rgpub.io/sanity/images/dsfx7636/game_data_live/9301593f3800e68427469d38181b578a672473c3-1038x744.png?accountingTag=RB
ogn-277-298,https://cmsassets.rgpub.io/sanity/images/dsfx7636/game_data_live/3e9f659a32e390b45bc87a01bdd6af4a8a3565f7-1038x744.png?accountingTag=RB
ogn-278-298,https://cmsassets.rgpub.io/sanity/images/dsfx7636/game_data_live/538f93a34006c4afaddb890cbc75b4db222f1783-1038x744.png?accountingTag=RB
ogn-279-298,https://cmsassets.rgpub.io/sanity/images/dsfx7636/game_data_live/45363bbd907f4f3717868cb04b3cfed814b3bb32-1038x744.png?accountingTag=RB
ogn-280-298,https://cmsassets.rgpub.io/sanity/images/dsfx7636/game_data_live/1574863000ab23d69cbd388a32b1a09f29f78d5f-1038x744.png?accountingTag=RB
ogn-281-298,https://cmsassets.rgpub.io/sanity/images/dsfx7636/game_data_live/3e37a8cafd836680f82c31894de7f84818ebd952-1038x744.png?accountingTag=RB
ogn-282-298,https://cmsassets.rgpub.io/sanity/images/dsfx7636/game_data_live/8767d9ed30e2873d3fa1045f973be229da56175d-1038x744.png?accountingTag=RB
ogn-283-298,https://cmsassets.rgpub.io/sanity/images/dsfx7636/game_data_live/c03ed3ddf8b764963e4b0745e86a12a5ebcef2a3-1038x744.png?accountingTag=RB
ogn-284-298,https://cmsassets.rgpub.io/sanity/images/dsfx7636/game_data_live/0ef4890cdc3145616fcf41290a13c63b1afe4e0d-1038x744.png?accountingTag=RB
ogn-285-298,https://cmsassets.rgpub.io/sanity/images/dsfx7636/game_data_live/7d99fe84c9b815463198b5dbad694759940cac12-1038x744.png?accountingTag=RB
ogn-286-298,https://cmsassets.rgpub.io/sanity/images/dsfx7636/game_data_live/6b7d867487efcbefa8c3d67043a839497ec50388-1038x744.png?accountingTag=RB
ogn-287-298,https://cmsassets.rgpub.io/sanity/images/dsfx7636/game_data_live/9b795e7a2af421aabc01dc6f35c0b5d547fe3c0e-1038x744.png?accountingTag=RB
ogn-288-298,https://cmsassets.rgpub.io/sanity/images/dsfx7636/game_data_live/05adde1d8ab40e2a2f832a89ac5c9174ee78796f-1038x744.png?accountingTag=RB
ogn-289-298,https://cmsassets.rgpub.io/sanity/images/dsfx7636/game_data_live/6ff1b34ad231645910f670496e1662de0b545a44-1038x744.png?accountingTag=RB
ogn-290-298,https://cmsassets.rgpub.io/sanity/images/dsfx7636/game_data_live/2afd8bdfdd42b1595af0746a6c6b92879ac770d6-1038x744.png?accountingTag=RB
ogn-291-298,https://cmsassets.rgpub.io/sanity/images/dsfx7636/game_data_live/f14fe78f2b7f3909eadb07bce24bd582e190653d-1038x744.png?accountingTag=RB
ogn-292-298,https://cmsassets.rgpub.io/sanity/images/dsfx7636/game_data_live/f382c2c2442959f2a8905de2be7d202458918a04-1040x744.png?accountingTag=RB
ogn-293-298,https://cmsassets.rgpub.io/sanity/images/dsfx7636/game_data_live/f9ca8d04cb269ad99bca7e6dae874cad1bec336a-1038x744.png?accountingTag=RB
ogn-294-298,https://cmsassets.rgpub.io/sanity/images/dsfx7636/game_data_live/3788cf718e716e35a7fa20ec1dc56991644e6484-1038x744.png?accountingTag=RB
ogn-295-298,https://cmsassets.rgpub.io/sanity/images/dsfx7636/game_data_live/f374b90a0bec11a5f423e7d4ebd869ab1a146471-1038x744.png?accountingTag=RB
ogn-296-298,https://cmsassets.rgpub.io/sanity/images/dsfx7636/game_data_live/14a52a367fd41fd84745e050e62d1f281f733467-1038x744.png?accountingTag=RB
ogn-297-298,https://cmsassets.rgpub.io/sanity/images/dsfx7636/game_data_live/aba557a4053fd76c6aa95b2b907ec682bad70d9f-1038x744.png?accountingTag=RB
ogn-298-298,https://cmsassets.rgpub.io/sanity/images/dsfx7636/game_data_live/458ee40086c77b43b98c2decbaf33a4aa2359bb9-1038x744.png?accountingTag=RB
ogn-299-star-298,https://cmsassets.rgpub.io/sanity/images/dsfx7636/game_data_live/ae8e68af43400f61f7391c0a6ee339fd718a7540-1488x2078.png?accountingTag=RB
ogn-299-298,https://cmsassets.rgpub.io/sanity/images/dsfx7636/game_data_live/57e13462b8fea9a5cfa1b424d3ad3005f37b00ad-1488x2078.png?accountingTag=RB
ogn-300-star-298,https://cmsassets.rgpub.io/sanity/images/dsfx7636/game_data_live/d5a629ce373a6add09bfacc4b584e509c6332334-1488x2078.png?accountingTag=RB
ogn-300-298,https://cmsassets.rgpub.io/sanity/images/dsfx7636/game_data_live/34aa11c88735be28266dbc61486a557454fd6b4c-1488x2078.png?accountingTag=RB
ogn-301-star-298,https://cmsassets.rgpub.io/sanity/images/dsfx7636/game_data_live/30bed82f66ce9e4eae260d029d92c9d8cb1588ab-1488x2078.png?accountingTag=RB
ogn-301-298,https://cmsassets.rgpub.io/sanity/images/dsfx7636/game_data_live/8a7dbbed04133926e58843f1d586f51178ef2ebd-1488x2078.png?accountingTag=RB
ogn-302-star-298,https://cmsassets.rgpub.io/sanity/images/dsfx7636/game_data_live/31f3c975c6f5693f6567b0ebdb66bd4dd92d730b-744x1039.png?accountingTag=RB
ogn-302-298,https://cmsassets.rgpub.io/sanity/images/dsfx7636/game_data_live/37d43efe09ccfe5d72ce37fdc27599bd5ef736af-1488x2078.png?accountingTag=RB
ogn-303-star-298,https://cmsassets.rgpub.io/sanity/images/dsfx7636/game_data_live/e5fe571a8f09c0a9e76345ec32b446480f54617c-1488x2078.png?accountingTag=RB
ogn-303-298,https://cmsassets.rgpub.io/sanity/images/dsfx7636/game_data_live/dc89c6a2415debd5bf504ed46843f5dcc1d9b815-1488x2078.png?accountingTag=RB
ogn-304-star-298,https://cmsassets.rgpub.io/sanity/images/dsfx7636/game_data_live/b4dfd543b1cfcdefba4568fe78146e0d6e46add7-1488x2078.png?accountingTag=RB
ogn-304-298,https://cmsassets.rgpub.io/sanity/images/dsfx7636/game_data_live/fb6316c39ad2a00d65f4b6cc823cbdd61cadda3b-1488x2078.png?accountingTag=RB
ogn-305-star-298,https://cmsassets.rgpub.io/sanity/images/dsfx7636/game_data_live/6a06599a299b15175984c1e38d27a3be21258fbe-1488x2078.png?accountingTag=RB
ogn-305-298,https://cmsassets.rgpub.io/sanity/images/dsfx7636/game_data_live/2c804ec513085702763a9145fac93a8adb6c4783-1488x2078.png?accountingTag=RB
ogn-306-star-298,https://cmsassets.rgpub.io/sanity/images/dsfx7636/game_data_live/bd526a0f9177aaa9ec575add7d02e72b46520070-744x1039.png?accountingTag=RB
ogn-306-298,https://cmsassets.rgpub.io/sanity/images/dsfx7636/game_data_live/496d173b74d036a9e28ca1b4383551be0148f13d-1488x2078.png?accountingTag=RB
ogn-307-star-298,https://cmsassets.rgpub.io/sanity/images/dsfx7636/game_data_live/4fd9e82cbd96010e2556430970d433022b541a51-1488x2078.png?accountingTag=RB
ogn-307-298,https://cmsassets.rgpub.io/sanity/images/dsfx7636/game_data_live/e2fbf10efaddbabe9241bd2c7b4d059accd1d5a7-1488x2078.png?accountingTag=RB
ogn-308-star-298,https://cmsassets.rgpub.io/sanity/images/dsfx7636/game_data_live/e345a5fc347e6a5835f2afa33492058fdbfcb169-744x1039.png?accountingTag=RB
ogn-308-298,https://cmsassets.rgpub.io/sanity/images/dsfx7636/game_data_live/a39902058db800a4318f3333dddb8a62a8751d7c-1488x2078.png?accountingTag=RB
ogn-309-star-298,https://cmsassets.rgpub.io/sanity/images/dsfx7636/game_data_live/37153cce7f58b2fceb28ea9ff91deb0411f849e2-1488x2078.png?accountingTag=RB
ogn-309-298,https://cmsassets.rgpub.io/sanity/images/dsfx7636/game_data_live/f4b7f334f442d30ccea4743c641760c5533804b4-1488x2078.png?accountingTag=RB
ogn-310-star-298,https://cmsassets.rgpub.io/sanity/images/dsfx7636/game_data_live/6e8efcd343dfd37d9d108243a86c2a5a6412f698-744x1039.png?accountingTag=RB
ogn-310-298,https://cmsassets.rgpub.io/sanity/images/dsfx7636/game_data_live/af042a5ee9ca9cca47b6f9736b33aaa599353516-1488x2078.png?accountingTag=RB
ogs-001-024,https://cmsassets.rgpub.io/sanity/images/dsfx7636/game_data_live/532d75dc36a16eb5954253a77366fcceac7aec62-744x1039.png?accountingTag=RB
ogs-002-024,https://cmsassets.rgpub.io/sanity/images/dsfx7636/game_data_live/a7a34129e64f0296bf2da166c2b06ed156d568db-744x1039.png?accountingTag=RB
ogs-003-024,https://cmsassets.rgpub.io/sanity/images/dsfx7636/game_data_live/46e4eaada1412f9b6c24751bdb3932c6a51e905f-744x1039.png?accountingTag=RB
ogs-004-024,https://cmsassets.rgpub.io/sanity/images/dsfx7636/game_data_live/5508566c8f05f09492148faa803332a731095eb7-744x1039.png?accountingTag=RB
ogs-005-024,https://cmsassets.rgpub.io/sanity/images/dsfx7636/game_data_live/7664b03bb107954195153d9f2f86c5d63682fa4b-744x1039.png?accountingTag=RB
ogs-006-024,https://cmsassets.rgpub.io/sanity/images/dsfx7636/game_data_live/a0d10edf30abb6fde21f5d386e9a7db3c1b0a098-744x1039.png?accountingTag=RB
ogs-007-024,https://cmsassets.rgpub.io/sanity/images/dsfx7636/game_data_live/67c22dc29a7a28dabe0f169a7848c25bef1fbda4-744x1039.png?accountingTag=RB
ogs-008-024,https://cmsassets.rgpub.io/sanity/images/dsfx7636/game_data_live/4568ab827fdcd42d6bb86b1c2de6182e286c9ee9-744x1039.png?accountingTag=RB
ogs-009-024,https://cmsassets.rgpub.io/sanity/images/dsfx7636/game_data_live/0e16976cd6d7ee5a874be9351b428671990fbd25-744x1039.png?accountingTag=RB
ogs-010-024,https://cmsassets.rgpub.io/sanity/images/dsfx7636/game_data_live/44eb968cf0c54e75970588b69eef5c5f5ccc9b24-744x1039.png?accountingTag=RB
ogs-011-024,https://cmsassets.rgpub.io/sanity/images/dsfx7636/game_data_live/4d9cc1c13b75933e509e642213f13359350cd3f9-744x1039.png?accountingTag=RB
ogs-012-024,https://cmsassets.rgpub.io/sanity/images/dsfx7636/game_data_live/026f851a703601fce4142c0791e913377c170b47-744x1039.png?accountingTag=RB
ogs-013-024,https://cmsassets.rgpub.io/sanity/images/dsfx7636/game_data_live/cbf2c12d69a86566e4cda07050b2d4495e40187e-744x1039.png?accountingTag=RB
ogs-014-024,https://cmsassets.rgpub.io/sanity/images/dsfx7636/game_data_live/17d0793ad495727e67bb1c94ae0e11cd4705870f-744x1039.png?accountingTag=RB
ogs-015-024,https://cmsassets.rgpub.io/sanity/images/dsfx7636/game_data_live/81d1c47459606f7b627778cce9b5f0e44d80f7fa-744x1039.png?accountingTag=RB
ogs-016-024,https://cmsassets.rgpub.io/sanity/images/dsfx7636/game_data_live/4ce467c1d51a65ab4fbae918dca38ae90b510844-744x1039.png?accountingTag=RB
ogs-017-024,https://cmsassets.rgpub.io/sanity/images/dsfx7636/game_data_live/89963e1d1cffd69c620fb5d6b037f50d5c334463-744x1039.png?accountingTag=RB
ogs-018-024,https://cmsassets.rgpub.io/sanity/images/dsfx7636/game_data_live/74f8bc78573b33d9979b0e9c121b858d770a490c-744x1039.png?accountingTag=RB
ogs-019-024,https://cmsassets.rgpub.io/sanity/images/dsfx7636/game_data_live/8231ced23eaf22ca3bf62ec8cb86b83a3e222da6-744x1039.png?accountingTag=RB
ogs-020-024,https://cmsassets.rgpub.io/sanity/images/dsfx7636/game_data_live/18c0818cbbfdf26a1237b4f7703b1f035f47b014-744x1039.png?accountingTag=RB
ogs-021-024,https://cmsassets.rgpub.io/sanity/images/dsfx7636/game_data_live/44885d811b70621b188d9813b2b10b5cff1b81e6-744x1039.png?accountingTag=RB
ogs-022-024,https://cmsassets.rgpub.io/sanity/images/dsfx7636/game_data_live/4558a2dc1bb1f1b8a73ec0d82244654e84b12687-744x1039.png?accountingTag=RB
ogs-023-024,https://cmsassets.rgpub.io/sanity/images/dsfx7636/game_data_live/e7185deb46f17770802d06aeddfe3b929afff880-744x1039.png?accountingTag=RB
ogs-024-024,https://cmsassets.rgpub.io/sanity/images/dsfx7636/game_data_live/986782271be078c184a8d1c196e375106459c6c5-744x1039.png?accountingTag=RB
sfd-001-221,https://cmsassets.rgpub.io/sanity/images/dsfx7636/game_data_live/4c4ab0c838854ccd5d5399a045835876450287e8-744x1039.png?accountingTag=RB
sfd-002-221,https://cmsassets.rgpub.io/sanity/images/dsfx7636/game_data_live/1debdef1d45f7b2a452951db39674aeb01a8dc2b-744x1039.png?accountingTag=RB
sfd-003-221,https://cmsassets.rgpub.io/sanity/images/dsfx7636/game_data_live/931b77b9ab56c3abc85686be4d2452c450f9b3e0-744x1039.png?accountingTag=RB
sfd-t03,https://cmsassets.rgpub.io/sanity/images/dsfx7636/game_data_live/e878c39b562a4e870e93b819c6d85cdf3fdc5238-744x1039.png?accountingTag=RB
sfd-004-221,https://cmsassets.rgpub.io/sanity/images/dsfx7636/game_data_live/f728959ad6d4ee6c507310000c3c9e02c0772a16-744x1039.png?accountingTag=RB
sfd-005-221,https://cmsassets.rgpub.io/sanity/images/dsfx7636/game_data_live/e837fbd6aeeb1293386dcfa284aae5a4baca10ef-744x1039.png?accountingTag=RB
sfd-006-221,https://cmsassets.rgpub.io/sanity/images/dsfx7636/game_data_live/ac0fac5af309842ba91b4b8d80e1abd47622e14a-744x1039.png?accountingTag=RB
sfd-007-221,https://cmsassets.rgpub.io/sanity/images/dsfx7636/game_data_live/9f487e8a76e6e6b9f2e32de0c9c147be42f49e59-744x1039.png?accountingTag=RB
sfd-008-221,https://cmsassets.rgpub.io/sanity/images/dsfx7636/game_data_live/94e213b77131d9a67e51743a35fc5dff80fd79ec-744x1039.png?accountingTag=RB
sfd-009-221,https://cmsassets.rgpub.io/sanity/images/dsfx7636/game_data_live/9498c8146745124fc45a7b55184854a9c9da21f5-744x1039.png?accountingTag=RB
sfd-010-221,https://cmsassets.rgpub.io/sanity/images/dsfx7636/game_data_live/589dde45bc610eb83bc808803e4becf8a6d2da84-744x1039.png?accountingTag=RB
sfd-011-221,https://cmsassets.rgpub.io/sanity/images/dsfx7636/game_data_live/757d507b684e55e333bac0ecdf2ec9ff3ad6045c-744x1039.png?accountingTag=RB
sfd-012-221,https://cmsassets.rgpub.io/sanity/images/dsfx7636/game_data_live/5661f07778201b236b014a6078003cde9af57cdd-744x1039.png?accountingTag=RB
sfd-013-221,https://cmsassets.rgpub.io/sanity/images/dsfx7636/game_data_live/9efe5a8322a90822650ff18578cd5e1a8561fac5-744x1039.png?accountingTag=RB
sfd-014-221,https://cmsassets.rgpub.io/sanity/images/dsfx7636/game_data_live/77bb46cd667e59f26310797ac99686f3a4d19af5-744x1039.png?accountingTag=RB
sfd-015-221,https://cmsassets.rgpub.io/sanity/images/dsfx7636/game_data_live/71af1587378c1c3feabd1b148fb776e42c7d27e8-744x1039.png?accountingTag=RB
sfd-016-221,https://cmsassets.rgpub.io/sanity/images/dsfx7636/game_data_live/763604237b4b59df5df98f61528be2233b850dd5-744x1039.png?accountingTag=RB
sfd-017-221,https://cmsassets.rgpub.io/sanity/images/dsfx7636/game_data_live/ba3e8c3e95137a289dbdec88e96e5c5a9a45f2c7-744x1039.png?accountingTag=RB
sfd-018-221,https://cmsassets.rgpub.io/sanity/images/dsfx7636/game_data_live/a909782d0a30f31f9414c99ba143fa570a3cb456-744x1039.png?accountingTag=RB
sfd-019-221,https://cmsassets.rgpub.io/sanity/images/dsfx7636/game_data_live/40ae6f61f1a0b5d65d91e3bb3fd2a0dad9148208-744x1039.png?accountingTag=RB
sfd-020-221,https://cmsassets.rgpub.io/sanity/images/dsfx7636/game_data_live/8e49e0b83df68f37a15bf704b83475144fd9ef92-744x1039.png?accountingTag=RB
sfd-020a-221,https://cmsassets.rgpub.io/sanity/images/dsfx7636/game_data_live/9019c449004f246de6607bf1829f4f3cabcda200-744x1039.png?accountingTag=RB
sfd-021-221,https://cmsassets.rgpub.io/sanity/images/dsfx7636/game_data_live/b2873a352c0158a677255894cec458d1c17709f7-744x1039.png?accountingTag=RB
sfd-022-221,https://cmsassets.rgpub.io/sanity/images/dsfx7636/game_data_live/48d798bf93afd1ef139dcafc6cd8705742b93169-744x1039.png?accountingTag=RB
sfd-023-221,https://cmsassets.rgpub.io/sanity/images/dsfx7636/game_data_live/7fb3283b11fb8e5b5b08f9ead9b98c695b75bff0-744x1039.png?accountingTag=RB
sfd-024-221,https://cmsassets.rgpub.io/sanity/images/dsfx7636/game_data_live/8aa1a9cf0a91a9ab601d5e5d42a438d4217eddd7-744x1039.png?accountingTag=RB
sfd-025-221,https://cmsassets.rgpub.io/sanity/images/dsfx7636/game_data_live/e24eb3fb835c4762479da5608b018785ef22e02c-744x1039.png?accountingTag=RB
sfd-026-221,https://cmsassets.rgpub.io/sanity/images/dsfx7636/game_data_live/e211311ecb1475e87d3d94eba4a6774b4e900091-744x1039.png?accountingTag=RB
sfd-026a-221,https://cmsassets.rgpub.io/sanity/images/dsfx7636/game_data_live/dfeef09dacae683e39013902d77b3398fdcd5db8-744x1039.png?accountingTag=RB
sfd-027-221,https://cmsassets.rgpub.io/sanity/images/dsfx7636/game_data_live/fa17369233dfc68e011d16b7b98971a6f8743c3e-744x1039.png?accountingTag=RB
sfd-028-221,https://cmsassets.rgpub.io/sanity/images/dsfx7636/game_data_live/2dfb106d7c85235436d25261195a638e2ab15092-744x1039.png?accountingTag=RB
sfd-028a-221,https://cmsassets.rgpub.io/sanity/images/dsfx7636/game_data_live/3982de5a4aee53471ca589179f5cf8617169fb52-744x1039.png?accountingTag=RB
sfd-029-221,https://cmsassets.rgpub.io/sanity/images/dsfx7636/game_data_live/999e2d25ea32da971e7b99b6e75558286c17949e-744x1039.png?accountingTag=RB
sfd-029a-221,https://cmsassets.rgpub.io/sanity/images/dsfx7636/game_data_live/8ef898e761ab44c43cb1cba11109a02d9cb5ce10-744x1039.png?accountingTag=RB
sfd-030-221,https://cmsassets.rgpub.io/sanity/images/dsfx7636/game_data_live/bea8390beb651502413cf644319c8ca6a8db1102-744x1039.png?accountingTag=RB
sfd-031-221,https://cmsassets.rgpub.io/sanity/images/dsfx7636/game_data_live/b38ab6c02238b5a8e456cdad9b5108bb30e718bc-744x1039.png?accountingTag=RB
sfd-032-221,https://cmsassets.rgpub.io/sanity/images/dsfx7636/game_data_live/523732db17d8cf3c7c55f57c5dfb397b73e2b116-744x1039.png?accountingTag=RB
sfd-033-221,https://cmsassets.rgpub.io/sanity/images/dsfx7636/game_data_live/49a24d4c6d770ed233c4a69bf8d87385bfc997d8-744x1039.png?accountingTag=RB
sfd-034-221,https://cmsassets.rgpub.io/sanity/images/dsfx7636/game_data_live/f07842b38914f6bc73235fe07788a3fce89b4785-744x1039.png?accountingTag=RB
sfd-035-221,https://cmsassets.rgpub.io/sanity/images/dsfx7636/game_data_live/f6b932aa510c92d014422d31e27b1505e54abe20-744x1039.png?accountingTag=RB
sfd-036-221,https://cmsassets.rgpub.io/sanity/images/dsfx7636/game_data_live/f5ab933035b7a6d6bb1d35c10c13f58c7fbf3398-744x1039.png?accountingTag=RB
sfd-037-221,https://cmsassets.rgpub.io/sanity/images/dsfx7636/game_data_live/038625518f5b46f5217d300d9dc9fbf507c4ae09-744x1039.png?accountingTag=RB
sfd-038-221,https://cmsassets.rgpub.io/sanity/images/dsfx7636/game_data_live/92550ab70647046115133c7547423bcf308906f6-744x1039.png?accountingTag=RB
sfd-039-221,https://cmsassets.rgpub.io/sanity/images/dsfx7636/game_data_live/a6f3ce580860fe80fdf1b41533ba89b5060e946a-744x1039.png?accountingTag=RB
sfd-040-221,https://cmsassets.rgpub.io/sanity/images/dsfx7636/game_data_live/c414fdba5e47db294b8364a07f1258bc3e204c51-744x1039.png?accountingTag=RB
sfd-041-221,https://cmsassets.rgpub.io/sanity/images/dsfx7636/game_data_live/3998c6171ddc7a021560d9d9600c8eced9a8d628-744x1039.png?accountingTag=RB
sfd-042-221,https://cmsassets.rgpub.io/sanity/images/dsfx7636/game_data_live/3a0de7eec3de501f79f33c09b43c7fe42721d10d-744x1039.png?accountingTag=RB
sfd-043-221,https://cmsassets.rgpub.io/sanity/images/dsfx7636/game_data_live/80f367f06549d597c7b5a77be73eb647eab34f59-744x1039.png?accountingTag=RB
sfd-044-221,https://cmsassets.rgpub.io/sanity/images/dsfx7636/game_data_live/c09cc35ffc98b46f919c09e09a93b603d63eb73e-744x1039.png?accountingTag=RB
sfd-045-221,https://cmsassets.rgpub.io/sanity/images/dsfx7636/game_data_live/e576fefdce72ad862a7e374bf8c0fd509f359da9-744x1039.png?accountingTag=RB
sfd-046-221,https://cmsassets.rgpub.io/sanity/images/dsfx7636/game_data_live/8caaa64513b5ba57d676c7b2b9ee64af61711539-744x1039.png?accountingTag=RB
sfd-047-221,https://cmsassets.rgpub.io/sanity/images/dsfx7636/game_data_live/901a77a01e869f1f38f7a0b1ba5ae28f06b54a08-744x1039.png?accountingTag=RB
sfd-048-221,https://cmsassets.rgpub.io/sanity/images/dsfx7636/game_data_live/1e7960a35d45dd55e934260ea23307853aa5afd4-744x1039.png?accountingTag=RB
sfd-049-221,https://cmsassets.rgpub.io/sanity/images/dsfx7636/game_data_live/df9ccbba2501059e5781a44434745a1f0e33ecae-744x1039.png?accountingTag=RB
sfd-050-221,https://cmsassets.rgpub.io/sanity/images/dsfx7636/game_data_live/3c42c02f6ebd2e4d4a640c2c6ac081231439888e-744x1039.png?accountingTag=RB
sfd-050a-221,https://cmsassets.rgpub.io/sanity/images/dsfx7636/game_data_live/3a0859ca50e71c69b22e4dab93e840b6d30e3d50-744x1039.png?accountingTag=RB
sfd-051-221,https://cmsassets.rgpub.io/sanity/images/dsfx7636/game_data_live/d09a797345659a1853d6d12910cf3c634990ea0c-744x1039.png?accountingTag=RB
sfd-052-221,https://cmsassets.rgpub.io/sanity/images/dsfx7636/game_data_live/73d8251c3bd8f7cd77010e9628515cd7fa462386-744x1039.png?accountingTag=RB
sfd-053-221,https://cmsassets.rgpub.io/sanity/images/dsfx7636/game_data_live/191f04059bbfd69dfe63d36010586597bb3549b2-744x1039.png?accountingTag=RB
sfd-054-221,https://cmsassets.rgpub.io/sanity/images/dsfx7636/game_data_live/3d425589c74dbff818fa09db134fdd8bb7136420-744x1039.png?accountingTag=RB
sfd-054a-221,https://cmsassets.rgpub.io/sanity/images/dsfx7636/game_data_live/1d2eae793e415c5f53d7b11c335b5f0ed08c2086-744x1039.png?accountingTag=RB
sfd-055-221,https://cmsassets.rgpub.io/sanity/images/dsfx7636/game_data_live/952dcaf9fd4b5f3e8592d140c11d792175597da1-744x1039.png?accountingTag=RB
sfd-056-221,https://cmsassets.rgpub.io/sanity/images/dsfx7636/game_data_live/df16e6b668fc6771ff657512deba1bf48363e23a-744x1039.png?accountingTag=RB
sfd-057-221,https://cmsassets.rgpub.io/sanity/images/dsfx7636/game_data_live/fe05fa55781f8036f8bfc9c10bba94326a0c8cc9-744x1039.png?accountingTag=RB
sfd-057a-221,https://cmsassets.rgpub.io/sanity/images/dsfx7636/game_data_live/cef4f73541e0623b4024b483d141d0396f1dddcb-744x1039.png?accountingTag=RB
sfd-058-221,https://cmsassets.rgpub.io/sanity/images/dsfx7636/game_data_live/77b48a28f48f26714f4bcf860379945a2d7186aa-744x1039.png?accountingTag=RB
sfd-058a-221,https://cmsassets.rgpub.io/sanity/images/dsfx7636/game_data_live/e0621bba6475425d93191677b2b120c07a8efe20-744x1039.png?accountingTag=RB
sfd-059-221,https://cmsassets.rgpub.io/sanity/images/dsfx7636/game_data_live/bc254398dfb5db217327b56862011a2fd6020789-744x1039.png?accountingTag=RB
sfd-060-221,https://cmsassets.rgpub.io/sanity/images/dsfx7636/game_data_live/2a1876aeedae7310409d0eaaf453507188b0c82b-744x1039.png?accountingTag=RB
sfd-061-221,https://cmsassets.rgpub.io/sanity/images/dsfx7636/game_data_live/5d61995ae384bcee56838beb0eb6d83bf5faefad-744x1039.png?accountingTag=RB
sfd-062-221,https://cmsassets.rgpub.io/sanity/images/dsfx7636/game_data_live/c0fe9df24ae4b8a5b4fb8276b1bd6c5a5f5f7b2b-744x1039.png?accountingTag=RB
sfd-063-221,https://cmsassets.rgpub.io/sanity/images/dsfx7636/game_data_live/39071feea6d3739a834a83b1841f496bdfc3a59a-744x1039.png?accountingTag=RB
sfd-064-221,https://cmsassets.rgpub.io/sanity/images/dsfx7636/game_data_live/fe02bf01609ff2e6cc6fa8fbd578fd596ab5cb84-744x1039.png?accountingTag=RB
sfd-065-221,https://cmsassets.rgpub.io/sanity/images/dsfx7636/game_data_live/3f58f0c58503e4f8caecb7ea7f77b478a1e92961-744x1039.png?accountingTag=RB
sfd-066-221,https://cmsassets.rgpub.io/sanity/images/dsfx7636/game_data_live/1caaf42d4cc12ab9acc57dc8c572448f8d8dd34d-744x1039.png?accountingTag=RB
sfd-067-221,https://cmsassets.rgpub.io/sanity/images/dsfx7636/game_data_live/0b5f1f6ed65e070d2878b8aa21fd95e43688fc1d-744x1039.png?accountingTag=RB
sfd-068-221,https://cmsassets.rgpub.io/sanity/images/dsfx7636/game_data_live/355b97bf135b8c60afabca7e4c6ecbf1aa25b4d9-744x1039.png?accountingTag=RB
sfd-069-221,https://cmsassets.rgpub.io/sanity/images/dsfx7636/game_data_live/4ff9e6c73f67b505e50ec2f5f513292fe5b20b95-744x1039.png?accountingTag=RB
sfd-070-221,https://cmsassets.rgpub.io/sanity/images/dsfx7636/game_data_live/aef5c891bd6f7cbc3a97b1e01688868316599929-744x1039.png?accountingTag=RB
sfd-071-221,https://cmsassets.rgpub.io/sanity/images/dsfx7636/game_data_live/8564fc233cfcb4fc774ac4bc4ee72085d7586163-744x1039.png?accountingTag=RB
sfd-072-221,https://cmsassets.rgpub.io/sanity/images/dsfx7636/game_data_live/8572e4cb5af60dd548e3b87374ff1b12840d981a-744x1039.png?accountingTag=RB
sfd-073-221,https://cmsassets.rgpub.io/sanity/images/dsfx7636/game_data_live/940a5e9796d4ac10a238d9b2612545c04bd9a570-744x1039.png?accountingTag=RB
sfd-074-221,https://cmsassets.rgpub.io/sanity/images/dsfx7636/game_data_live/ebf54af997e53079e1a476feb0411d1791b20f7e-744x1039.png?accountingTag=RB
sfd-075-221,https://cmsassets.rgpub.io/sanity/images/dsfx7636/game_data_live/c08f0b6ed24415e6a440a17931c7e2a2db3ab2cc-744x1039.png?accountingTag=RB
sfd-076-221,https://cmsassets.rgpub.io/sanity/images/dsfx7636/game_data_live/78783854dd9372138e599affbe96a269d8908c29-744x1039.png?accountingTag=RB
sfd-077-221,https://cmsassets.rgpub.io/sanity/images/dsfx7636/game_data_live/0378f9adf9df08fed264fdd217ce0e94c3f611cb-744x1039.png?accountingTag=RB
sfd-078-221,https://cmsassets.rgpub.io/sanity/images/dsfx7636/game_data_live/a6b8167486d552cc41d10cb9321bae4cef338fa7-744x1039.png?accountingTag=RB
sfd-079-221,https://cmsassets.rgpub.io/sanity/images/dsfx7636/game_data_live/edfefb81b8821f548a234d8e6d54fd072d7dc22c-744x1039.png?accountingTag=RB
sfd-080-221,https://cmsassets.rgpub.io/sanity/images/dsfx7636/game_data_live/f0ae1c4bb788f6fadc251c9d9b36f3f92eef4c56-744x1039.png?accountingTag=RB
sfd-081-221,https://cmsassets.rgpub.io/sanity/images/dsfx7636/game_data_live/8bfd5dc22473d439cd78d5a3cb23ed03de66953d-744x1039.png?accountingTag=RB
sfd-082-221,https://cmsassets.rgpub.io/sanity/images/dsfx7636/game_data_live/3e040f7b7ca16009a2558674a911b8cc93122ba3-744x1039.png?accountingTag=RB
sfd-082a-221,https://cmsassets.rgpub.io/sanity/images/dsfx7636/game_data_live/83da64e39d838d2fee68c319c03fbff0d4c7035f-744x1039.png?accountingTag=RB
sfd-083-221,https://cmsassets.rgpub.io/sanity/images/dsfx7636/game_data_live/32a46943778755e2b6210e5adb4507780f08e2c8-744x1039.png?accountingTag=RB
sfd-084-221,https://cmsassets.rgpub.io/sanity/images/dsfx7636/game_data_live/b508fa4e52ebbd5f66e1fc7df28cfb70acdfe1f5-744x1039.png?accountingTag=RB
sfd-085-221,https://cmsassets.rgpub.io/sanity/images/dsfx7636/game_data_live/f33c4ea9010ea5f440d4470554845c0ecae2c893-744x1039.png?accountingTag=RB
sfd-085a-221,https://cmsassets.rgpub.io/sanity/images/dsfx7636/game_data_live/22af72b06cb92d4a0078dddfb87cc9c21c92231d-744x1039.png?accountingTag=RB
sfd-086-221,https://cmsassets.rgpub.io/sanity/images/dsfx7636/game_data_live/7b8d96e128c19c5ff368119a60759cffa644e942-744x1039.png?accountingTag=RB
sfd-087-221,https://cmsassets.rgpub.io/sanity/images/dsfx7636/game_data_live/20ad2f42bcf9a0402e2a0d5a21d55eacee9ecf35-744x1039.png?accountingTag=RB
sfd-088-221,https://cmsassets.rgpub.io/sanity/images/dsfx7636/game_data_live/be8f7e08562c076e8947aafc3ecd202051d17c02-744x1039.png?accountingTag=RB
sfd-088a-221,https://cmsassets.rgpub.io/sanity/images/dsfx7636/game_data_live/b2b269d8ec274f3869ba42982f5710b160c4c43f-744x1039.png?accountingTag=RB
sfd-089-221,https://cmsassets.rgpub.io/sanity/images/dsfx7636/game_data_live/6528aa0656cac59ff7299bc8bdac371238038080-744x1039.png?accountingTag=RB
sfd-089a-221,https://cmsassets.rgpub.io/sanity/images/dsfx7636/game_data_live/1acbb906fba20f4e5d60f7a82566ca9a19e1a6ea-744x1039.png?accountingTag=RB
sfd-090-221,https://cmsassets.rgpub.io/sanity/images/dsfx7636/game_data_live/cc80cbfa1a64ad22dc5f7df870e9206f6938f7f5-744x1039.png?accountingTag=RB
sfd-091-221,https://cmsassets.rgpub.io/sanity/images/dsfx7636/game_data_live/9f5186bd42c23f75ea84186aa2cb945cc02a222e-744x1039.png?accountingTag=RB
sfd-092-221,https://cmsassets.rgpub.io/sanity/images/dsfx7636/game_data_live/dffa05408c0b53f62dfbb9452986342ff2d4352d-744x1039.png?accountingTag=RB
sfd-093-221,https://cmsassets.rgpub.io/sanity/images/dsfx7636/game_data_live/cb19a57b58370952cb37fff27375826d5c274129-744x1039.png?accountingTag=RB
sfd-094-221,https://cmsassets.rgpub.io/sanity/images/dsfx7636/game_data_live/52edf5b0f045d7c65360a8eb3c21f0954750cd1a-744x1039.png?accountingTag=RB
sfd-095-221,https://cmsassets.rgpub.io/sanity/images/dsfx7636/game_data_live/53fc0c307c83871c9755a496764ef7d6aa11f510-744x1039.png?accountingTag=RB
sfd-096-221,https://cmsassets.rgpub.io/sanity/images/dsfx7636/game_data_live/d9dac8bbc898bfead8338ef387f2d144302e278f-744x1039.png?accountingTag=RB
sfd-097-221,https://cmsassets.rgpub.io/sanity/images/dsfx7636/game_data_live/d124efad90ff61d4ac29ee69fe71e48a7cd6ece2-744x1039.png?accountingTag=RB
sfd-098-221,https://cmsassets.rgpub.io/sanity/images/dsfx7636/game_data_live/0ef7f1de2bc7845f5e3dace1634c6c58a8765452-744x1039.png?accountingTag=RB
sfd-099-221,https://cmsassets.rgpub.io/sanity/images/dsfx7636/game_data_live/54b8aa5aa80e74e0c545d4c484353c5b9e78bdfc-744x1039.png?accountingTag=RB
sfd-100-221,https://cmsassets.rgpub.io/sanity/images/dsfx7636/game_data_live/556b20c8c605545f13a8990dca36586a287ebb29-744x1039.png?accountingTag=RB
sfd-101-221,https://cmsassets.rgpub.io/sanity/images/dsfx7636/game_data_live/76aeda6bf59acee92b512f4a0272892673cfce90-744x1039.png?accountingTag=RB
sfd-102-221,https://cmsassets.rgpub.io/sanity/images/dsfx7636/game_data_live/e7fdd555cbf9ef8c4ff8bd3ba38d187842de563d-744x1039.png?accountingTag=RB
sfd-103-221,https://cmsassets.rgpub.io/sanity/images/dsfx7636/game_data_live/56a31630910179a1fb2f2ddf3e6e5c9627bddf5e-744x1039.png?accountingTag=RB
sfd-104-221,https://cmsassets.rgpub.io/sanity/images/dsfx7636/game_data_live/c994dcefe24e00f8033bc31327bf7dbe4a8703d1-744x1039.png?accountingTag=RB
sfd-105-221,https://cmsassets.rgpub.io/sanity/images/dsfx7636/game_data_live/08abcf17d3356325b0c1b83a78a87be855e5a71a-744x1039.png?accountingTag=RB
sfd-106-221,https://cmsassets.rgpub.io/sanity/images/dsfx7636/game_data_live/d04ac6687931018fd68368c65cc024155867cab4-744x1039.png?accountingTag=RB
sfd-107-221,https://cmsassets.rgpub.io/sanity/images/dsfx7636/game_data_live/3570810e867d132fd5a60cc3462f53f42b245ad9-744x1039.png?accountingTag=RB
sfd-108-221,https://cmsassets.rgpub.io/sanity/images/dsfx7636/game_data_live/0d680867670dd75a66a632cd6f044a7f7e39b42b-744x1039.png?accountingTag=RB
sfd-109-221,https://cmsassets.rgpub.io/sanity/images/dsfx7636/game_data_live/f9e79f88463c1d516b9f1b053661937676e0e1f4-744x1039.png?accountingTag=RB
sfd-110-221,https://cmsassets.rgpub.io/sanity/images/dsfx7636/game_data_live/3fb80fed6fb916f47b7cebd5b31a970f1d0d562a-744x1039.png?accountingTag=RB
sfd-110a-221,https://cmsassets.rgpub.io/sanity/images/dsfx7636/game_data_live/9081906c24455218d9fef8c0faa04ecc85dc462c-744x1039.png?accountingTag=RB
sfd-111-221,https://cmsassets.rgpub.io/sanity/images/dsfx7636/game_data_live/6daa8caf27f76f2b0bce189fb9df196129582afa-744x1039.png?accountingTag=RB
sfd-112-221,https://cmsassets.rgpub.io/sanity/images/dsfx7636/game_data_live/f4ea4f2f5169a3813d9eb7f0d3d2f41bdddebfc7-744x1039.png?accountingTag=RB
sfd-113-221,https://cmsassets.rgpub.io/sanity/images/dsfx7636/game_data_live/bc192b6e22e7a277c53f035809c59db4548a0fd5-744x1039.png?accountingTag=RB
sfd-113a-221,https://cmsassets.rgpub.io/sanity/images/dsfx7636/game_data_live/e05478b8081b3694a795ab0308b1e2c2a7748715-744x1039.png?accountingTag=RB
sfd-114-221,https://cmsassets.rgpub.io/sanity/images/dsfx7636/game_data_live/b553f8e16e0ff1aaa57f74121e68954fbe45a07b-744x1039.png?accountingTag=RB
sfd-115-221,https://cmsassets.rgpub.io/sanity/images/dsfx7636/game_data_live/e8b64985389e5792afc2a2fe0dc23ae7590d7709-744x1039.png?accountingTag=RB
sfd-116-221,https://cmsassets.rgpub.io/sanity/images/dsfx7636/game_data_live/0e8efd9af74b65170e04eed45844e6d7e2c4d70b-744x1039.png?accountingTag=RB
sfd-117-221,https://cmsassets.rgpub.io/sanity/images/dsfx7636/game_data_live/c7c260b77b4174a61aed6243ed90f76594102193-744x1039.png?accountingTag=RB
sfd-118-221,https://cmsassets.rgpub.io/sanity/images/dsfx7636/game_data_live/c3e4d8c3f3975a7429428ac90e5ebcffa1f8e5a9-744x1039.png?accountingTag=RB
sfd-119-221,https://cmsassets.rgpub.io/sanity/images/dsfx7636/game_data_live/e63ab3370a6e4ce4baddfba12ab92468f6cc9541-744x1039.png?accountingTag=RB
sfd-119a-221,https://cmsassets.rgpub.io/sanity/images/dsfx7636/game_data_live/a5796125bdb0af8ceb60cd0c5c273c6417e0f7da-744x1039.png?accountingTag=RB
sfd-120-221,https://cmsassets.rgpub.io/sanity/images/dsfx7636/game_data_live/bd3f242c9ca59cfc2d7dc5b146877c66bb310bb7-744x1039.png?accountingTag=RB
sfd-120a-221,https://cmsassets.rgpub.io/sanity/images/dsfx7636/game_data_live/484adbe28bafadf0ac37d7787c916013bd106793-744x1039.png?accountingTag=RB
sfd-121-221,https://cmsassets.rgpub.io/sanity/images/dsfx7636/game_data_live/f167c95cea17981f20b767ff81c180aab8a383e2-744x1039.png?accountingTag=RB
sfd-122-221,https://cmsassets.rgpub.io/sanity/images/dsfx7636/game_data_live/8fb07f0b3c0c697e324fb016f4cf7e4288aa4594-744x1039.png?accountingTag=RB
sfd-123-221,https://cmsassets.rgpub.io/sanity/images/dsfx7636/game_data_live/3c0a6bf40b629fa038299329c1d803fc9fc8e61e-744x1039.png?accountingTag=RB
sfd-124-221,https://cmsassets.rgpub.io/sanity/images/dsfx7636/game_data_live/054df5a11967b768430a2f763e1b5d4dbbac3b50-744x1039.png?accountingTag=RB
sfd-125-221,https://cmsassets.rgpub.io/sanity/images/dsfx7636/game_data_live/4d233b11d4efb2652d7ede556dd9f730903cdba9-744x1039.png?accountingTag=RB
sfd-126-221,https://cmsassets.rgpub.io/sanity/images/dsfx7636/game_data_live/2f15c4508900636e1560fa0e8832aff6b3160d0f-744x1039.png?accountingTag=RB
sfd-127-221,https://cmsassets.rgpub.io/sanity/images/dsfx7636/game_data_live/52c7f0fe49f24c29cb797613444f86a810292ec2-744x1039.png?accountingTag=RB
sfd-128-221,https://cmsassets.rgpub.io/sanity/images/dsfx7636/game_data_live/922d7f337fbf14f0d62d43f69ca2a1e7480dd022-744x1039.png?accountingTag=RB
sfd-129-221,https://cmsassets.rgpub.io/sanity/images/dsfx7636/game_data_live/4d5075a540ff5e4a2daec598cb6400fbb6570673-744x1039.png?accountingTag=RB
sfd-130-221,https://cmsassets.rgpub.io/sanity/images/dsfx7636/game_data_live/c4e1bf257379b4612a1c58f0480480d9b698196c-744x1039.png?accountingTag=RB
sfd-131-221,https://cmsassets.rgpub.io/sanity/images/dsfx7636/game_data_live/8ba05afcfbe6901fb4bdb736d5e61656a551f668-744x1039.png?accountingTag=RB
sfd-132-221,https://cmsassets.rgpub.io/sanity/images/dsfx7636/game_data_live/d27a56111c68c651099d7b73b22a54a825458857-744x1039.png?accountingTag=RB
sfd-133-221,https://cmsassets.rgpub.io/sanity/images/dsfx7636/game_data_live/a8a8e977f7427227adac69b5d2db07f643d0df09-744x1039.png?accountingTag=RB
sfd-134-221,https://cmsassets.rgpub.io/sanity/images/dsfx7636/game_data_live/885ee56a4153b4f9fd064e9d24c9d55400e1291f-744x1039.png?accountingTag=RB
sfd-135-221,https://cmsassets.rgpub.io/sanity/images/dsfx7636/game_data_live/86bd2be6d0750e3444355bce229f83930825e968-744x1039.png?accountingTag=RB
sfd-136-221,https://cmsassets.rgpub.io/sanity/images/dsfx7636/game_data_live/2b09887a6e0d2f109aefea62ca6744488794c233-744x1039.png?accountingTag=RB
sfd-137-221,https://cmsassets.rgpub.io/sanity/images/dsfx7636/game_data_live/f50d32a202375bf09781ae578db107abe84937e0-744x1039.png?accountingTag=RB
sfd-138-221,https://cmsassets.rgpub.io/sanity/images/dsfx7636/game_data_live/e47c9a3956f8fbb77daa5fdb2ee433dd1772f247-744x1039.png?accountingTag=RB
sfd-139-221,https://cmsassets.rgpub.io/sanity/images/dsfx7636/game_data_live/b3e385162bf3566618bb58b7a866eef846beefba-744x1039.png?accountingTag=RB
sfd-140-221,https://cmsassets.rgpub.io/sanity/images/dsfx7636/game_data_live/6d1c6615fb6ef5fb520a35b2ce76f8feee9167dc-744x1039.png?accountingTag=RB
sfd-141-221,https://cmsassets.rgpub.io/sanity/images/dsfx7636/game_data_live/03b9d73a7ef02447d7f4b67381a76616249061cc-744x1039.png?accountingTag=RB
sfd-141a-221,https://cmsassets.rgpub.io/sanity/images/dsfx7636/game_data_live/08419c2b5b7aa7e5f63854e324d5dabe0b5997a2-744x1039.png?accountingTag=RB
sfd-142-221,https://cmsassets.rgpub.io/sanity/images/dsfx7636/game_data_live/92eac6bb020a068d9c1668b59ecaaeab05112b3f-744x1039.png?accountingTag=RB
sfd-143-221,https://cmsassets.rgpub.io/sanity/images/dsfx7636/game_data_live/cb07b4adc6e301fae973ab13156028390facbad2-744x1039.png?accountingTag=RB
sfd-143a-221,https://cmsassets.rgpub.io/sanity/images/dsfx7636/game_data_live/6c0eeb81da597528625d458cb4c560298b5bea50-744x1039.png?accountingTag=RB
sfd-144-221,https://cmsassets.rgpub.io/sanity/images/dsfx7636/game_data_live/d83d994e6dc7949eb783da16f4bbdb64342a8dfb-744x1039.png?accountingTag=RB
sfd-145-221,https://cmsassets.rgpub.io/sanity/images/dsfx7636/game_data_live/a4338f495feff5eee46d5349b5fded5e35e76176-744x1039.png?accountingTag=RB
sfd-146-221,https://cmsassets.rgpub.io/sanity/images/dsfx7636/game_data_live/e9025578c7b5845a1a9c9a83e045bcbe71a76e71-744x1039.png?accountingTag=RB
sfd-147-221,https://cmsassets.rgpub.io/sanity/images/dsfx7636/game_data_live/950eff0d07ef1e25be46fdb340fe8510c551c159-744x1039.png?accountingTag=RB
sfd-148-221,https://cmsassets.rgpub.io/sanity/images/dsfx7636/game_data_live/8247622cbe90eadada8d0660ea31d146b1207a87-744x1039.png?accountingTag=RB
sfd-148a-221,https://cmsassets.rgpub.io/sanity/images/dsfx7636/game_data_live/2b2c2a20cd22c8799b211dd4d7f95c95a8be33ea-744x1039.png?accountingTag=RB
sfd-149-221,https://cmsassets.rgpub.io/sanity/images/dsfx7636/game_data_live/b48d6242ceb84c3eae7109317d51efaf1e56c9c3-744x1039.png?accountingTag=RB
sfd-149a-221,https://cmsassets.rgpub.io/sanity/images/dsfx7636/game_data_live/b371832f41cd8b15cd4f29828081dd030c48d7ac-744x1039.png?accountingTag=RB
sfd-150-221,https://cmsassets.rgpub.io/sanity/images/dsfx7636/game_data_live/6cfab85030bff454262794e4fa12f11b5dc45a74-744x1039.png?accountingTag=RB
sfd-151-221,https://cmsassets.rgpub.io/sanity/images/dsfx7636/game_data_live/344034c00d9fad558e98a64efab0310ad4bac37c-744x1039.png?accountingTag=RB
sfd-152-221,https://cmsassets.rgpub.io/sanity/images/dsfx7636/game_data_live/8b1a3e89fc40bb81c44f0ee232a701d85a1f209f-744x1039.png?accountingTag=RB
sfd-153-221,https://cmsassets.rgpub.io/sanity/images/dsfx7636/game_data_live/fc3e26e0e4ff94de360f1163c41641daf81c1900-744x1039.png?accountingTag=RB
sfd-154-221,https://cmsassets.rgpub.io/sanity/images/dsfx7636/game_data_live/1dc4fef81d018c6cf14f0344b51ebcdec968aab9-744x1039.png?accountingTag=RB
sfd-155-221,https://cmsassets.rgpub.io/sanity/images/dsfx7636/game_data_live/b3cc9bb93888f6f276f674baa16a0e53c724ae99-744x1039.png?accountingTag=RB
sfd-156-221,https://cmsassets.rgpub.io/sanity/images/dsfx7636/game_data_live/7b3410a1d9ee175c4853453798bcd5f09d2e217c-744x1039.png?accountingTag=RB
sfd-157-221,https://cmsassets.rgpub.io/sanity/images/dsfx7636/game_data_live/919d79a3f5a38c78476e6414a898a0dc7b385629-744x1039.png?accountingTag=RB
sfd-158-221,https://cmsassets.rgpub.io/sanity/images/dsfx7636/game_data_live/57f72b30862074bb5d1f302e86ee3cec024cd980-744x1039.png?accountingTag=RB
sfd-159-221,https://cmsassets.rgpub.io/sanity/images/dsfx7636/game_data_live/0bd3f82ebe45a4dc09204582d06900916e6c0480-744x1039.png?accountingTag=RB
sfd-160-221,https://cmsassets.rgpub.io/sanity/images/dsfx7636/game_data_live/af4eec8bb065708bf790b940fa065ea3e735afa0-744x1039.png?accountingTag=RB
sfd-161-221,https://cmsassets.rgpub.io/sanity/images/dsfx7636/game_data_live/97cd20e414c7282abb18cf7691eb1a5a2435af90-744x1039.png?accountingTag=RB
sfd-162-221,https://cmsassets.rgpub.io/sanity/images/dsfx7636/game_data_live/0062fe2a96fc94bd8d85c01607a48e8619ed4e20-744x1039.png?accountingTag=RB
sfd-163-221,https://cmsassets.rgpub.io/sanity/images/dsfx7636/game_data_live/695304200c6fd3b287bd319ac564d31936b23d66-744x1039.png?accountingTag=RB
sfd-164-221,https://cmsassets.rgpub.io/sanity/images/dsfx7636/game_data_live/2400881960412ada4c1d1066105f206b02f8998a-744x1039.png?accountingTag=RB
sfd-165-221,https://cmsassets.rgpub.io/sanity/images/dsfx7636/game_data_live/e7422fee71796aa61f8d9691d07654b901fc20f2-744x1039.png?accountingTag=RB
sfd-166-221,https://cmsassets.rgpub.io/sanity/images/dsfx7636/game_data_live/952476dd51338ff97774946ded134a2072b2e6c9-744x1039.png?accountingTag=RB
sfd-167-221,https://cmsassets.rgpub.io/sanity/images/dsfx7636/game_data_live/2a227ef7494af6409000c13c4f3d1094cec3a3a8-744x1039.png?accountingTag=RB
sfd-168-221,https://cmsassets.rgpub.io/sanity/images/dsfx7636/game_data_live/4f4d735ff77ea599307e142196338d438fcedc05-744x1039.png?accountingTag=RB
sfd-169-221,https://cmsassets.rgpub.io/sanity/images/dsfx7636/game_data_live/3ddc94a035d793d48987c6fe5d65fa11ea25c808-744x1039.png?accountingTag=RB
sfd-170-221,https://cmsassets.rgpub.io/sanity/images/dsfx7636/game_data_live/5470aaad3bdb7ff5d2e605b07d93cedb7254c54d-744x1039.png?accountingTag=RB
sfd-170a-221,https://cmsassets.rgpub.io/sanity/images/dsfx7636/game_data_live/a268cef6d06080055575bed86aca6db9d75359ac-744x1039.png?accountingTag=RB
sfd-171-221,https://cmsassets.rgpub.io/sanity/images/dsfx7636/game_data_live/edacb8a82d840f2fe46233de9157319a1dc6361a-744x1039.png?accountingTag=RB
sfd-171a-221,https://cmsassets.rgpub.io/sanity/images/dsfx7636/game_data_live/358df43d50a3fc018a6e092acd5fbb3031e0033d-744x1039.png?accountingTag=RB
sfd-172-221,https://cmsassets.rgpub.io/sanity/images/dsfx7636/game_data_live/af1069aef68d413127dfa84e4e96b8d66a8720ca-744x1039.png?accountingTag=RB
sfd-173-221,https://cmsassets.rgpub.io/sanity/images/dsfx7636/game_data_live/91fd5050b8caded842ce22c1e473f237cd991efd-744x1039.png?accountingTag=RB
sfd-174-221,https://cmsassets.rgpub.io/sanity/images/dsfx7636/game_data_live/e5b0966cc00203db1036b6fa95360541f72ae131-744x1039.png?accountingTag=RB
sfd-175-221,https://cmsassets.rgpub.io/sanity/images/dsfx7636/game_data_live/aa3bd795a1fa015b42bf64a2d588f527342c2a15-744x1039.png?accountingTag=RB
sfd-176-221,https://cmsassets.rgpub.io/sanity/images/dsfx7636/game_data_live/ec694ac53a49fd4419434cb144daaaf0f38da574-744x1039.png?accountingTag=RB
sfd-177-221,https://cmsassets.rgpub.io/sanity/images/dsfx7636/game_data_live/088970936fc800bd2c4b36636734e16c83e1c8f9-744x1039.png?accountingTag=RB
sfd-177a-221,https://cmsassets.rgpub.io/sanity/images/dsfx7636/game_data_live/62c75543213df186d3f05236fda6abe8992c948e-744x1039.png?accountingTag=RB
sfd-178-221,https://cmsassets.rgpub.io/sanity/images/dsfx7636/game_data_live/26ab126258a15afd380c313e973f7469808ce55f-744x1039.png?accountingTag=RB
sfd-179-221,https://cmsassets.rgpub.io/sanity/images/dsfx7636/game_data_live/6b0f55aee4b4f9d0074c808e0fff00dcb7e35377-744x1039.png?accountingTag=RB
sfd-180-221,https://cmsassets.rgpub.io/sanity/images/dsfx7636/game_data_live/7339e76b7796242a15e97cfddbe04c32d5a05063-744x1039.png?accountingTag=RB
sfd-180a-221,https://cmsassets.rgpub.io/sanity/images/dsfx7636/game_data_live/e38428b921717edf676bd7f9628fc61b1355814c-744x1039.png?accountingTag=RB
sfd-181-221,https://cmsassets.rgpub.io/sanity/images/dsfx7636/game_data_live/f311115e4c527ce82010596ce462d4050a9201b2-744x1039.png?accountingTag=RB
sfd-182-221,https://cmsassets.rgpub.io/sanity/images/dsfx7636/game_data_live/c4652150ba885dd346b8f3622fd0e4ada7cf767f-744x1039.png?accountingTag=RB
sfd-183-221,https://cmsassets.rgpub.io/sanity/images/dsfx7636/game_data_live/450cfb71b8890904d48b37a24bbdc78f8d849614-744x1039.png?accountingTag=RB
sfd-184-221,https://cmsassets.rgpub.io/sanity/images/dsfx7636/game_data_live/48754730486abefdb56221d0760b9c963aae7c09-744x1039.png?accountingTag=RB
sfd-185-221,https://cmsassets.rgpub.io/sanity/images/dsfx7636/game_data_live/b01b2d0454ceeffdc106c4c64a390b275ebf390b-744x1039.png?accountingTag=RB
sfd-186-221,https://cmsassets.rgpub.io/sanity/images/dsfx7636/game_data_live/e4e0328034e605d000e23ac5e820d233f0e3b520-744x1039.png?accountingTag=RB
sfd-187-221,https://cmsassets.rgpub.io/sanity/images/dsfx7636/game_data_live/2db78549c30d8f9012af797fe075c4dc2355ec5d-744x1039.png?accountingTag=RB
sfd-188-221,https://cmsassets.rgpub.io/sanity/images/dsfx7636/game_data_live/ce606f096ae76485cd8dd3cc337629b510f0d1e7-744x1039.png?accountingTag=RB
sfd-189-221,https://cmsassets.rgpub.io/sanity/images/dsfx7636/game_data_live/ed58d654034d545e54c85d836f3a6552772dd75b-744x1039.png?accountingTag=RB
sfd-190-221,https://cmsassets.rgpub.io/sanity/images/dsfx7636/game_data_live/9bc49433a6ec5a8f4f1b44351094523d51b6bc11-744x1039.png?accountingTag=RB
sfd-191-221,https://cmsassets.rgpub.io/sanity/images/dsfx7636/game_data_live/e93d11bdae446762b1932f0327d2ffe489fa4481-744x1039.png?accountingTag=RB
sfd-192-221,https://cmsassets.rgpub.io/sanity/images/dsfx7636/game_data_live/6f2f7175e61486859d7f5da804e41733d66b2254-744x1039.png?accountingTag=RB
sfd-193-221,https://cmsassets.rgpub.io/sanity/images/dsfx7636/game_data_live/c6ddf49d7249bc8ac194fd9b194bfcb8857a4466-744x1039.png?accountingTag=RB
sfd-194-221,https://cmsassets.rgpub.io/sanity/images/dsfx7636/game_data_live/7c643b3da9a78518b1b92e3eeb0078b88d82bf79-744x1039.png?accountingTag=RB
sfd-195-221,https://cmsassets.rgpub.io/sanity/images/dsfx7636/game_data_live/656ef2d1724b818e9e737ec5dcce923de067a316-744x1039.png?accountingTag=RB
sfd-196-221,https://cmsassets.rgpub.io/sanity/images/dsfx7636/game_data_live/6f5bc5c9e321830337998a2b85e4fec3cd8251c9-744x1039.png?accountingTag=RB
sfd-197-221,https://cmsassets.rgpub.io/sanity/images/dsfx7636/game_data_live/0472274c49f6540858758ebf9bd2f107a601541a-744x1039.png?accountingTag=RB
sfd-198-221,https://cmsassets.rgpub.io/sanity/images/dsfx7636/game_data_live/346f4698fea2878dde88470c1793047140c981e3-744x1039.png?accountingTag=RB
sfd-199-221,https://cmsassets.rgpub.io/sanity/images/dsfx7636/game_data_live/d0e143d9edbc14971b2a7b463b3c25b2b6a0c098-744x1039.png?accountingTag=RB
sfd-200-221,https://cmsassets.rgpub.io/sanity/images/dsfx7636/game_data_live/a5d1d26dee01db24f32a1432639478753d22aa92-744x1039.png?accountingTag=RB
sfd-201-221,https://cmsassets.rgpub.io/sanity/images/dsfx7636/game_data_live/4bd289c281ad64229061ff909abf88c12a574833-744x1039.png?accountingTag=RB
sfd-202-221,https://cmsassets.rgpub.io/sanity/images/dsfx7636/game_data_live/56651a87166df7108ce9f945bd71390d4926770a-744x1039.png?accountingTag=RB
sfd-203-221,https://cmsassets.rgpub.io/sanity/images/dsfx7636/game_data_live/fd060882c32a8deac04aea4241c6ab7b97236a05-744x1039.png?accountingTag=RB
sfd-204-221,https://cmsassets.rgpub.io/sanity/images/dsfx7636/game_data_live/3205df9cf3d12551c445a740889392264ec95b09-744x1039.png?accountingTag=RB
sfd-205-221,https://cmsassets.rgpub.io/sanity/images/dsfx7636/game_data_live/37064aa79c13316b5dd28f0a2b054821a43f6650-744x1039.png?accountingTag=RB
sfd-206-221,https://cmsassets.rgpub.io/sanity/images/dsfx7636/game_data_live/07af52eada661904b467ca118c2715435f0a3b00-744x1039.png?accountingTag=RB
sfd-207-221,https://cmsassets.rgpub.io/sanity/images/dsfx7636/game_data_live/c1ea4f6f58a62fc2b62647aa3459109e3d10297a-1039x744.png?accountingTag=RB
sfd-208-221,https://cmsassets.rgpub.io/sanity/images/dsfx7636/game_data_live/6ad10353e7fc1337d8cc79086f8eaac1c75f5598-1039x744.png?accountingTag=RB
sfd-209-221,https://cmsassets.rgpub.io/sanity/images/dsfx7636/game_data_live/b0c98558fccd68c9ac93cd5b3412c31c68b5ace9-1039x744.png?accountingTag=RB
sfd-210-221,https://cmsassets.rgpub.io/sanity/images/dsfx7636/game_data_live/3b6438877bd2bd95e7a3a8921ddf6bca26d3fd95-1039x744.png?accountingTag=RB
sfd-211-221,https://cmsassets.rgpub.io/sanity/images/dsfx7636/game_data_live/ff64dcbac9b392d4f6930a7359114aa68aa14ebe-1039x744.png?accountingTag=RB
sfd-212-221,https://cmsassets.rgpub.io/sanity/images/dsfx7636/game_data_live/46614658b08563f07cc81a4f4fa4ec8a067710b9-1039x744.png?accountingTag=RB
sfd-213-221,https://cmsassets.rgpub.io/sanity/images/dsfx7636/game_data_live/e228948bc7a6d8ee858fbc0bed3d93a53f467097-1039x744.png?accountingTag=RB
sfd-214-221,https://cmsassets.rgpub.io/sanity/images/dsfx7636/game_data_live/653db9a5f2aead0191c8d61da3d1876fb894b545-1039x744.png?accountingTag=RB
sfd-215-221,https://cmsassets.rgpub.io/sanity/images/dsfx7636/game_data_live/6d820754b197eb5fb2af7567b7a7573e9a076e51-1039x744.png?accountingTag=RB
sfd-216-221,https://cmsassets.rgpub.io/sanity/images/dsfx7636/game_data_live/a1bde66bccf2786e7c0b9d44fcdcdaa6b59f0328-1039x744.png?accountingTag=RB
sfd-217-221,https://cmsassets.rgpub.io/sanity/images/dsfx7636/game_data_live/8b9db30f8eedd5e5463a0fceaeaf90069bce39ae-1039x744.png?accountingTag=RB
sfd-218-221,https://cmsassets.rgpub.io/sanity/images/dsfx7636/game_data_live/06f6d17929d19000006cf281d013ecbe1543af0e-1039x744.png?accountingTag=RB
sfd-219-221,https://cmsassets.rgpub.io/sanity/images/dsfx7636/game_data_live/c395b94a4f78b4e8b0590b56787c33600b18e358-1039x744.png?accountingTag=RB
sfd-220-221,https://cmsassets.rgpub.io/sanity/images/dsfx7636/game_data_live/cb39bf9f8c30d1ed756ba1b83c975a89d3635159-1039x744.png?accountingTag=RB
sfd-221-221,https://cmsassets.rgpub.io/sanity/images/dsfx7636/game_data_live/6f2b38874a09b3e3df3fe584ea77e84aa5423e37-1039x744.png?accountingTag=RB
sfd-222-221,https://cmsassets.rgpub.io/sanity/images/dsfx7636/game_data_live/669d4dd94cf2d88ad58333c13a98cca2014e71aa-744x1039.png?accountingTag=RB
sfd-223-star-221,https://cmsassets.rgpub.io/sanity/images/dsfx7636/game_data_live/75f9eac062e43105ee602b6050fe230fb8d2dce5-744x1039.png?accountingTag=RB
sfd-223-221,https://cmsassets.rgpub.io/sanity/images/dsfx7636/game_data_live/6f8caecc98cb5dae1b818677ef5baaaa4a5f7cb2-744x1039.png?accountingTag=RB
sfd-224-star-221,https://cmsassets.rgpub.io/sanity/images/dsfx7636/game_data_live/58bb3f7a73a8aa38159cc63439e0483ca2574157-744x1039.png?accountingTag=RB
sfd-224-221,https://cmsassets.rgpub.io/sanity/images/dsfx7636/game_data_live/1da6ebc24ad6360186208ab70a0c43443c349bbe-744x1039.png?accountingTag=RB
sfd-225-star-221,https://cmsassets.rgpub.io/sanity/images/dsfx7636/game_data_live/e064a9017b5d6bf0e18c4452acfca4ed8c279657-744x1039.png?accountingTag=RB
sfd-225-221,https://cmsassets.rgpub.io/sanity/images/dsfx7636/game_data_live/40454a8534f7c9444bafd000ffbfc0e5bcc847f0-744x1039.png?accountingTag=RB
sfd-226-221,https://cmsassets.rgpub.io/sanity/images/dsfx7636/game_data_live/8b6bb0da7d3b37dad51148b7914e7d2b840b6482-744x1039.png?accountingTag=RB
sfd-227-star-221,https://cmsassets.rgpub.io/sanity/images/dsfx7636/game_data_live/608f786c30a7e80db87d3c2d45bc0c26b0840c5e-744x1039.png?accountingTag=RB
sfd-227-221,https://cmsassets.rgpub.io/sanity/images/dsfx7636/game_data_live/d4c332e90c97e5e70b996598cd4a0f731b77fdef-744x1039.png?accountingTag=RB
sfd-228-star-221,https://cmsassets.rgpub.io/sanity/images/dsfx7636/game_data_live/1b7d48edee47c3eec4e5b554e47359a395777c70-744x1039.png?accountingTag=RB
sfd-228-221,https://cmsassets.rgpub.io/sanity/images/dsfx7636/game_data_live/9c33fbc2dc78bb6af3d31fab0c0ca58e1141141d-744x1039.png?accountingTag=RB
sfd-229-221,https://cmsassets.rgpub.io/sanity/images/dsfx7636/game_data_live/eb4559c507f09cabc3735973a1b20d83688d2f9d-744x1039.png?accountingTag=RB
sfd-230-star-221,https://cmsassets.rgpub.io/sanity/images/dsfx7636/game_data_live/5e31f0ea037604aa531d84c1d56d26f255210b7c-744x1039.png?accountingTag=RB
sfd-230-221,https://cmsassets.rgpub.io/sanity/images/dsfx7636/game_data_live/7f0962b840d228ad551fb9334fe9bdf76d209e7d-744x1039.png?accountingTag=RB
sfd-231-221,https://cmsassets.rgpub.io/sanity/images/dsfx7636/game_data_live/dd5c24995d5c6d327b5101da3d6426f1a75a49ef-744x1039.png?accountingTag=RB
sfd-232-star-221,https://cmsassets.rgpub.io/sanity/images/dsfx7636/game_data_live/ea35315d12a86cff8e37fa716c92dc76d9edceb8-744x1039.png?accountingTag=RB
sfd-232-221,https://cmsassets.rgpub.io/sanity/images/dsfx7636/game_data_live/a13d5473e205cb9dd8123895c58ed6ac8f19e814-744x1039.png?accountingTag=RB
sfd-233-star-221,https://cmsassets.rgpub.io/sanity/images/dsfx7636/game_data_live/8b190a0e419af24797408f0df4c17b48e8d86e5f-744x1039.png?accountingTag=RB
sfd-233-221,https://cmsassets.rgpub.io/sanity/images/dsfx7636/game_data_live/0bb6fd6e7d1e6fefeeccc82059bdae2eaa000730-744x1039.png?accountingTag=RB
sfd-234-221,https://cmsassets.rgpub.io/sanity/images/dsfx7636/game_data_live/9263b8f36725a4cec320c1049608824ae72f6237-744x1039.png?accountingTag=RB
sfd-235-star-221,https://cmsassets.rgpub.io/sanity/images/dsfx7636/game_data_live/40575a59f02c431223ef484edabdf7bd8cb28381-744x1039.png?accountingTag=RB
sfd-235-221,https://cmsassets.rgpub.io/sanity/images/dsfx7636/game_data_live/74021c17acc45cf743609a825490a0e6dd7466b5-744x1039.png?accountingTag=RB
sfd-236-star-221,https://cmsassets.rgpub.io/sanity/images/dsfx7636/game_data_live/46fc840c17925406d22703b82ad02f5eb2ab62cf-744x1039.png?accountingTag=RB
sfd-236-221,https://cmsassets.rgpub.io/sanity/images/dsfx7636/game_data_live/4f550f321dce06bb09bb47682d5bf2981280ea16-744x1039.png?accountingTag=RB
sfd-237-star-221,https://cmsassets.rgpub.io/sanity/images/dsfx7636/game_data_live/2e2c1cb4016543e3288da2dac3ecc3faf8a98927-744x1039.png?accountingTag=RB
sfd-237-221,https://cmsassets.rgpub.io/sanity/images/dsfx7636/game_data_live/ba0113d449813c94534ae0e74f3ef38f9b8010c2-744x1039.png?accountingTag=RB
sfd-238-221,https://cmsassets.rgpub.io/sanity/images/dsfx7636/game_data_live/228dbde67ec37f9a0b28f81e40fce5a8fa7af56b-744x1039.png?accountingTag=RB
sfd-239-star-221,https://cmsassets.rgpub.io/sanity/images/dsfx7636/game_data_live/956c7e0ae3d68327c5e822321841c5bf3c96269a-744x1039.png?accountingTag=RB
sfd-239-221,https://cmsassets.rgpub.io/sanity/images/dsfx7636/game_data_live/fc329097625a1f98a564134945950bd3bd3610a3-744x1039.png?accountingTag=RB
sfd-240-221,https://cmsassets.rgpub.io/sanity/images/dsfx7636/game_data_live/0234cad3663d52d3120e78f2adbe8a253102a7a3-744x1039.png?accountingTag=RB
sfd-241-221,https://cmsassets.rgpub.io/sanity/images/dsfx7636/game_data_live/eb2a5262da6044c041ba87becae1dc71d58b2bf7-744x1039.png?accountingTag=RB
sfd-242-221,https://cmsassets.rgpub.io/sanity/images/dsfx7636/game_data_live/5a06fcd2cadbdb574d34d210ca97441ec33c9277-744x1039.png?accountingTag=RB
sfd-243-221,https://cmsassets.rgpub.io/sanity/images/dsfx7636/game_data_live/968eb5c484a25bbebd162f31736024b4ff3b0d07-744x1039.png?accountingTag=RB
sfd-244-221,https://cmsassets.rgpub.io/sanity/images/dsfx7636/game_data_live/883dab66da8ed5ab39d968ed7fcaebd5ebaf3d43-744x1039.png?accountingTag=RB
sfd-245-221,https://cmsassets.rgpub.io/sanity/images/dsfx7636/game_data_live/941f72a422e0143524b3dd0cba1fd87e4286ecb4-744x1039.png?accountingTag=RB
sfd-246-221,https://cmsassets.rgpub.io/sanity/images/dsfx7636/game_data_live/8258072391bbb8d24e9d6e603c3ba1434979a911-744x1039.png?accountingTag=RB
sfd-247-221,https://cmsassets.rgpub.io/sanity/images/dsfx7636/game_data_live/42c04e4d7ef5d7395494587c2e15ac945b37b71e-744x1039.png?accountingTag=RB
sfd-248-221,https://cmsassets.rgpub.io/sanity/images/dsfx7636/game_data_live/3ba4f1d3d61d80e7becc9d046e1974f17bff4b10-744x1039.png?accountingTag=RB
sfd-249-221,https://cmsassets.rgpub.io/sanity/images/dsfx7636/game_data_live/5df25d5a1351d0a97e103ef8e155991297b86ca9-744x1039.png?accountingTag=RB
sfd-250-221,https://cmsassets.rgpub.io/sanity/images/dsfx7636/game_data_live/743887bce0027f549b85bf023475c3587a005581-744x1039.png?accountingTag=RB
sfd-251-221,https://cmsassets.rgpub.io/sanity/images/dsfx7636/game_data_live/720df5a56619a6b53aa1217cb84446f2469b40e5-744x1039.png?accountingTag=RB
unl-001-219,https://cmsassets.rgpub.io/sanity/images/dsfx7636/game_data_live/db48f8c1da0e4f9804ae94398f0864859db0002a-744x1039.png?accountingTag=RB
unl-t01,https://cmsassets.rgpub.io/sanity/images/dsfx7636/game_data_live/e44f173629322a4e0c32d3f8902c294d4482ef42-1039x744.png?accountingTag=RB
unl-002-219,https://cmsassets.rgpub.io/sanity/images/dsfx7636/game_data_live/5db9d66fc22887e8686a13ffdfe480106cbd3b35-744x1039.png?accountingTag=RB
unl-t02,https://cmsassets.rgpub.io/sanity/images/dsfx7636/game_data_live/949a2e43263a9fe0d957595325c7e2ebe06bf85f-744x1039.png?accountingTag=RB
unl-003-219,https://cmsassets.rgpub.io/sanity/images/dsfx7636/game_data_live/fb2e82cca7aa93c857ed1fe54de7344016779520-744x1039.png?accountingTag=RB
unl-t03,https://cmsassets.rgpub.io/sanity/images/dsfx7636/game_data_live/fad09d6bd9bf38e376f430ecb0b400762420d061-1039x744.png?accountingTag=RB
unl-004-219,https://cmsassets.rgpub.io/sanity/images/dsfx7636/game_data_live/ad993e451437950e56935a7ecff44fea09e522b2-744x1039.png?accountingTag=RB
unl-t04,https://cmsassets.rgpub.io/sanity/images/dsfx7636/game_data_live/64b9df938587aa93a3d0769a349d9b0cc6942dc2-744x1039.png?accountingTag=RB
unl-005-219,https://cmsassets.rgpub.io/sanity/images/dsfx7636/game_data_live/8e251eed411d614de504480181b357df3f78b133-744x1039.png?accountingTag=RB
unl-t05,https://cmsassets.rgpub.io/sanity/images/dsfx7636/game_data_live/e566605fa989e12e91cd3d3e0b7985f7a8be8e74-744x1039.png?accountingTag=RB
unl-006-219,https://cmsassets.rgpub.io/sanity/images/dsfx7636/game_data_live/f2aa213fe1e54d0d6f1507c7ed8829c8ba2bc610-744x1039.png?accountingTag=RB
unl-t06,https://cmsassets.rgpub.io/sanity/images/dsfx7636/game_data_live/80327b196c59841a67a65327974a93223a3c541a-744x1039.png?accountingTag=RB
unl-007-219,https://cmsassets.rgpub.io/sanity/images/dsfx7636/game_data_live/f46252e8c65a2eb3f476ea51f214af7651d0622d-744x1039.png?accountingTag=RB
unl-t07,https://cmsassets.rgpub.io/sanity/images/dsfx7636/game_data_live/1a90578f055e01515ebfb069dc3dbdba08d24da0-744x1039.png?accountingTag=RB
unl-008-219,https://cmsassets.rgpub.io/sanity/images/dsfx7636/game_data_live/47ac3971efe67f7910771709b8bb9a5df5b63952-744x1039.png?accountingTag=RB
unl-t08,https://cmsassets.rgpub.io/sanity/images/dsfx7636/game_data_live/715d5bb52fc8ce0886b28f1c15fe89457e504fc9-744x1039.png?accountingTag=RB
unl-009-219,https://cmsassets.rgpub.io/sanity/images/dsfx7636/game_data_live/4a636fcd682b32b41a4886c7383e781414139adb-744x1039.png?accountingTag=RB
unl-010-219,https://cmsassets.rgpub.io/sanity/images/dsfx7636/game_data_live/8046c9f133be83268d7dc9788abea58f461914d8-744x1039.png?accountingTag=RB
unl-011-219,https://cmsassets.rgpub.io/sanity/images/dsfx7636/game_data_live/1737d7d02cd0619a520aba258d1b40fdbb5d1129-744x1039.png?accountingTag=RB
unl-012-219,https://cmsassets.rgpub.io/sanity/images/dsfx7636/game_data_live/f564001228383a27372c0ddc4d8c0ed4e4843dc7-744x1039.png?accountingTag=RB
unl-013-219,https://cmsassets.rgpub.io/sanity/images/dsfx7636/game_data_live/9490f8c80da1bf4467e14c39b66ae4262e5f7f7b-744x1039.png?accountingTag=RB
unl-014-219,https://cmsassets.rgpub.io/sanity/images/dsfx7636/game_data_live/ed51ed36ad0938048ee50894d75d299c29d17759-744x1039.png?accountingTag=RB
unl-015-219,https://cmsassets.rgpub.io/sanity/images/dsfx7636/game_data_live/2467e43f316e8700ad43b66e3b5d490f3f9d3cea-744x1039.png?accountingTag=RB
unl-016-219,https://cmsassets.rgpub.io/sanity/images/dsfx7636/game_data_live/f69940824f8ce62a479df28988dcbdf6ea6d3960-744x1039.png?accountingTag=RB
unl-017-219,https://cmsassets.rgpub.io/sanity/images/dsfx7636/game_data_live/5e14c09db2f064e5f6986f500a04335d73d459dd-744x1039.png?accountingTag=RB
unl-018-219,https://cmsassets.rgpub.io/sanity/images/dsfx7636/game_data_live/38b59ae384ef6df8c94d5c51418101b2630b43a7-744x1039.png?accountingTag=RB
unl-019-219,https://cmsassets.rgpub.io/sanity/images/dsfx7636/game_data_live/a6425462180dc6bc3396397cd491c0abae58f616-744x1039.png?accountingTag=RB
unl-020-219,https://cmsassets.rgpub.io/sanity/images/dsfx7636/game_data_live/8afc30b1bc7cc1841dfe11cfa29adbcc02257845-744x1039.png?accountingTag=RB
unl-021-219,https://cmsassets.rgpub.io/sanity/images/dsfx7636/game_data_live/af548bbfc856e306c5feefb34eb6bd9a4e442904-744x1039.png?accountingTag=RB
unl-022-219,https://cmsassets.rgpub.io/sanity/images/dsfx7636/game_data_live/8da724a842cf61cb24c3c02dd99adc93a9222e06-744x1039.png?accountingTag=RB
unl-022a-219,https://cmsassets.rgpub.io/sanity/images/dsfx7636/game_data_live/0e67164270e12b8d91905e977a314c7248a343e9-744x1039.png?accountingTag=RB
unl-023-219,https://cmsassets.rgpub.io/sanity/images/dsfx7636/game_data_live/12da73cb78a9cfa052749f317ed56a27106908c6-744x1039.png?accountingTag=RB
unl-024-219,https://cmsassets.rgpub.io/sanity/images/dsfx7636/game_data_live/80c7d1c62301dd6e3ced910156f3fdeb8d34a621-744x1039.png?accountingTag=RB
unl-024a-219,https://cmsassets.rgpub.io/sanity/images/dsfx7636/game_data_live/cdab60d27d6d920f19ebed000b13dc25a439848c-744x1039.png?accountingTag=RB
unl-025-219,https://cmsassets.rgpub.io/sanity/images/dsfx7636/game_data_live/3a6955daff2982e0ba4417533052d5ea334232fb-744x1039.png?accountingTag=RB
unl-026-219,https://cmsassets.rgpub.io/sanity/images/dsfx7636/game_data_live/ef52e66a137a80cf5df862f31a114bfc00914a93-744x1039.png?accountingTag=RB
unl-027-219,https://cmsassets.rgpub.io/sanity/images/dsfx7636/game_data_live/9b742ef3dc17f5da03d41e3349839037183b5ea9-744x1039.png?accountingTag=RB
unl-028-219,https://cmsassets.rgpub.io/sanity/images/dsfx7636/game_data_live/e0ce05148d7368070bcc8c0a43f66ece0834653a-744x1039.png?accountingTag=RB
unl-028a-219,https://cmsassets.rgpub.io/sanity/images/dsfx7636/game_data_live/583f1c15c1bdc47c9d4ebb41a210c182262c8ee9-744x1039.png?accountingTag=RB
unl-029-219,https://cmsassets.rgpub.io/sanity/images/dsfx7636/game_data_live/14e9d009985f6a0d8ab63416aee7570ede42c657-744x1039.png?accountingTag=RB
unl-029a-219,https://cmsassets.rgpub.io/sanity/images/dsfx7636/game_data_live/69d4208b748074b68f775cdfa8f1d2ba20ece8ae-744x1039.png?accountingTag=RB
unl-030-219,https://cmsassets.rgpub.io/sanity/images/dsfx7636/game_data_live/03a55e8d494d7efe20da792365161f5c43c20779-744x1039.png?accountingTag=RB
unl-030a-219,https://cmsassets.rgpub.io/sanity/images/dsfx7636/game_data_live/646df8e81d42025a558112775fc1032c86cab2d0-744x1039.png?accountingTag=RB
unl-031-219,https://cmsassets.rgpub.io/sanity/images/dsfx7636/game_data_live/537b66b5f0259f80bf25b1aafb78558f4db6886a-744x1039.png?accountingTag=RB
unl-032-219,https://cmsassets.rgpub.io/sanity/images/dsfx7636/game_data_live/64e977213f50471ad7b6e8664488fb9017693f71-744x1039.png?accountingTag=RB
unl-033-219,https://cmsassets.rgpub.io/sanity/images/dsfx7636/game_data_live/6bf8978ca42fa50a60067e74364b3caf78b3e928-744x1039.png?accountingTag=RB
unl-034-219,https://cmsassets.rgpub.io/sanity/images/dsfx7636/game_data_live/5bf7ba27b809d22296deb755b6f5324ac46a5a20-744x1039.png?accountingTag=RB
unl-035-219,https://cmsassets.rgpub.io/sanity/images/dsfx7636/game_data_live/ef10724add3b6d9e69415cb194e895f6ea9969b7-744x1039.png?accountingTag=RB
unl-036-219,https://cmsassets.rgpub.io/sanity/images/dsfx7636/game_data_live/20276519677a4d1ebe230aaad7692588e1e8d046-744x1039.png?accountingTag=RB
unl-037-219,https://cmsassets.rgpub.io/sanity/images/dsfx7636/game_data_live/f6f5ff413efc57d7948b4b9a46a4bba6eebd39d2-744x1039.png?accountingTag=RB
unl-038-219,https://cmsassets.rgpub.io/sanity/images/dsfx7636/game_data_live/998740e590fec024f204ad26ed7e2dad2a0c8d66-744x1039.png?accountingTag=RB
unl-039-219,https://cmsassets.rgpub.io/sanity/images/dsfx7636/game_data_live/519361230cb8554cdf0f5dd795e115ffbb5bb932-744x1039.png?accountingTag=RB
unl-040-219,https://cmsassets.rgpub.io/sanity/images/dsfx7636/game_data_live/543789dd1b4b2654392a151d4bb1b0c6263c47dc-744x1039.png?accountingTag=RB
unl-041-219,https://cmsassets.rgpub.io/sanity/images/dsfx7636/game_data_live/bf1045b559b20d3e86383a07de54cd1893e5a94b-744x1039.png?accountingTag=RB
unl-042-219,https://cmsassets.rgpub.io/sanity/images/dsfx7636/game_data_live/a0e7f7fa55ae618f94fe48920f92406ddd7e3512-744x1039.png?accountingTag=RB
unl-043-219,https://cmsassets.rgpub.io/sanity/images/dsfx7636/game_data_live/c03bdc371440cbf6de773b0b39010808bfdecea1-744x1039.png?accountingTag=RB
unl-044-219,https://cmsassets.rgpub.io/sanity/images/dsfx7636/game_data_live/77bd864b29f4975868e557e31a39b94d06a4ecb2-744x1039.png?accountingTag=RB
unl-045-219,https://cmsassets.rgpub.io/sanity/images/dsfx7636/game_data_live/edf248974d1d97ff5ff1c6745f663fa059dbc82d-744x1039.png?accountingTag=RB
unl-046-219,https://cmsassets.rgpub.io/sanity/images/dsfx7636/game_data_live/4a1a08ec8c23a2663babd2fc683481888347407a-744x1039.png?accountingTag=RB
unl-047-219,https://cmsassets.rgpub.io/sanity/images/dsfx7636/game_data_live/0ea32d0f6f49c0b48b1ea2cc98fe0a3c540bc9db-744x1039.png?accountingTag=RB
unl-048-219,https://cmsassets.rgpub.io/sanity/images/dsfx7636/game_data_live/fa843ee80d1a35416d61482bc1602279955a2c7f-744x1039.png?accountingTag=RB
unl-049-219,https://cmsassets.rgpub.io/sanity/images/dsfx7636/game_data_live/4794052d16d88b12861b348a466673ace098c32e-744x1039.png?accountingTag=RB
unl-050-219,https://cmsassets.rgpub.io/sanity/images/dsfx7636/game_data_live/debdbfa22e4e75822fe1fbf0e7ab14bccbbdf191-744x1039.png?accountingTag=RB
unl-051-219,https://cmsassets.rgpub.io/sanity/images/dsfx7636/game_data_live/a72b08dd57422d3441df88eb61c000cdb4ac688a-744x1039.png?accountingTag=RB
unl-051a-219,https://cmsassets.rgpub.io/sanity/images/dsfx7636/game_data_live/4564b2f80dd53a8bcbca1633eb1ef69455692c58-744x1039.png?accountingTag=RB
unl-052-219,https://cmsassets.rgpub.io/sanity/images/dsfx7636/game_data_live/c65521065700f308689608fc6c4fa8963f3264c0-744x1039.png?accountingTag=RB
unl-053-219,https://cmsassets.rgpub.io/sanity/images/dsfx7636/game_data_live/8c9a251b2deb21716fba0ac83c6aac96563fa19d-744x1039.png?accountingTag=RB
unl-054-219,https://cmsassets.rgpub.io/sanity/images/dsfx7636/game_data_live/7e1e77df44c076599fa780f7fd01a4550f67af45-744x1039.png?accountingTag=RB
unl-055-219,https://cmsassets.rgpub.io/sanity/images/dsfx7636/game_data_live/ed2c20de6ceb7ff23f62ccb28a49fd305c5b15b7-744x1039.png?accountingTag=RB
unl-055a-219,https://cmsassets.rgpub.io/sanity/images/dsfx7636/game_data_live/9594ce4be31689c364a43954a541c4391fe0d4f3-744x1039.png?accountingTag=RB
unl-056-219,https://cmsassets.rgpub.io/sanity/images/dsfx7636/game_data_live/588ddfeb01ab7b37110d8a7e656cf9f35530ce4e-744x1039.png?accountingTag=RB
unl-057-219,https://cmsassets.rgpub.io/sanity/images/dsfx7636/game_data_live/39ec974dae18bf82fcc18a95044d8df04cc14d3c-744x1039.png?accountingTag=RB
unl-058-219,https://cmsassets.rgpub.io/sanity/images/dsfx7636/game_data_live/daa5fe15e0a1c14c8dbb8f858d8a6d444ea6096e-744x1039.png?accountingTag=RB
unl-058a-219,https://cmsassets.rgpub.io/sanity/images/dsfx7636/game_data_live/92cdae8b6bfef70d0a38761f1dc4aa771a37753a-744x1039.png?accountingTag=RB
unl-059-219,https://cmsassets.rgpub.io/sanity/images/dsfx7636/game_data_live/8a6d46d701eebaff0850a5b7400816517006d7e9-744x1039.png?accountingTag=RB
unl-059a-219,https://cmsassets.rgpub.io/sanity/images/dsfx7636/game_data_live/cb53c3b70820fca73540223addbe5369b5267e15-744x1039.png?accountingTag=RB
unl-060-219,https://cmsassets.rgpub.io/sanity/images/dsfx7636/game_data_live/cb6dde0284f9ef84cbc9c0f07d2e7aac2fe6f919-744x1039.png?accountingTag=RB
unl-060a-219,https://cmsassets.rgpub.io/sanity/images/dsfx7636/game_data_live/229efda03d93b27741b8f9e86e1151b5c2a5095f-744x1039.png?accountingTag=RB
unl-061-219,https://cmsassets.rgpub.io/sanity/images/dsfx7636/game_data_live/d76418eabcddbea148f3331913223b79a39aabda-744x1039.png?accountingTag=RB
unl-062-219,https://cmsassets.rgpub.io/sanity/images/dsfx7636/game_data_live/3153c05a8c3fb4d8f945a95fad54ea25e087ad47-744x1039.png?accountingTag=RB
unl-063-219,https://cmsassets.rgpub.io/sanity/images/dsfx7636/game_data_live/9fcef3d1d7de3c219aabcab88d0550c9d8cd4311-744x1039.png?accountingTag=RB
unl-064-219,https://cmsassets.rgpub.io/sanity/images/dsfx7636/game_data_live/ab713d332b48a7526585b0be3718fea9e9f93622-744x1039.png?accountingTag=RB
unl-065-219,https://cmsassets.rgpub.io/sanity/images/dsfx7636/game_data_live/c14db2ae064ccee80d8ec373f9fe9b4f44776e3e-744x1039.png?accountingTag=RB
unl-066-219,https://cmsassets.rgpub.io/sanity/images/dsfx7636/game_data_live/8f75280599fdb4d3b6191cf8e8443aadf33ad11e-744x1039.png?accountingTag=RB
unl-067-219,https://cmsassets.rgpub.io/sanity/images/dsfx7636/game_data_live/05fc9613bd3a3c3c5002ff1d7d665b37fd18dcb7-744x1039.png?accountingTag=RB
unl-068-219,https://cmsassets.rgpub.io/sanity/images/dsfx7636/game_data_live/60fb267f2d0cd16714d35a0eefd0d5864304102b-744x1039.png?accountingTag=RB
unl-069-219,https://cmsassets.rgpub.io/sanity/images/dsfx7636/game_data_live/4427ceffae1c3e7b012167461ce7c080bb2c1fe4-744x1039.png?accountingTag=RB
unl-070-219,https://cmsassets.rgpub.io/sanity/images/dsfx7636/game_data_live/4986c0c2fea96d9a88d736789d604374a64d03fb-744x1039.png?accountingTag=RB
unl-071-219,https://cmsassets.rgpub.io/sanity/images/dsfx7636/game_data_live/29abe06f1c16a9eed622a5060330116268b73b8c-744x1039.png?accountingTag=RB
unl-072-219,https://cmsassets.rgpub.io/sanity/images/dsfx7636/game_data_live/34ab7eff1eb8833ab8b9978eac18c4fb18b1ac81-744x1039.png?accountingTag=RB
unl-073-219,https://cmsassets.rgpub.io/sanity/images/dsfx7636/game_data_live/81195df7122beaba38ebc8b8212ceb0e7593afe9-744x1039.png?accountingTag=RB
unl-074-219,https://cmsassets.rgpub.io/sanity/images/dsfx7636/game_data_live/f1a6c28649bf4478b4728379b6d548058739f0e9-744x1039.png?accountingTag=RB
unl-075-219,https://cmsassets.rgpub.io/sanity/images/dsfx7636/game_data_live/3f314cea0c05d2ea274a81d723299e4e20b2ebde-744x1039.png?accountingTag=RB
unl-076-219,https://cmsassets.rgpub.io/sanity/images/dsfx7636/game_data_live/68189fb5a6b3193e8925969ac0c545bc78b210c9-744x1039.png?accountingTag=RB
unl-077-219,https://cmsassets.rgpub.io/sanity/images/dsfx7636/game_data_live/cb2a157e715ef103e688e094c21f772003775e45-744x1039.png?accountingTag=RB
unl-078-219,https://cmsassets.rgpub.io/sanity/images/dsfx7636/game_data_live/fcb3ea3e8f829b8dc845fbf49080552d635bb47b-744x1039.png?accountingTag=RB
unl-079-219,https://cmsassets.rgpub.io/sanity/images/dsfx7636/game_data_live/3e284397713abb21d2c8d9b85202ab65d21689e9-744x1039.png?accountingTag=RB
unl-079a-219,https://cmsassets.rgpub.io/sanity/images/dsfx7636/game_data_live/f538c2659c02af20a173503784989e39a0c291f6-744x1039.png?accountingTag=RB
unl-080-219,https://cmsassets.rgpub.io/sanity/images/dsfx7636/game_data_live/ddbb13ba5617cc443b9a3a51485b1697da570121-744x1039.png?accountingTag=RB
unl-081-219,https://cmsassets.rgpub.io/sanity/images/dsfx7636/game_data_live/67606d98bd3d8816e686dacacb91a56627d4b5f5-744x1039.png?accountingTag=RB
unl-082-219,https://cmsassets.rgpub.io/sanity/images/dsfx7636/game_data_live/65d0af5361b335a7e65c7aa03a099fc0de3431e6-744x1039.png?accountingTag=RB
unl-082a-219,https://cmsassets.rgpub.io/sanity/images/dsfx7636/game_data_live/b06072002316a5b86f11750bbe21e9dfb94be08d-744x1039.png?accountingTag=RB
unl-083-219,https://cmsassets.rgpub.io/sanity/images/dsfx7636/game_data_live/38886634ee8646707d9c26020f977f14c934a4c0-744x1039.png?accountingTag=RB
unl-084-219,https://cmsassets.rgpub.io/sanity/images/dsfx7636/game_data_live/64b7debe0dd3d7b644f627eba562187bc45dd313-744x1039.png?accountingTag=RB
unl-085-219,https://cmsassets.rgpub.io/sanity/images/dsfx7636/game_data_live/87c3d5007aa3c3e2c4ff3d5bf78a92a2bee58db3-744x1039.png?accountingTag=RB
unl-086-219,https://cmsassets.rgpub.io/sanity/images/dsfx7636/game_data_live/2a3165b43bd9878c0eb519bc25d370064aacac35-744x1039.png?accountingTag=RB
unl-087-219,https://cmsassets.rgpub.io/sanity/images/dsfx7636/game_data_live/bec7e8f108fac2d9c94db01c85cf143133d13325-744x1039.png?accountingTag=RB
unl-087a-219,https://cmsassets.rgpub.io/sanity/images/dsfx7636/game_data_live/d6c05e13dfb9ce38cc4d829d33acaf1560abe62a-744x1039.png?accountingTag=RB
unl-088-219,https://cmsassets.rgpub.io/sanity/images/dsfx7636/game_data_live/f1addf7bb3925871cbcf4615f5a449dc61f762da-744x1039.png?accountingTag=RB
unl-089-219,https://cmsassets.rgpub.io/sanity/images/dsfx7636/game_data_live/88fb6023ee9bd90fef3f36995ca27615dcd669f7-744x1039.png?accountingTag=RB
unl-089a-219,https://cmsassets.rgpub.io/sanity/images/dsfx7636/game_data_live/992e0a23ba7ad3fe88410f023bb1311195e1863a-744x1039.png?accountingTag=RB
unl-090-219,https://cmsassets.rgpub.io/sanity/images/dsfx7636/game_data_live/a0389576206b1e750a0852c6ff46efd2646d47da-744x1039.png?accountingTag=RB
unl-090a-219,https://cmsassets.rgpub.io/sanity/images/dsfx7636/game_data_live/0850c122c2528fadab0fa95ae1fd329288208afe-744x1039.png?accountingTag=RB
unl-091-219,https://cmsassets.rgpub.io/sanity/images/dsfx7636/game_data_live/5e032420b6dcbdd96dca122b4d7875868feb82ed-744x1039.png?accountingTag=RB
unl-092-219,https://cmsassets.rgpub.io/sanity/images/dsfx7636/game_data_live/dabc873f161248d3c959932ee54b5cf550c471b9-744x1039.png?accountingTag=RB
unl-093-219,https://cmsassets.rgpub.io/sanity/images/dsfx7636/game_data_live/2065a3b0fef9779fed8a3d42202606a31acf59ff-744x1039.png?accountingTag=RB
unl-094-219,https://cmsassets.rgpub.io/sanity/images/dsfx7636/game_data_live/d824d666dc5f50c3c513c3f9722f6eafe21c6289-744x1039.png?accountingTag=RB
unl-095-219,https://cmsassets.rgpub.io/sanity/images/dsfx7636/game_data_live/4705a4ef2589f2a82021f1b70dcdb7e289a88fdf-744x1039.png?accountingTag=RB
unl-096-219,https://cmsassets.rgpub.io/sanity/images/dsfx7636/game_data_live/374fd9220c204810c2b1abd48217b4d233362753-744x1039.png?accountingTag=RB
unl-097-219,https://cmsassets.rgpub.io/sanity/images/dsfx7636/game_data_live/358c56479ff4a02df622827092265fe4e8373fc2-744x1039.png?accountingTag=RB
unl-098-219,https://cmsassets.rgpub.io/sanity/images/dsfx7636/game_data_live/fe645cecdd1f251218f5bf33225cde6c1e12b67e-744x1039.png?accountingTag=RB
unl-099-219,https://cmsassets.rgpub.io/sanity/images/dsfx7636/game_data_live/2a2eefa9b85684489e97870145eb2f94b20b60ed-744x1039.png?accountingTag=RB
unl-100-219,https://cmsassets.rgpub.io/sanity/images/dsfx7636/game_data_live/3c006b8c9aa4581ad90c258cc6cfac9098d3c296-744x1039.png?accountingTag=RB
unl-101-219,https://cmsassets.rgpub.io/sanity/images/dsfx7636/game_data_live/3c7e0f93c72654f786f5df37895c6e95fa9d4d60-744x1039.png?accountingTag=RB
unl-102-219,https://cmsassets.rgpub.io/sanity/images/dsfx7636/game_data_live/0031569ff123a8317e1be753f0bd895501bf838b-744x1039.png?accountingTag=RB
unl-103-219,https://cmsassets.rgpub.io/sanity/images/dsfx7636/game_data_live/de7b7c683f16a297418bc9a326178c520f17ef2b-744x1039.png?accountingTag=RB
unl-104-219,https://cmsassets.rgpub.io/sanity/images/dsfx7636/game_data_live/65fcaff267b7f27cbda09ad23f2449188195d28e-744x1039.png?accountingTag=RB
unl-105-219,https://cmsassets.rgpub.io/sanity/images/dsfx7636/game_data_live/01596f6039ef5618fae686e1c7df291e1c570fc3-744x1039.png?accountingTag=RB
unl-106-219,https://cmsassets.rgpub.io/sanity/images/dsfx7636/game_data_live/ca56ad44ec24db67e10a4ee18f5c7f3756c83d94-744x1039.png?accountingTag=RB
unl-107-219,https://cmsassets.rgpub.io/sanity/images/dsfx7636/game_data_live/58d0353a966bb0ca292855a0a55de5769e28d155-744x1039.png?accountingTag=RB
unl-108-219,https://cmsassets.rgpub.io/sanity/images/dsfx7636/game_data_live/4a0b0ebe9f47dadeb3b5f0520ec566a528df9c94-744x1039.png?accountingTag=RB
unl-109-219,https://cmsassets.rgpub.io/sanity/images/dsfx7636/game_data_live/64067ebdbe3140e9a458da7ecf7253a5fae9a31b-744x1039.png?accountingTag=RB
unl-110-219,https://cmsassets.rgpub.io/sanity/images/dsfx7636/game_data_live/afe7cbde874003db673925275a13614d5f35266b-744x1039.png?accountingTag=RB
unl-111-219,https://cmsassets.rgpub.io/sanity/images/dsfx7636/game_data_live/b491c050b8505c52000c5ad7bb5a0b7855fa4ad1-744x1039.png?accountingTag=RB
unl-112-219,https://cmsassets.rgpub.io/sanity/images/dsfx7636/game_data_live/6834e4b00a22dd6d7476d36884b43cf59b60c611-744x1039.png?accountingTag=RB
unl-113-219,https://cmsassets.rgpub.io/sanity/images/dsfx7636/game_data_live/a21feb3555825392fdb98f868840db3827ad0389-744x1039.png?accountingTag=RB
unl-113a-219,https://cmsassets.rgpub.io/sanity/images/dsfx7636/game_data_live/1adb032501aac0070ea1bb0ca31c4efa11cd31a3-744x1039.png?accountingTag=RB
unl-114-219,https://cmsassets.rgpub.io/sanity/images/dsfx7636/game_data_live/0e51e39dfe4f922b2c8c9bff785d170350e9b803-744x1039.png?accountingTag=RB
unl-115-219,https://cmsassets.rgpub.io/sanity/images/dsfx7636/game_data_live/6138c519310f917461e09d90fe3f2a9480914947-744x1039.png?accountingTag=RB
unl-116-219,https://cmsassets.rgpub.io/sanity/images/dsfx7636/game_data_live/ef8a8434e1a4c4262dd97213741a4b126cb1449b-744x1039.png?accountingTag=RB
unl-116a-219,https://cmsassets.rgpub.io/sanity/images/dsfx7636/game_data_live/c0efda4bdfea473f7b9f3fb4ba482990795283a4-744x1039.png?accountingTag=RB
unl-117-219,https://cmsassets.rgpub.io/sanity/images/dsfx7636/game_data_live/ae2ec829a6714ac75e8b203631af08c0c1e1565f-744x1039.png?accountingTag=RB
unl-118-219,https://cmsassets.rgpub.io/sanity/images/dsfx7636/game_data_live/fcf578e447d4e2785c8b25f3c39928b98e7b44ca-744x1039.png?accountingTag=RB
unl-118a-219,https://cmsassets.rgpub.io/sanity/images/dsfx7636/game_data_live/42d3ce7a0917d57fd9e5809f4d8b66ef40f52d1a-744x1039.png?accountingTag=RB
unl-119-219,https://cmsassets.rgpub.io/sanity/images/dsfx7636/game_data_live/ac07031af5b35881d781b7a7d7b78c59a0fb2cd4-744x1039.png?accountingTag=RB
unl-119a-219,https://cmsassets.rgpub.io/sanity/images/dsfx7636/game_data_live/6998b6c309c93d549284638ff0a3e20c75691978-744x1039.png?accountingTag=RB
unl-120-219,https://cmsassets.rgpub.io/sanity/images/dsfx7636/game_data_live/8e159fd8aa9bb349e32bda6a10b0178cc28ca8dd-744x1039.png?accountingTag=RB
unl-120a-219,https://cmsassets.rgpub.io/sanity/images/dsfx7636/game_data_live/7e6d106e0170e7f45341c1755f829f286d782bb7-744x1039.png?accountingTag=RB
unl-121-219,https://cmsassets.rgpub.io/sanity/images/dsfx7636/game_data_live/a771917dea98b137c3f4a13e4967dccf9ee445e5-744x1039.png?accountingTag=RB
unl-122-219,https://cmsassets.rgpub.io/sanity/images/dsfx7636/game_data_live/0ff22e9a517d029fd17cfbbbc93ca2f90c2c676c-744x1039.png?accountingTag=RB
unl-123-219,https://cmsassets.rgpub.io/sanity/images/dsfx7636/game_data_live/d8fb687ecdb22d7497ac55a1be0db0ba33596b43-744x1039.png?accountingTag=RB
unl-124-219,https://cmsassets.rgpub.io/sanity/images/dsfx7636/game_data_live/bde23f07e4869fa96b14fcab329e782894b1e1e3-744x1039.png?accountingTag=RB
unl-125-219,https://cmsassets.rgpub.io/sanity/images/dsfx7636/game_data_live/7dc31cec93a355ba52b8cf2ca0b232a0edd57586-744x1039.png?accountingTag=RB
unl-126-219,https://cmsassets.rgpub.io/sanity/images/dsfx7636/game_data_live/d073247bc2437443d8a9901f089632a15d11e7a0-744x1039.png?accountingTag=RB
unl-127-219,https://cmsassets.rgpub.io/sanity/images/dsfx7636/game_data_live/c9bb7a8f5a1426a4af9843f2473ee6cc37dd24bd-744x1039.png?accountingTag=RB
unl-128-219,https://cmsassets.rgpub.io/sanity/images/dsfx7636/game_data_live/0bfa45e6e86dfc256de0163f96273b761e9592fb-744x1039.png?accountingTag=RB
unl-129-219,https://cmsassets.rgpub.io/sanity/images/dsfx7636/game_data_live/99845de971eb165c7a6bb424050cd9a29b45b548-744x1039.png?accountingTag=RB
unl-130-219,https://cmsassets.rgpub.io/sanity/images/dsfx7636/game_data_live/d9b344b4b29b2baab0a1dc2e16a6e946192edaf5-744x1039.png?accountingTag=RB
unl-131-219,https://cmsassets.rgpub.io/sanity/images/dsfx7636/game_data_live/89929cfa4417c99576477793529c6808af145919-744x1039.png?accountingTag=RB
unl-132-219,https://cmsassets.rgpub.io/sanity/images/dsfx7636/game_data_live/68872e2119146768f8fa113376876fa64699297d-744x1039.png?accountingTag=RB
unl-133-219,https://cmsassets.rgpub.io/sanity/images/dsfx7636/game_data_live/093799f1ad34084f05011f3b326d4d32d96849e5-744x1039.png?accountingTag=RB
unl-134-219,https://cmsassets.rgpub.io/sanity/images/dsfx7636/game_data_live/0a197ec3bf96e10307859e2a152c1742288b2b09-744x1039.png?accountingTag=RB
unl-135-219,https://cmsassets.rgpub.io/sanity/images/dsfx7636/game_data_live/3540a748211afd35b9ef4873dae0850c238fa964-744x1039.png?accountingTag=RB
unl-136-219,https://cmsassets.rgpub.io/sanity/images/dsfx7636/game_data_live/b10a544d24d3ae3e177d4791743bb2cfb742abcc-744x1039.png?accountingTag=RB
unl-137-219,https://cmsassets.rgpub.io/sanity/images/dsfx7636/game_data_live/7f2a623a83556bafebfbe7cb280bdedcfe116531-744x1039.png?accountingTag=RB
unl-138-219,https://cmsassets.rgpub.io/sanity/images/dsfx7636/game_data_live/f35b49faeb444071445662c9af13710c00a4569c-744x1039.png?accountingTag=RB
unl-139-219,https://cmsassets.rgpub.io/sanity/images/dsfx7636/game_data_live/e06e3e3033640bc8a5bc98acd4e3a0925c6e2c9a-744x1039.png?accountingTag=RB
unl-140-219,https://cmsassets.rgpub.io/sanity/images/dsfx7636/game_data_live/1c05bff48666586a2b3552b5638deaf20d9006f7-744x1039.png?accountingTag=RB
unl-141-219,https://cmsassets.rgpub.io/sanity/images/dsfx7636/game_data_live/1cea41a2b9c3de59a1c95ceacc59950be1d01907-744x1039.png?accountingTag=RB
unl-142-219,https://cmsassets.rgpub.io/sanity/images/dsfx7636/game_data_live/92419d138824a7d46155b59f0e5903196d68d9f7-744x1039.png?accountingTag=RB
unl-143-219,https://cmsassets.rgpub.io/sanity/images/dsfx7636/game_data_live/8306abc5ffce45add8c75c2e215162b2d1aed320-744x1039.png?accountingTag=RB
unl-143a-219,https://cmsassets.rgpub.io/sanity/images/dsfx7636/game_data_live/b1e7f8762aba8ecf571eb0c83bba8874703dc8be-744x1039.png?accountingTag=RB
unl-144-219,https://cmsassets.rgpub.io/sanity/images/dsfx7636/game_data_live/20f1b46435845de99987e37125e0ef7bd61c00bb-744x1039.png?accountingTag=RB
unl-145-219,https://cmsassets.rgpub.io/sanity/images/dsfx7636/game_data_live/2eaa5396b1cac9b245bde5a56b87314f8ae76a38-744x1039.png?accountingTag=RB
unl-145a-219,https://cmsassets.rgpub.io/sanity/images/dsfx7636/game_data_live/14a9712798a0b13bfa29ed841f171a21e7fdf035-744x1039.png?accountingTag=RB
unl-146-219,https://cmsassets.rgpub.io/sanity/images/dsfx7636/game_data_live/a3695d011175801aaf6ec5a6557b65b8d6341e81-744x1039.png?accountingTag=RB
unl-147-219,https://cmsassets.rgpub.io/sanity/images/dsfx7636/game_data_live/59946969e8d21869c3ffe801a3ffbdd8165a873f-744x1039.png?accountingTag=RB
unl-147a-219,https://cmsassets.rgpub.io/sanity/images/dsfx7636/game_data_live/97d0f7aa81f67bf8f4a19099c648a23a2df169ae-744x1039.png?accountingTag=RB
unl-148-219,https://cmsassets.rgpub.io/sanity/images/dsfx7636/game_data_live/ae3823d4109d9bbae8c7983ec1c1082ba5b4f190-744x1039.png?accountingTag=RB
unl-149-219,https://cmsassets.rgpub.io/sanity/images/dsfx7636/game_data_live/37b015a64b6bc15e856c2d78e275b10e64db1de4-744x1039.png?accountingTag=RB
unl-149a-219,https://cmsassets.rgpub.io/sanity/images/dsfx7636/game_data_live/d9082f75895c8645e05c0a38edc1b1c83c508d84-744x1039.png?accountingTag=RB
unl-150-219,https://cmsassets.rgpub.io/sanity/images/dsfx7636/game_data_live/7f13b0216c5d805400bb64cf26cd119acfc6c5ca-744x1039.png?accountingTag=RB
unl-150a-219,https://cmsassets.rgpub.io/sanity/images/dsfx7636/game_data_live/9dd2a50fcfe6258ef934bdcf73b2fdb19d18ea94-744x1039.png?accountingTag=RB
unl-151-219,https://cmsassets.rgpub.io/sanity/images/dsfx7636/game_data_live/e43b54f22e0a038ee1f94ba2e99f80dd89999d8e-744x1039.png?accountingTag=RB
unl-152-219,https://cmsassets.rgpub.io/sanity/images/dsfx7636/game_data_live/b63912e07914c3ef7e2bcdb95d5521fc26c880f2-744x1039.png?accountingTag=RB
unl-153-219,https://cmsassets.rgpub.io/sanity/images/dsfx7636/game_data_live/84d8b6d7a9cab2b78a465a8e0caf597f3ef5a175-744x1039.png?accountingTag=RB
unl-154-219,https://cmsassets.rgpub.io/sanity/images/dsfx7636/game_data_live/68786cd39a886a586b401d6bf818a80bf9f9e2cd-744x1039.png?accountingTag=RB
unl-155-219,https://cmsassets.rgpub.io/sanity/images/dsfx7636/game_data_live/944b89db8a7f7961a28e66ec4fb7d30bb863f324-744x1039.png?accountingTag=RB
unl-156-219,https://cmsassets.rgpub.io/sanity/images/dsfx7636/game_data_live/860e1afc7364a002c6305ece7b6941e2e328d0a4-744x1039.png?accountingTag=RB
unl-157-219,https://cmsassets.rgpub.io/sanity/images/dsfx7636/game_data_live/18a034ba1f4eaf7204312ca68ffb413012f6cf6b-744x1039.png?accountingTag=RB
unl-158-219,https://cmsassets.rgpub.io/sanity/images/dsfx7636/game_data_live/fadd95487f164f60c9ad08a457f11170c6afa420-744x1039.png?accountingTag=RB
unl-159-219,https://cmsassets.rgpub.io/sanity/images/dsfx7636/game_data_live/baee7644d00219dfa4160d59e6f6e78e55f5e619-744x1039.png?accountingTag=RB
unl-160-219,https://cmsassets.rgpub.io/sanity/images/dsfx7636/game_data_live/36900508e2ce61196450a4bf7e27722ae36521d9-744x1039.png?accountingTag=RB
unl-161-219,https://cmsassets.rgpub.io/sanity/images/dsfx7636/game_data_live/f2b626602f5db047b96cf9112474d42bf5b483e7-744x1039.png?accountingTag=RB
unl-162-219,https://cmsassets.rgpub.io/sanity/images/dsfx7636/game_data_live/3fdfe3bc7c7f81b99aa715bf54b52930ad41dcfa-744x1039.png?accountingTag=RB
unl-163-219,https://cmsassets.rgpub.io/sanity/images/dsfx7636/game_data_live/004c77c98bc5a6f679191a0d289b26ac13e84728-744x1039.png?accountingTag=RB
unl-164-219,https://cmsassets.rgpub.io/sanity/images/dsfx7636/game_data_live/499e65eb2d35e2bd774ea7fe2a70672234f71e90-744x1039.png?accountingTag=RB
unl-165-219,https://cmsassets.rgpub.io/sanity/images/dsfx7636/game_data_live/5a9a81d353131fc275313e737d55ca6e2661dce6-744x1039.png?accountingTag=RB
unl-166-219,https://cmsassets.rgpub.io/sanity/images/dsfx7636/game_data_live/5f5f66caad21d59bf966ddc501bb4f9c84a595c6-744x1039.png?accountingTag=RB
unl-167-219,https://cmsassets.rgpub.io/sanity/images/dsfx7636/game_data_live/085edeb9e6bbb0fb71ab902393eb48ea33a8addc-744x1039.png?accountingTag=RB
unl-168-219,https://cmsassets.rgpub.io/sanity/images/dsfx7636/game_data_live/703b85f8284ed13865012289d03602e2cd24f4b2-744x1039.png?accountingTag=RB
unl-169-219,https://cmsassets.rgpub.io/sanity/images/dsfx7636/game_data_live/ebc033772f2005b7f39ba87ba9ea35f43df0da7a-744x1039.png?accountingTag=RB
unl-170-219,https://cmsassets.rgpub.io/sanity/images/dsfx7636/game_data_live/a0b3994aad6b6c64ace14193c1363713e6b6ede2-744x1039.png?accountingTag=RB
unl-171-219,https://cmsassets.rgpub.io/sanity/images/dsfx7636/game_data_live/fc3f1248dc4a02ce90ce172c3b3d5ec35e5f14c3-744x1039.png?accountingTag=RB
unl-172-219,https://cmsassets.rgpub.io/sanity/images/dsfx7636/game_data_live/ee9f8d7a65e57c1d907edd4e5df2a3ea6966bff9-744x1039.png?accountingTag=RB
unl-172a-219,https://cmsassets.rgpub.io/sanity/images/dsfx7636/game_data_live/d18932d3dddd203c6f68f30279f3886ec2e7130a-744x1039.png?accountingTag=RB
unl-173-219,https://cmsassets.rgpub.io/sanity/images/dsfx7636/game_data_live/139153ae4b4f786442018c09765c67e35515df24-744x1039.png?accountingTag=RB
unl-174-219,https://cmsassets.rgpub.io/sanity/images/dsfx7636/game_data_live/d167f4e37714f0f8983fce16a9c657bc7ce39642-744x1039.png?accountingTag=RB
unl-175-219,https://cmsassets.rgpub.io/sanity/images/dsfx7636/game_data_live/cd5abf6c27f5faac247f6044306db3d710fb9d61-744x1039.png?accountingTag=RB
unl-176-219,https://cmsassets.rgpub.io/sanity/images/dsfx7636/game_data_live/51610bbdecd77b15f58b9a968611e536ebdf445e-744x1039.png?accountingTag=RB
unl-176a-219,https://cmsassets.rgpub.io/sanity/images/dsfx7636/game_data_live/6bde3fc4f76015d36d70e86c8fbcc3b6b7aa43dd-744x1039.png?accountingTag=RB
unl-177-219,https://cmsassets.rgpub.io/sanity/images/dsfx7636/game_data_live/e450956e0561ddca36558d095b71d3b60dff8b03-744x1039.png?accountingTag=RB
unl-177a-219,https://cmsassets.rgpub.io/sanity/images/dsfx7636/game_data_live/72462350a7842b6b81c022ac255ae0e82f3559fd-744x1039.png?accountingTag=RB
unl-178-219,https://cmsassets.rgpub.io/sanity/images/dsfx7636/game_data_live/1a75c5322b2179e772af83b1fd16fed864c5bf24-744x1039.png?accountingTag=RB
unl-178a-219,https://cmsassets.rgpub.io/sanity/images/dsfx7636/game_data_live/e171fc13d69ea7bafb03982cf0f8233d2830c1d2-744x1039.png?accountingTag=RB
unl-179-219,https://cmsassets.rgpub.io/sanity/images/dsfx7636/game_data_live/4da94f3af92222bebe7be49197ef8d840772d73d-744x1039.png?accountingTag=RB
unl-179a-219,https://cmsassets.rgpub.io/sanity/images/dsfx7636/game_data_live/e8fe608bffa46642e454b0b34f7524c5daef299e-744x1039.png?accountingTag=RB
unl-180-219,https://cmsassets.rgpub.io/sanity/images/dsfx7636/game_data_live/f1fea5bfad864f8d58b1b55b04de951285f6ad4e-744x1039.png?accountingTag=RB
unl-181-219,https://cmsassets.rgpub.io/sanity/images/dsfx7636/game_data_live/d1e6947cf43a19488a2c31f71a4887aa0423a966-744x1039.png?accountingTag=RB
unl-182-219,https://cmsassets.rgpub.io/sanity/images/dsfx7636/game_data_live/01496068d9a8d5567672d802bd008297bd1fe8cc-744x1039.png?accountingTag=RB
unl-183-219,https://cmsassets.rgpub.io/sanity/images/dsfx7636/game_data_live/b3d3085f62aee993b9f5b80d4659a88439da83be-744x1039.png?accountingTag=RB
unl-184-219,https://cmsassets.rgpub.io/sanity/images/dsfx7636/game_data_live/2753c2b3ea4fd55e5225a4451a29736b5c3434a8-744x1039.png?accountingTag=RB
unl-185-219,https://cmsassets.rgpub.io/sanity/images/dsfx7636/game_data_live/8ca1bfde8d898a11a6abc73bbab8fc7092b0dcb4-744x1039.png?accountingTag=RB
unl-186-219,https://cmsassets.rgpub.io/sanity/images/dsfx7636/game_data_live/17d93a11a252287e3b0f4bbe32722ecc9469ec66-744x1039.png?accountingTag=RB
unl-187-219,https://cmsassets.rgpub.io/sanity/images/dsfx7636/game_data_live/b52fca3d644599008c4b1a67ffd359a9f9c4d8d7-744x1039.png?accountingTag=RB
unl-188-219,https://cmsassets.rgpub.io/sanity/images/dsfx7636/game_data_live/22755fc744a79fbdcce0ceadfe20d6d0a2b8624a-744x1039.png?accountingTag=RB
unl-189-219,https://cmsassets.rgpub.io/sanity/images/dsfx7636/game_data_live/7e1554365120c5042947aef8bcac48a07445e9f3-744x1039.png?accountingTag=RB
unl-190-219,https://cmsassets.rgpub.io/sanity/images/dsfx7636/game_data_live/272b71b493575e38ff8888ec187cd33e54c0eacc-744x1039.png?accountingTag=RB
unl-191-219,https://cmsassets.rgpub.io/sanity/images/dsfx7636/game_data_live/ed9af55066593b4ee738b9529b847f2f738078e0-744x1039.png?accountingTag=RB
unl-192-219,https://cmsassets.rgpub.io/sanity/images/dsfx7636/game_data_live/154940caa774fd8219625cf051ddcb230ffc7f02-744x1039.png?accountingTag=RB
unl-193-219,https://cmsassets.rgpub.io/sanity/images/dsfx7636/game_data_live/653e9b8fc4989bba59aa7ade4e0c33ffd5596e5a-744x1039.png?accountingTag=RB
unl-194-219,https://cmsassets.rgpub.io/sanity/images/dsfx7636/game_data_live/690ee4937b3926810d8ed814afd14d4d9e98b13e-744x1039.png?accountingTag=RB
unl-195-219,https://cmsassets.rgpub.io/sanity/images/dsfx7636/game_data_live/a2ca02d26c1e95db03690729bd31113bda7e4140-744x1039.png?accountingTag=RB
unl-196-219,https://cmsassets.rgpub.io/sanity/images/dsfx7636/game_data_live/ada85b2a6076b60933831454d02a21da3654362c-744x1039.png?accountingTag=RB
unl-197-219,https://cmsassets.rgpub.io/sanity/images/dsfx7636/game_data_live/b00d922d62daca19190e13149fe3cf725c900330-744x1039.png?accountingTag=RB
unl-198-219,https://cmsassets.rgpub.io/sanity/images/dsfx7636/game_data_live/2eda8d4bbee47857b1916599b5c7d5fa7ca400dc-744x1039.png?accountingTag=RB
unl-199-219,https://cmsassets.rgpub.io/sanity/images/dsfx7636/game_data_live/c17d29602d61d6702372fec4db44c6fb2a29e8a2-744x1039.png?accountingTag=RB
unl-200-219,https://cmsassets.rgpub.io/sanity/images/dsfx7636/game_data_live/a7ef8a09c0297cd796c4e2dee15922745ede7417-744x1039.png?accountingTag=RB
unl-201-219,https://cmsassets.rgpub.io/sanity/images/dsfx7636/game_data_live/a5db0b3340a189de1cf9d8174b11eb583f19ea28-744x1039.png?accountingTag=RB
unl-202-219,https://cmsassets.rgpub.io/sanity/images/dsfx7636/game_data_live/0b79108a9492fb34866cc63815b57bfab8a5aeae-744x1039.png?accountingTag=RB
unl-203-219,https://cmsassets.rgpub.io/sanity/images/dsfx7636/game_data_live/ee1393b9bace7bfea4e87405b793bb5462305ed0-744x1039.png?accountingTag=RB
unl-204-219,https://cmsassets.rgpub.io/sanity/images/dsfx7636/game_data_live/90dcafd8ca6cedd534416232ebd29c451f12107c-744x1039.png?accountingTag=RB
unl-205-219,https://cmsassets.rgpub.io/sanity/images/dsfx7636/game_data_live/7447b04d1e78192509e89e5ff3556368ea5c471a-1039x744.png?accountingTag=RB
unl-206-219,https://cmsassets.rgpub.io/sanity/images/dsfx7636/game_data_live/a17e5bb639866671772dc514a6096a5863712f71-1039x744.png?accountingTag=RB
unl-207-219,https://cmsassets.rgpub.io/sanity/images/dsfx7636/game_data_live/9372a1574aa077e8b02cc6f00a1add060ae3b520-1039x744.png?accountingTag=RB
unl-208-219,https://cmsassets.rgpub.io/sanity/images/dsfx7636/game_data_live/8cd4edde3e59c8edc8cdcea626fc443c5ed6e1f2-1039x744.png?accountingTag=RB
unl-209-219,https://cmsassets.rgpub.io/sanity/images/dsfx7636/game_data_live/fa81c474ff29b9d2c42dd4e64a5789bf793e5221-1039x744.png?accountingTag=RB
unl-210-219,https://cmsassets.rgpub.io/sanity/images/dsfx7636/game_data_live/83dbc88d462da85be9398c790e88ff13da8637d4-1039x744.png?accountingTag=RB
unl-211-219,https://cmsassets.rgpub.io/sanity/images/dsfx7636/game_data_live/a7905fb94abe453f05a4108cf5424fd1ca50f6de-1039x744.png?accountingTag=RB
unl-212-219,https://cmsassets.rgpub.io/sanity/images/dsfx7636/game_data_live/b5e33fdb4ddc8c73e03bca648862fc080aa8bbcf-1039x744.png?accountingTag=RB
unl-213-219,https://cmsassets.rgpub.io/sanity/images/dsfx7636/game_data_live/0497a44ab302ea055b6f1f0d00a36c8023ed2344-1039x744.png?accountingTag=RB
unl-214-219,https://cmsassets.rgpub.io/sanity/images/dsfx7636/game_data_live/f6d0540edbabcdb7d5a6859ce2f820f744cb498c-1039x744.png?accountingTag=RB
unl-215-219,https://cmsassets.rgpub.io/sanity/images/dsfx7636/game_data_live/0c4fe88ffb5c1b02b58b2c6b4f02de441ac451d6-1039x744.png?accountingTag=RB
unl-216-219,https://cmsassets.rgpub.io/sanity/images/dsfx7636/game_data_live/82646c995f3d0b897ce97f7b68c35f5fd9384b8e-1039x744.png?accountingTag=RB
unl-217-219,https://cmsassets.rgpub.io/sanity/images/dsfx7636/game_data_live/234bb01e24892aefa024ae402f6ee7703ccdbbd4-1039x744.png?accountingTag=RB
unl-218-219,https://cmsassets.rgpub.io/sanity/images/dsfx7636/game_data_live/4191aa2fda9e754a7f5421edc94bd829f5795650-1039x744.png?accountingTag=RB
unl-219-219,https://cmsassets.rgpub.io/sanity/images/dsfx7636/game_data_live/9fc7b9a8294665881eece0dacaf3fc70e39f19e4-1039x744.png?accountingTag=RB
unl-220-219,https://cmsassets.rgpub.io/sanity/images/dsfx7636/game_data_live/0c91b90d91c4f988aa9942dd9e06a634a66c6975-744x1039.png?accountingTag=RB
unl-221-219,https://cmsassets.rgpub.io/sanity/images/dsfx7636/game_data_live/82b7043ef6519a4c7e2eb7d45cb6ae91dfd749ca-744x1039.png?accountingTag=RB
unl-222-219,https://cmsassets.rgpub.io/sanity/images/dsfx7636/game_data_live/c6c996fcead364682a031f32948a084101d83493-744x1039.png?accountingTag=RB
unl-223-219,https://cmsassets.rgpub.io/sanity/images/dsfx7636/game_data_live/337f38fae6a4d801fc14abcda2a7d09c3e7e6ae3-744x1039.png?accountingTag=RB
unl-224-219,https://cmsassets.rgpub.io/sanity/images/dsfx7636/game_data_live/2fdb5e1ff9aae4137910fa59065b69ef17144752-744x1039.png?accountingTag=RB
unl-225-219,https://cmsassets.rgpub.io/sanity/images/dsfx7636/game_data_live/9b097e8f9866788e0de2bfada48627c752d3e4b9-744x1039.png?accountingTag=RB
unl-226-star-219,https://cmsassets.rgpub.io/sanity/images/dsfx7636/game_data_live/94fb0a4944da2427ce615dd2c311a2c9bc781fd2-744x1039.png?accountingTag=RB
unl-226-219,https://cmsassets.rgpub.io/sanity/images/dsfx7636/game_data_live/47f10693258104e9373396165e335014bf5783a2-744x1039.png?accountingTag=RB
unl-227-star-219,https://cmsassets.rgpub.io/sanity/images/dsfx7636/game_data_live/9bfffdcab9899c4b0d94ab31d138edd7d2f8e4f1-744x1039.png?accountingTag=RB
unl-227-219,https://cmsassets.rgpub.io/sanity/images/dsfx7636/game_data_live/1f80a016015ebc77bd3d23ce471e364d70698279-744x1039.png?accountingTag=RB
unl-228-star-219,https://cmsassets.rgpub.io/sanity/images/dsfx7636/game_data_live/75ff8f0b0a4ea110dd4af5b14c23da804481387a-744x1039.png?accountingTag=RB
unl-228-219,https://cmsassets.rgpub.io/sanity/images/dsfx7636/game_data_live/b4095d98aff998fda5a08d4c32e97a2a66ccf1e6-744x1039.png?accountingTag=RB
unl-229-star-219,https://cmsassets.rgpub.io/sanity/images/dsfx7636/game_data_live/0febae9c611339d9ed65c7ebe43237b5ec42c9a3-744x1039.png?accountingTag=RB
unl-229-219,https://cmsassets.rgpub.io/sanity/images/dsfx7636/game_data_live/08c48ad82381bb5830a0b413d7a2f25dd2b20d76-744x1039.png?accountingTag=RB
unl-230-star-219,https://cmsassets.rgpub.io/sanity/images/dsfx7636/game_data_live/8d270600e9ec7472cbb51eb56ad0799b7be38c7b-744x1039.png?accountingTag=RB
unl-230-219,https://cmsassets.rgpub.io/sanity/images/dsfx7636/game_data_live/5099aa2938091dfcc54277877e320a7f83aeeec1-744x1039.png?accountingTag=RB
unl-231-star-219,https://cmsassets.rgpub.io/sanity/images/dsfx7636/game_data_live/ebc612b2bf6003be8019930e059f0ac119997bc8-744x1039.png?accountingTag=RB
unl-231-219,https://cmsassets.rgpub.io/sanity/images/dsfx7636/game_data_live/557e41d84ac36ffa2bf805deda159f45e0a815f9-744x1039.png?accountingTag=RB
unl-232-star-219,https://cmsassets.rgpub.io/sanity/images/dsfx7636/game_data_live/748c7cb9574c8805d7fdbaba0f2471af06cceae3-744x1039.png?accountingTag=RB
unl-232-219,https://cmsassets.rgpub.io/sanity/images/dsfx7636/game_data_live/d044ea46fa38cff80c39fdb0b890dd7226c22b89-744x1039.png?accountingTag=RB
unl-233-star-219,https://cmsassets.rgpub.io/sanity/images/dsfx7636/game_data_live/76283fb4384cf39408489f35d00827e0d5b1f9bb-744x1039.png?accountingTag=RB
unl-233-219,https://cmsassets.rgpub.io/sanity/images/dsfx7636/game_data_live/d200178cde5075990f7ca1856675d02c4c2538be-744x1039.png?accountingTag=RB
unl-234-star-219,https://cmsassets.rgpub.io/sanity/images/dsfx7636/game_data_live/9782a99fcb36b09adc5d97cdc29595682f26220d-744x1039.png?accountingTag=RB
unl-234-219,https://cmsassets.rgpub.io/sanity/images/dsfx7636/game_data_live/8bd4006c34aa020211e501e3cb7ee14ab5b4c41f-744x1039.png?accountingTag=RB
unl-235-star-219,https://cmsassets.rgpub.io/sanity/images/dsfx7636/game_data_live/78a3153e914b2124cdc918f3134a8087b342caf7-744x1039.png?accountingTag=RB
unl-235-219,https://cmsassets.rgpub.io/sanity/images/dsfx7636/game_data_live/656450f89be4dc253438a4e0af7f7638ed5f90b2-744x1039.png?accountingTag=RB
unl-236-star-219,https://cmsassets.rgpub.io/sanity/images/dsfx7636/game_data_live/e3bff5dc4489376697823d056b42eba7b90566b6-744x1039.png?accountingTag=RB
unl-236-219,https://cmsassets.rgpub.io/sanity/images/dsfx7636/game_data_live/ffed0102adcae6fe01d173042487ea85ebe899bc-744x1039.png?accountingTag=RB
unl-237-star-219,https://cmsassets.rgpub.io/sanity/images/dsfx7636/game_data_live/c2b3ae8c4beac316128a8b7b1704a221abedec8e-744x1039.png?accountingTag=RB
unl-237-219,https://cmsassets.rgpub.io/sanity/images/dsfx7636/game_data_live/41321ddb3b1c63492285d1c3d067ee42ade502e4-744x1039.png?accountingTag=RB
unl-238-219,https://cmsassets.rgpub.io/sanity/images/dsfx7636/game_data_live/7e8d207a8057b97f9059ea6025a16e59229dc54d-744x1039.png?accountingTag=RB
ven-001-166,https://cmsassets.rgpub.io/sanity/images/dsfx7636/game_data_live/d8abab7f0df7c8ec9fff8c8dfa71c732e1ce2e6a-744x1039.png?accountingTag=RB
ven-r01,https://cmsassets.rgpub.io/sanity/images/dsfx7636/game_data_live/f95ed6ba0c4d4d357c45bf5bdb1a8e540af1f85f-744x1039.png?accountingTag=RB
ven-sp1-006,https://cmsassets.rgpub.io/sanity/images/dsfx7636/game_data_live/a14d1be8f014a331f60885013d81a1a8f5c8c076-744x1039.png?accountingTag=RB
ven-002-166,https://cmsassets.rgpub.io/sanity/images/dsfx7636/game_data_live/b222082d5d38630c4d2542ed24c0442881e3de18-744x1039.png?accountingTag=RB
ven-r02,https://cmsassets.rgpub.io/sanity/images/dsfx7636/game_data_live/9b70aa1b334728a3e8beeea0c9154a2d0f79b1eb-744x1039.png?accountingTag=RB
ven-sp2-006,https://cmsassets.rgpub.io/sanity/images/dsfx7636/game_data_live/2cc800fbd0011dd084426445ebb1c2831420063d-744x1039.png?accountingTag=RB
ven-003-166,https://cmsassets.rgpub.io/sanity/images/dsfx7636/game_data_live/2264ab788558ec69b1b6ed3e03ce69a3f63bdbb7-744x1039.png?accountingTag=RB
ven-r03,https://cmsassets.rgpub.io/sanity/images/dsfx7636/game_data_live/33df1c56c6e76f9cb783c19161f16fcdbdc20f98-744x1039.png?accountingTag=RB
ven-sp3-006,https://cmsassets.rgpub.io/sanity/images/dsfx7636/game_data_live/e8d1993018d8317494cbaab4e4dd738c2e80740d-744x1039.png?accountingTag=RB
ven-004-166,https://cmsassets.rgpub.io/sanity/images/dsfx7636/game_data_live/acab9ec71d58f1e109cd8879c0fef0bdeb866432-744x1039.png?accountingTag=RB
ven-r04,https://cmsassets.rgpub.io/sanity/images/dsfx7636/game_data_live/3313c73c5b31daa482073bfefbf4d2255a89d7d0-744x1039.png?accountingTag=RB
ven-sp4-006,https://cmsassets.rgpub.io/sanity/images/dsfx7636/game_data_live/075f83adf06b41c42c78addd11cfc73fbdb8aabb-744x1039.png?accountingTag=RB
ven-t04,https://cmsassets.rgpub.io/sanity/images/dsfx7636/game_data_live/08b9ccf225fc2ae9eb9b5668e5361b09789210ee-744x1039.png?accountingTag=RB
ven-005-166,https://cmsassets.rgpub.io/sanity/images/dsfx7636/game_data_live/33d3e7840280e2780687057f08f30312a56d230f-744x1039.png?accountingTag=RB
ven-r05,https://cmsassets.rgpub.io/sanity/images/dsfx7636/game_data_live/3861fc566891a70c21cf3d3075adec716deb7080-744x1039.png?accountingTag=RB
ven-sp5-006,https://cmsassets.rgpub.io/sanity/images/dsfx7636/game_data_live/fd4beecca19d4e84ead0852acce83d4c34ac1b4c-744x1039.png?accountingTag=RB
ven-006-166,https://cmsassets.rgpub.io/sanity/images/dsfx7636/game_data_live/d44355b9b129054e63b6f2c8de30518fe87b6295-744x1039.png?accountingTag=RB
ven-r06,https://cmsassets.rgpub.io/sanity/images/dsfx7636/game_data_live/71e7d71ebadb81ccad7ca4cb8b3fb85d2f5fd4bf-744x1039.png?accountingTag=RB
ven-sp6-006,https://cmsassets.rgpub.io/sanity/images/dsfx7636/game_data_live/b9778ec229e052268ea66213ca2dbf60612b2862-744x1039.png?accountingTag=RB
ven-007-166,https://cmsassets.rgpub.io/sanity/images/dsfx7636/game_data_live/03b9a8e704e0f09b686d89d4c2d79f100f212b0f-744x1039.png?accountingTag=RB
ven-008-166,https://cmsassets.rgpub.io/sanity/images/dsfx7636/game_data_live/90293ef9407950d171f5fdd040da289a0f6da487-744x1039.png?accountingTag=RB
ven-009-166,https://cmsassets.rgpub.io/sanity/images/dsfx7636/game_data_live/14c473be38b3ec40503f44555db9a4168a45bfb4-744x1039.png?accountingTag=RB
ven-010-166,https://cmsassets.rgpub.io/sanity/images/dsfx7636/game_data_live/4254a96c88275f09c2c41653d46702125bc24d9f-744x1039.png?accountingTag=RB
ven-011-166,https://cmsassets.rgpub.io/sanity/images/dsfx7636/game_data_live/857a5cee28f403454b1825dd112c07e9ac06b8a4-744x1039.png?accountingTag=RB
ven-012-166,https://cmsassets.rgpub.io/sanity/images/dsfx7636/game_data_live/cb13c46f8c3872678b87f68891d9f4a416ba8080-744x1039.png?accountingTag=RB
ven-013-166,https://cmsassets.rgpub.io/sanity/images/dsfx7636/game_data_live/d5c1aed33b6aa109ff2baea8b3e0c146af750dcc-744x1039.png?accountingTag=RB
ven-014-166,https://cmsassets.rgpub.io/sanity/images/dsfx7636/game_data_live/3bbeed15ac517c2e39c039e376553ce7e1c65f0c-744x1039.png?accountingTag=RB
ven-015-166,https://cmsassets.rgpub.io/sanity/images/dsfx7636/game_data_live/320d9f52a4f22fa3405bb9da82c4d02451d7c133-744x1039.png?accountingTag=RB
ven-016-166,https://cmsassets.rgpub.io/sanity/images/dsfx7636/game_data_live/6b7ea97973ced0e0631554ff07c726fe0a257a3c-744x1039.png?accountingTag=RB
ven-017-166,https://cmsassets.rgpub.io/sanity/images/dsfx7636/game_data_live/04f3ff3a25b08c9af33090e7a533396583f5e433-744x1039.png?accountingTag=RB
ven-018-166,https://cmsassets.rgpub.io/sanity/images/dsfx7636/game_data_live/83a7cd497dd42f535f8f0adc72c3c4324f9aec14-744x1039.png?accountingTag=RB
ven-019-166,https://cmsassets.rgpub.io/sanity/images/dsfx7636/game_data_live/2f6eb3e8328048ad52617c8639ecbe2c287efa36-744x1039.png?accountingTag=RB
ven-019a-166,https://cmsassets.rgpub.io/sanity/images/dsfx7636/game_data_live/cf5a7294a9ebd2d5a8727078efbfd2cf84f12e3e-744x1039.png?accountingTag=RB
ven-020-166,https://cmsassets.rgpub.io/sanity/images/dsfx7636/game_data_live/c9b3acfc3f996d784d1b5f98ab87ba4d1c6136ce-744x1039.png?accountingTag=RB
ven-021-166,https://cmsassets.rgpub.io/sanity/images/dsfx7636/game_data_live/564e5f35ae39b6604290e83f39ffb61c2b2b9175-744x1039.png?accountingTag=RB
ven-021a-166,https://cmsassets.rgpub.io/sanity/images/dsfx7636/game_data_live/92d8ad4bc4724da89f32348f290600f632f24e9e-744x1039.png?accountingTag=RB
ven-022-166,https://cmsassets.rgpub.io/sanity/images/dsfx7636/game_data_live/e2c33bf55162086acd458775a5db3d976f137b61-744x1039.png?accountingTag=RB
ven-023-166,https://cmsassets.rgpub.io/sanity/images/dsfx7636/game_data_live/06793f17adbd827e468db40d644eb273a3932c7e-744x1039.png?accountingTag=RB
ven-023a-166,https://cmsassets.rgpub.io/sanity/images/dsfx7636/game_data_live/dcf031bd69c4880c33d68f73dde8e391a6059be7-744x1039.png?accountingTag=RB
ven-024-166,https://cmsassets.rgpub.io/sanity/images/dsfx7636/game_data_live/aa5fdc995322af38f540629fcf695f1080a14afb-744x1039.png?accountingTag=RB
ven-025-166,https://cmsassets.rgpub.io/sanity/images/dsfx7636/game_data_live/b47621d2b8efcee4d17de40b16c61fa06e404a2a-744x1039.png?accountingTag=RB
ven-026-166,https://cmsassets.rgpub.io/sanity/images/dsfx7636/game_data_live/e880946b6c99023d9fb1e9aa7d23a0c673b0f6ac-744x1039.png?accountingTag=RB
ven-027-166,https://cmsassets.rgpub.io/sanity/images/dsfx7636/game_data_live/524fedb9116db0eb62380c03e0853c342c53daeb-744x1039.png?accountingTag=RB
ven-028-166,https://cmsassets.rgpub.io/sanity/images/dsfx7636/game_data_live/2f31651fc37a3e8bc562d0a361c509c0998d82c8-744x1039.png?accountingTag=RB
ven-029-166,https://cmsassets.rgpub.io/sanity/images/dsfx7636/game_data_live/267fdc483ff8c740779f23eb8f965105feb030cd-744x1039.png?accountingTag=RB
ven-030-166,https://cmsassets.rgpub.io/sanity/images/dsfx7636/game_data_live/7acc2f9fcdec5d2649e4a50dc3c96aeb31b87916-744x1039.png?accountingTag=RB
ven-031-166,https://cmsassets.rgpub.io/sanity/images/dsfx7636/game_data_live/0bd93298503d6b1b2f6faf7e97ab494e6e26db76-744x1039.png?accountingTag=RB
ven-032-166,https://cmsassets.rgpub.io/sanity/images/dsfx7636/game_data_live/38e2b4f12346a1af420f875c0a5f922c56c4140f-744x1039.png?accountingTag=RB
ven-033-166,https://cmsassets.rgpub.io/sanity/images/dsfx7636/game_data_live/ab3be32adadb72831c07750d8defc7918fd32d96-744x1039.png?accountingTag=RB
ven-034-166,https://cmsassets.rgpub.io/sanity/images/dsfx7636/game_data_live/1a625de128019d65d41dd0af4f8d189d5de530a5-744x1039.png?accountingTag=RB
ven-035-166,https://cmsassets.rgpub.io/sanity/images/dsfx7636/game_data_live/daef24792dddefd0971b34d01bd60bc3b11adcca-744x1039.png?accountingTag=RB
ven-036-166,https://cmsassets.rgpub.io/sanity/images/dsfx7636/game_data_live/7a483e91e2bbb81bc8f66697bd610427b080b45c-744x1039.png?accountingTag=RB
ven-037-166,https://cmsassets.rgpub.io/sanity/images/dsfx7636/game_data_live/31d0c16ecaa0bd8522d13d6dd5d940be8111f118-744x1039.png?accountingTag=RB
ven-038-166,https://cmsassets.rgpub.io/sanity/images/dsfx7636/game_data_live/f1a4d73853194a3dde02c51b083d197af89d2bda-744x1039.png?accountingTag=RB
ven-038a-166,https://cmsassets.rgpub.io/sanity/images/dsfx7636/game_data_live/6924311aab46a74aa2c54030c053427725860ea8-744x1039.png?accountingTag=RB
ven-039-166,https://cmsassets.rgpub.io/sanity/images/dsfx7636/game_data_live/0d7491bdb2e9d18f64a5b53a16623b26a7cac6a1-744x1039.png?accountingTag=RB
ven-040-166,https://cmsassets.rgpub.io/sanity/images/dsfx7636/game_data_live/3f9a1b209cfd6097bac6fa9aec57531e300ef511-744x1039.png?accountingTag=RB
ven-041-166,https://cmsassets.rgpub.io/sanity/images/dsfx7636/game_data_live/8c16a53ee243e468f3c337de4354668665f3b386-744x1039.png?accountingTag=RB
ven-042-166,https://cmsassets.rgpub.io/sanity/images/dsfx7636/game_data_live/bbe849918c7f4189379ae8957dd427a3f272a1a6-744x1039.png?accountingTag=RB
ven-042a-166,https://cmsassets.rgpub.io/sanity/images/dsfx7636/game_data_live/a4bac7b94b87fbb3227ecdccd9e2aa1231b655c8-744x1039.png?accountingTag=RB
ven-043-166,https://cmsassets.rgpub.io/sanity/images/dsfx7636/game_data_live/79d9b6583ed8e7d5a1486f1c15b66b19fb7f69a5-744x1039.png?accountingTag=RB
ven-044-166,https://cmsassets.rgpub.io/sanity/images/dsfx7636/game_data_live/b1ce87efc9a1a7e2438c53e034a7f92caaa67ed6-744x1039.png?accountingTag=RB
ven-045-166,https://cmsassets.rgpub.io/sanity/images/dsfx7636/game_data_live/ecfe67bbdc04f5c16a845ccc7a1b8d534195ca70-744x1039.png?accountingTag=RB
ven-046-166,https://cmsassets.rgpub.io/sanity/images/dsfx7636/game_data_live/4d9e9cc17be6aebf33ee1db42b515ad87ba8ee8c-744x1039.png?accountingTag=RB
ven-046a-166,https://cmsassets.rgpub.io/sanity/images/dsfx7636/game_data_live/014103b536a1c5aa2397f0952323375ac9b73d60-744x1039.png?accountingTag=RB
ven-047-166,https://cmsassets.rgpub.io/sanity/images/dsfx7636/game_data_live/6e650b9680864a949299cbe2ef7d06d1d22c7d18-744x1039.png?accountingTag=RB
ven-048-166,https://cmsassets.rgpub.io/sanity/images/dsfx7636/game_data_live/cb0dbff1058e8c59fa041dd242aa9b43d92eae14-744x1039.png?accountingTag=RB
ven-049-166,https://cmsassets.rgpub.io/sanity/images/dsfx7636/game_data_live/cf561c8a0f8debde66b66d3e74ce861d0ce388ae-744x1039.png?accountingTag=RB
ven-050-166,https://cmsassets.rgpub.io/sanity/images/dsfx7636/game_data_live/2f7f3759c59746486a5f91b8452302fa59eddde6-744x1039.png?accountingTag=RB
ven-051-166,https://cmsassets.rgpub.io/sanity/images/dsfx7636/game_data_live/8d85a05075f95b63832ed7aa15620041eacb49d3-744x1039.png?accountingTag=RB
ven-052-166,https://cmsassets.rgpub.io/sanity/images/dsfx7636/game_data_live/854ceafc3f20c7e2d38c83170cb73232116f3d58-744x1039.png?accountingTag=RB
ven-053-166,https://cmsassets.rgpub.io/sanity/images/dsfx7636/game_data_live/62f77b80a6d8f28a92c039595baf5943c4e055f0-744x1039.png?accountingTag=RB
ven-054-166,https://cmsassets.rgpub.io/sanity/images/dsfx7636/game_data_live/07bb606d7cbcb218496b78a4fef354abb99875dc-744x1039.png?accountingTag=RB
ven-055-166,https://cmsassets.rgpub.io/sanity/images/dsfx7636/game_data_live/67a5f67bad4d4201b14760206a34c838d7a1e4dc-744x1039.png?accountingTag=RB
ven-056-166,https://cmsassets.rgpub.io/sanity/images/dsfx7636/game_data_live/f43cb85d4939cc6ea1ed67b1c6526eef912cf9a6-744x1039.png?accountingTag=RB
ven-057-166,https://cmsassets.rgpub.io/sanity/images/dsfx7636/game_data_live/ff33454bf980a5c884b63e524c6580408e9b94e3-744x1039.png?accountingTag=RB
ven-058-166,https://cmsassets.rgpub.io/sanity/images/dsfx7636/game_data_live/7667d7e0c902782c38221e9326d1bb98181ec17f-744x1039.png?accountingTag=RB
ven-059-166,https://cmsassets.rgpub.io/sanity/images/dsfx7636/game_data_live/a8b976725e4722dcbf327cde9f92625cb516150e-744x1039.png?accountingTag=RB
ven-060-166,https://cmsassets.rgpub.io/sanity/images/dsfx7636/game_data_live/4a99fbe995f6d5d71c1c46e1c38f64a9f9d7c3e9-744x1039.png?accountingTag=RB
ven-061-166,https://cmsassets.rgpub.io/sanity/images/dsfx7636/game_data_live/da019355562b207814be6aec55bccf415bd416df-744x1039.png?accountingTag=RB
ven-062-166,https://cmsassets.rgpub.io/sanity/images/dsfx7636/game_data_live/95f4ee0625dda4213847e6649465397be03c8bd1-744x1039.png?accountingTag=RB
ven-063-166,https://cmsassets.rgpub.io/sanity/images/dsfx7636/game_data_live/aa96dbb8b4d72db7e47a72ce652ad542f55bf31d-744x1039.png?accountingTag=RB
ven-063a-166,https://cmsassets.rgpub.io/sanity/images/dsfx7636/game_data_live/c6bfe2146a52c3d8dd0230904435369ff29bac0e-744x1039.png?accountingTag=RB
ven-064-166,https://cmsassets.rgpub.io/sanity/images/dsfx7636/game_data_live/3fc86ed4d23604dbb3c7de211eb6a9c36bd9176d-744x1039.png?accountingTag=RB
ven-065-166,https://cmsassets.rgpub.io/sanity/images/dsfx7636/game_data_live/66d8ec4322d6734719451bb3e004b7d2ec71af87-744x1039.png?accountingTag=RB
ven-066-166,https://cmsassets.rgpub.io/sanity/images/dsfx7636/game_data_live/7c670dc3d997c52b90d67043989b53c67a72f4c4-744x1039.png?accountingTag=RB
ven-067-166,https://cmsassets.rgpub.io/sanity/images/dsfx7636/game_data_live/2068b7c202cab7f877c331a7bad0531d6a8f0d73-744x1039.png?accountingTag=RB
ven-068-166,https://cmsassets.rgpub.io/sanity/images/dsfx7636/game_data_live/123e949085a63fdb6e1590ff0e519cab5758688b-744x1039.png?accountingTag=RB
ven-068a-166,https://cmsassets.rgpub.io/sanity/images/dsfx7636/game_data_live/77439053c7f0cb76ff470d7ecaa57871448b1faf-744x1039.png?accountingTag=RB
ven-069-166,https://cmsassets.rgpub.io/sanity/images/dsfx7636/game_data_live/7d794234d8efef9ad647046d1e2cd3736441899f-744x1039.png?accountingTag=RB
ven-069a-166,https://cmsassets.rgpub.io/sanity/images/dsfx7636/game_data_live/2781dd135b5f42527df3bacee59ccee8684236fa-744x1039.png?accountingTag=RB
ven-070-166,https://cmsassets.rgpub.io/sanity/images/dsfx7636/game_data_live/54122304a3bb1f989faf124cb74fd7d41b029681-744x1039.png?accountingTag=RB
ven-071-166,https://cmsassets.rgpub.io/sanity/images/dsfx7636/game_data_live/24370c9e33705b393c40f426e221ae851a65dd05-744x1039.png?accountingTag=RB
ven-072-166,https://cmsassets.rgpub.io/sanity/images/dsfx7636/game_data_live/891f0f85b039b16593865c74b90b0640a312e59b-744x1039.png?accountingTag=RB
ven-073-166,https://cmsassets.rgpub.io/sanity/images/dsfx7636/game_data_live/22aae23e1ac1797beb50f3f735becfe65b51ee02-744x1039.png?accountingTag=RB
ven-074-166,https://cmsassets.rgpub.io/sanity/images/dsfx7636/game_data_live/15ec9e813e58c9ba96f37e78f09faaaa184ecdad-744x1039.png?accountingTag=RB
ven-075-166,https://cmsassets.rgpub.io/sanity/images/dsfx7636/game_data_live/f6a3940440a38e34fe306947d663018dd2df7ca8-744x1039.png?accountingTag=RB
ven-076-166,https://cmsassets.rgpub.io/sanity/images/dsfx7636/game_data_live/b1ef578e372e64afbce717384fb8a3b7fd841fc8-744x1039.png?accountingTag=RB
ven-077-166,https://cmsassets.rgpub.io/sanity/images/dsfx7636/game_data_live/c4f511ca650143e3f5267e272513e4dcf9cba04f-744x1039.png?accountingTag=RB
ven-078-166,https://cmsassets.rgpub.io/sanity/images/dsfx7636/game_data_live/fa41ae964411e63643025f7d8914627849ff57a8-744x1039.png?accountingTag=RB
ven-079-166,https://cmsassets.rgpub.io/sanity/images/dsfx7636/game_data_live/7c45dc79e72efc8ddf8c5b20d83474e23dc66e5e-744x1039.png?accountingTag=RB
ven-080-166,https://cmsassets.rgpub.io/sanity/images/dsfx7636/game_data_live/a8c9a1b0eefc89106aa154ce3958c82d86e70940-744x1039.png?accountingTag=RB
ven-081-166,https://cmsassets.rgpub.io/sanity/images/dsfx7636/game_data_live/6a1ef90c64e07b3f561e34c8d43ff5f64db925d8-744x1039.png?accountingTag=RB
ven-082-166,https://cmsassets.rgpub.io/sanity/images/dsfx7636/game_data_live/27955854d3f04ed95e87152f066f99671af2f9f1-744x1039.png?accountingTag=RB
ven-083-166,https://cmsassets.rgpub.io/sanity/images/dsfx7636/game_data_live/3c85ae2c6bd5b2644651564fad0f86ad19c5709a-744x1039.png?accountingTag=RB
ven-084-166,https://cmsassets.rgpub.io/sanity/images/dsfx7636/game_data_live/3907dc56d3a639e62f5222eaa0fd589c7a582da6-744x1039.png?accountingTag=RB
ven-084a-166,https://cmsassets.rgpub.io/sanity/images/dsfx7636/game_data_live/df72c64b97738a217508ee8ee6e6297000607a97-744x1039.png?accountingTag=RB
ven-085-166,https://cmsassets.rgpub.io/sanity/images/dsfx7636/game_data_live/12106889f9f76914421f38e8958a248462637a22-744x1039.png?accountingTag=RB
ven-086-166,https://cmsassets.rgpub.io/sanity/images/dsfx7636/game_data_live/f270a3ecc4850594513c45d145f2b855152e2cb7-744x1039.png?accountingTag=RB
ven-087-166,https://cmsassets.rgpub.io/sanity/images/dsfx7636/game_data_live/36acfeb7da10f1254e962b7bacda3e6ea559fe53-744x1039.png?accountingTag=RB
ven-088-166,https://cmsassets.rgpub.io/sanity/images/dsfx7636/game_data_live/2dcecc0aab2b62e48388177cc27d220fd70b8a78-744x1039.png?accountingTag=RB
ven-088a-166,https://cmsassets.rgpub.io/sanity/images/dsfx7636/game_data_live/69539dc4cfa14f1cfe9dc8b49c67344eca176a32-744x1039.png?accountingTag=RB
ven-089-166,https://cmsassets.rgpub.io/sanity/images/dsfx7636/game_data_live/a58871b08a51efb8ce33f399fe4d168fd25b596a-744x1039.png?accountingTag=RB
ven-090-166,https://cmsassets.rgpub.io/sanity/images/dsfx7636/game_data_live/1fb5fcd8ca8be36b5aba234040b7428aab682576-744x1039.png?accountingTag=RB
ven-091-166,https://cmsassets.rgpub.io/sanity/images/dsfx7636/game_data_live/6000c549047967e619d47bdbd2f265e5bb8b5b19-744x1039.png?accountingTag=RB
ven-092-166,https://cmsassets.rgpub.io/sanity/images/dsfx7636/game_data_live/0b4340e30e46f1784b31b9a110903825b7428a94-744x1039.png?accountingTag=RB
ven-092a-166,https://cmsassets.rgpub.io/sanity/images/dsfx7636/game_data_live/ba4078d7df5cd5f661aa0c606794036338b64864-744x1039.png?accountingTag=RB
ven-093-166,https://cmsassets.rgpub.io/sanity/images/dsfx7636/game_data_live/18e925b4291231a2045e60d062bd174950316c1d-744x1039.png?accountingTag=RB
ven-094-166,https://cmsassets.rgpub.io/sanity/images/dsfx7636/game_data_live/21cf578371a75f6e2661d44f4d7389d8732c133e-744x1039.png?accountingTag=RB
ven-095-166,https://cmsassets.rgpub.io/sanity/images/dsfx7636/game_data_live/f85fb8b46a29360f9850826df11202ff8221fec8-744x1039.png?accountingTag=RB
ven-096-166,https://cmsassets.rgpub.io/sanity/images/dsfx7636/game_data_live/f42e9286c968db8cd37fb2911617b8c78de7d516-744x1040.png?accountingTag=RB
ven-097-166,https://cmsassets.rgpub.io/sanity/images/dsfx7636/game_data_live/fadf12e6e52eb5c70c65b479438f999f49d825fc-744x1039.png?accountingTag=RB
ven-098-166,https://cmsassets.rgpub.io/sanity/images/dsfx7636/game_data_live/72ef8764cb3909940f0ca4bd8b31cdceed241af0-744x1039.png?accountingTag=RB
ven-099-166,https://cmsassets.rgpub.io/sanity/images/dsfx7636/game_data_live/f9b2ffecc997670713bffd3168e5578b5fb7a014-744x1039.png?accountingTag=RB
ven-100-166,https://cmsassets.rgpub.io/sanity/images/dsfx7636/game_data_live/245942e8b2bf073d5d6d57074474ec273557f4df-744x1039.png?accountingTag=RB
ven-101-166,https://cmsassets.rgpub.io/sanity/images/dsfx7636/game_data_live/93a194c0c1f055c0b3bc3c0717cbe488749fed92-744x1039.png?accountingTag=RB
ven-102-166,https://cmsassets.rgpub.io/sanity/images/dsfx7636/game_data_live/57ecb26880ea084ea16b785c9a563ff298ee6a42-744x1039.png?accountingTag=RB
ven-103-166,https://cmsassets.rgpub.io/sanity/images/dsfx7636/game_data_live/25e2130938a893833fcb8e29287adbd230c3b67f-744x1039.png?accountingTag=RB
ven-104-166,https://cmsassets.rgpub.io/sanity/images/dsfx7636/game_data_live/91a04e2131245c81c2eac486e63925592b0e253a-744x1039.png?accountingTag=RB
ven-105-166,https://cmsassets.rgpub.io/sanity/images/dsfx7636/game_data_live/1c5c10009a9fb2605df5db1ff12647a47ac07d98-744x1039.png?accountingTag=RB
ven-106-166,https://cmsassets.rgpub.io/sanity/images/dsfx7636/game_data_live/ef118660422af84f6183d375b68ce1872acb1e2e-744x1039.png?accountingTag=RB
ven-107-166,https://cmsassets.rgpub.io/sanity/images/dsfx7636/game_data_live/b0e82842acddb99c47af6793dab48164caf498c2-744x1039.png?accountingTag=RB
ven-108-166,https://cmsassets.rgpub.io/sanity/images/dsfx7636/game_data_live/e249b3c2a7f652dfb7549604f600792df11835b4-744x1039.png?accountingTag=RB
ven-109-166,https://cmsassets.rgpub.io/sanity/images/dsfx7636/game_data_live/86fccf469e67fb89312e0c860842e2801a8b12e7-744x1039.png?accountingTag=RB
ven-110-166,https://cmsassets.rgpub.io/sanity/images/dsfx7636/game_data_live/214567717b4f0156ff06c923e1603234cb52db61-744x1039.png?accountingTag=RB
ven-110a-166,https://cmsassets.rgpub.io/sanity/images/dsfx7636/game_data_live/0495d07746d71cdd1aeae8f7fd5a0b78da0817fb-744x1039.png?accountingTag=RB
ven-111-166,https://cmsassets.rgpub.io/sanity/images/dsfx7636/game_data_live/30b6e4a44bcadaa53168bd4ac043fbf2136f5eb3-744x1039.png?accountingTag=RB
ven-112-166,https://cmsassets.rgpub.io/sanity/images/dsfx7636/game_data_live/be97ca6a33e25b85a04ec1b3a163b31f141776cf-744x1039.png?accountingTag=RB
ven-112a-166,https://cmsassets.rgpub.io/sanity/images/dsfx7636/game_data_live/a9828930a4b5ab7aa98d8199f00e1fde59fd20e3-744x1039.png?accountingTag=RB
ven-113-166,https://cmsassets.rgpub.io/sanity/images/dsfx7636/game_data_live/2f27c99f3df2940940dddd65105e5e42bbeeab3d-744x1039.png?accountingTag=RB
ven-113a-166,https://cmsassets.rgpub.io/sanity/images/dsfx7636/game_data_live/000c73937c370cd3572facc9b313b4eb2d26eee8-744x1039.png?accountingTag=RB
ven-114-166,https://cmsassets.rgpub.io/sanity/images/dsfx7636/game_data_live/2453848e7069e994498c828d72c33df6905f38e5-744x1039.png?accountingTag=RB
ven-115-166,https://cmsassets.rgpub.io/sanity/images/dsfx7636/game_data_live/bd93cc3c9165204cd3e830fc2022384bad7517be-744x1039.png?accountingTag=RB
ven-116-166,https://cmsassets.rgpub.io/sanity/images/dsfx7636/game_data_live/ded9b54d93d7c3ade8a1d65c8ac66a13d1246329-744x1039.png?accountingTag=RB
ven-117-166,https://cmsassets.rgpub.io/sanity/images/dsfx7636/game_data_live/de5b6316d65297e67a97d12d7c70974f7d3ce7d6-744x1039.png?accountingTag=RB
ven-118-166,https://cmsassets.rgpub.io/sanity/images/dsfx7636/game_data_live/a7b3cb9f4175e71bc8fb60e69c55a0ea3f26fe8f-744x1039.png?accountingTag=RB
ven-119-166,https://cmsassets.rgpub.io/sanity/images/dsfx7636/game_data_live/42b965736c715293da57ec23472684506f49ba7f-744x1039.png?accountingTag=RB
ven-120-166,https://cmsassets.rgpub.io/sanity/images/dsfx7636/game_data_live/c02046374935d38a8e4bb28a8192dfc46e2596a0-744x1039.png?accountingTag=RB
ven-121-166,https://cmsassets.rgpub.io/sanity/images/dsfx7636/game_data_live/d70352ba57ae548c405614ec6ba2bb17d7a19a44-744x1039.png?accountingTag=RB
ven-122-166,https://cmsassets.rgpub.io/sanity/images/dsfx7636/game_data_live/1aaf389ca46bd9122233aadcfd23fee8f9cdfdc9-744x1039.png?accountingTag=RB
ven-123-166,https://cmsassets.rgpub.io/sanity/images/dsfx7636/game_data_live/9a23a1f2c83751c2a715049be32c2482ea10454d-744x1039.png?accountingTag=RB
ven-124-166,https://cmsassets.rgpub.io/sanity/images/dsfx7636/game_data_live/253d782f8f6d4056eebecf9617e6858fdb2e712d-744x1039.png?accountingTag=RB
ven-125-166,https://cmsassets.rgpub.io/sanity/images/dsfx7636/game_data_live/464b4e2edfd526a3b72a80ab05bc9630b7057c22-744x1039.png?accountingTag=RB
ven-126-166,https://cmsassets.rgpub.io/sanity/images/dsfx7636/game_data_live/10fa1b5646489adb8ae70ff41a63ff856d8f20d1-744x1039.png?accountingTag=RB
ven-127-166,https://cmsassets.rgpub.io/sanity/images/dsfx7636/game_data_live/f21bbd09545d949f095756281e5506128eb4809d-744x1039.png?accountingTag=RB
ven-128-166,https://cmsassets.rgpub.io/sanity/images/dsfx7636/game_data_live/0720c25776670ef32dcc504b14378890991798be-744x1039.png?accountingTag=RB
ven-129-166,https://cmsassets.rgpub.io/sanity/images/dsfx7636/game_data_live/a93887af1128d19cdec798611ffdd29900ac5d85-744x1039.png?accountingTag=RB
ven-130-166,https://cmsassets.rgpub.io/sanity/images/dsfx7636/game_data_live/2324531e93383ce0d7efbe67cbf7ee226127dea2-744x1039.png?accountingTag=RB
ven-131-166,https://cmsassets.rgpub.io/sanity/images/dsfx7636/game_data_live/220161ac48f1307e4d74c372d549fea18829a86b-744x1039.png?accountingTag=RB
ven-132-166,https://cmsassets.rgpub.io/sanity/images/dsfx7636/game_data_live/e5d46c6d56dc14670b5e25547eeb1ee3ceca5a80-744x1039.png?accountingTag=RB
ven-133-166,https://cmsassets.rgpub.io/sanity/images/dsfx7636/game_data_live/6426e9c2b168f0dde5430d5bc57108a0cc2bcebb-744x1039.png?accountingTag=RB
ven-134-166,https://cmsassets.rgpub.io/sanity/images/dsfx7636/game_data_live/8ae883f96bb3a5e20d8002ec49cace430aaf2b88-744x1039.png?accountingTag=RB
ven-135-166,https://cmsassets.rgpub.io/sanity/images/dsfx7636/game_data_live/446ff54c091b07627f826952f45ee40e9976d040-744x1039.png?accountingTag=RB
ven-135a-166,https://cmsassets.rgpub.io/sanity/images/dsfx7636/game_data_live/1d55c475f395c2b1bac63844208687bb9b3232b2-744x1039.png?accountingTag=RB
ven-136-166,https://cmsassets.rgpub.io/sanity/images/dsfx7636/game_data_live/687c273217cd94067be9625a7f85b61d108a6293-744x1039.png?accountingTag=RB
ven-136a-166,https://cmsassets.rgpub.io/sanity/images/dsfx7636/game_data_live/02a1cfcd6663687d28b98a2de3ba666231c4eeee-744x1039.png?accountingTag=RB
ven-137-166,https://cmsassets.rgpub.io/sanity/images/dsfx7636/game_data_live/e49461109a4116c22af9206719f53fb73aee36d0-744x1039.png?accountingTag=RB
ven-138-166,https://cmsassets.rgpub.io/sanity/images/dsfx7636/game_data_live/b227d9f9abc6f165beffba4eaf3b5819cf06eab4-744x1039.png?accountingTag=RB
ven-138a-166,https://cmsassets.rgpub.io/sanity/images/dsfx7636/game_data_live/bf3f260e47de2887ba16fbc02e9df7f02e57a24a-744x1039.png?accountingTag=RB
ven-139-166,https://cmsassets.rgpub.io/sanity/images/dsfx7636/game_data_live/0d53b477ed43fb9bbed84858443a606b2b51a2b5-744x1039.png?accountingTag=RB
ven-140-166,https://cmsassets.rgpub.io/sanity/images/dsfx7636/game_data_live/bac1ecff92d022e99a3696ad00d020530a1a09e7-744x1039.png?accountingTag=RB
ven-141-166,https://cmsassets.rgpub.io/sanity/images/dsfx7636/game_data_live/7620595b36b40a0c3d05c4c5469b016d1c18c6f2-744x1039.png?accountingTag=RB
ven-142-166,https://cmsassets.rgpub.io/sanity/images/dsfx7636/game_data_live/0d5ccc8bb0b70473add784a3f4c71e1e8635e2ce-744x1039.png?accountingTag=RB
ven-143-166,https://cmsassets.rgpub.io/sanity/images/dsfx7636/game_data_live/aa316eb1b01c8d036eaba84b03909027fe69f6e2-744x1039.png?accountingTag=RB
ven-144-166,https://cmsassets.rgpub.io/sanity/images/dsfx7636/game_data_live/87ccfb8d1c19f402bb37ffa392011ee2f0880aa9-744x1039.png?accountingTag=RB
ven-145-166,https://cmsassets.rgpub.io/sanity/images/dsfx7636/game_data_live/f26a25c5fddba7da788455c3d82b85c5abc7a2eb-744x1039.png?accountingTag=RB
ven-146-166,https://cmsassets.rgpub.io/sanity/images/dsfx7636/game_data_live/8b28e4a0681eee9b19c29770a5f167e1e68c78cf-744x1039.png?accountingTag=RB
ven-147-166,https://cmsassets.rgpub.io/sanity/images/dsfx7636/game_data_live/54388a3124b7e1f0331e5970f952778db5f24500-744x1039.png?accountingTag=RB
ven-148-166,https://cmsassets.rgpub.io/sanity/images/dsfx7636/game_data_live/c95a4862c3af5f3ec1cee1f1ae7291c8724df7a1-744x1039.png?accountingTag=RB
ven-149-166,https://cmsassets.rgpub.io/sanity/images/dsfx7636/game_data_live/670b7efd367a42beba11c18fb59e240a7c574a57-744x1039.png?accountingTag=RB
ven-150-166,https://cmsassets.rgpub.io/sanity/images/dsfx7636/game_data_live/31b71a16ee85cf30124fdaa2c575e709a4c83771-744x1039.png?accountingTag=RB
ven-151-166,https://cmsassets.rgpub.io/sanity/images/dsfx7636/game_data_live/2e9e60b3f161b41219c40ef0426049634fb7ba1a-744x1039.png?accountingTag=RB
ven-152-166,https://cmsassets.rgpub.io/sanity/images/dsfx7636/game_data_live/2df67fe2ba17f0796ff1f9c03b85d2db48fe954b-744x1039.png?accountingTag=RB
ven-153-166,https://cmsassets.rgpub.io/sanity/images/dsfx7636/game_data_live/49e81916d7ae72b24de845223e1798652d26e789-744x1039.png?accountingTag=RB
ven-154-166,https://cmsassets.rgpub.io/sanity/images/dsfx7636/game_data_live/c8348e2aef6bad5a38d4f71b1b1c277598670286-744x1039.png?accountingTag=RB
ven-155-166,https://cmsassets.rgpub.io/sanity/images/dsfx7636/game_data_live/0eab83392b310417d2630d50a3bfee3dd02b31c4-744x1039.png?accountingTag=RB
ven-156-166,https://cmsassets.rgpub.io/sanity/images/dsfx7636/game_data_live/22375e0d2d1a49cb0eb7e31aebf3e73a2e0bba55-744x1039.png?accountingTag=RB
ven-157-166,https://cmsassets.rgpub.io/sanity/images/dsfx7636/game_data_live/94558ee0292d92126829036d32495cbf702e5391-1039x744.png?accountingTag=RB
ven-158-166,https://cmsassets.rgpub.io/sanity/images/dsfx7636/game_data_live/075d4b78c065a96845ac978c86af3a3349cb5501-1039x744.png?accountingTag=RB
ven-159-166,https://cmsassets.rgpub.io/sanity/images/dsfx7636/game_data_live/afef083faa1f3813e5744a552c9873c798bedfd5-1039x744.png?accountingTag=RB
ven-160-166,https://cmsassets.rgpub.io/sanity/images/dsfx7636/game_data_live/55f6fec944c489010464cb554c4661d94518fa75-1039x744.png?accountingTag=RB
ven-161-166,https://cmsassets.rgpub.io/sanity/images/dsfx7636/game_data_live/0cc432b51e80d1734529ef323e601e62e202c2b1-1039x744.png?accountingTag=RB
ven-162-166,https://cmsassets.rgpub.io/sanity/images/dsfx7636/game_data_live/a994ae712cdefcbdaf263fbb6ab0723d0f678e99-1039x744.png?accountingTag=RB
ven-163-166,https://cmsassets.rgpub.io/sanity/images/dsfx7636/game_data_live/47402ed9d5eebb9e38176315bdaf1a556845eef7-1039x744.png?accountingTag=RB
ven-164-166,https://cmsassets.rgpub.io/sanity/images/dsfx7636/game_data_live/d77c607878d6815e02796f8bfa8a5696ad5f1a7d-1039x744.png?accountingTag=RB
ven-165-166,https://cmsassets.rgpub.io/sanity/images/dsfx7636/game_data_live/635a3a0b724a2cfc11938ecbc1d8abddd89d3436-1039x744.png?accountingTag=RB
ven-166-166,https://cmsassets.rgpub.io/sanity/images/dsfx7636/game_data_live/5521aac82f036f1070326c743a9f653955d67bb9-1039x744.png?accountingTag=RB
ven-167-166,https://cmsassets.rgpub.io/sanity/images/dsfx7636/game_data_live/dff596efc7413bfdd9cc8e667c46bd4228447de5-744x1039.png?accountingTag=RB
ven-168-166,https://cmsassets.rgpub.io/sanity/images/dsfx7636/game_data_live/3a7304f3c9897967812940838e978e54e251e545-744x1039.png?accountingTag=RB
ven-169-166,https://cmsassets.rgpub.io/sanity/images/dsfx7636/game_data_live/5d665b28073066442b35f7b6aed98c83fca23631-744x1039.png?accountingTag=RB
ven-170-166,https://cmsassets.rgpub.io/sanity/images/dsfx7636/game_data_live/56d6b54bdc2ae37579da820cec613c127a8843d3-744x1039.png?accountingTag=RB
ven-171-166,https://cmsassets.rgpub.io/sanity/images/dsfx7636/game_data_live/929f7184d11756933729ab4d7e2e88547e6dd49b-744x1039.png?accountingTag=RB
ven-172-166,https://cmsassets.rgpub.io/sanity/images/dsfx7636/game_data_live/ff8f818d7f59b549af9067e9956f25aec706587c-744x1039.png?accountingTag=RB
ven-173-166,https://cmsassets.rgpub.io/sanity/images/dsfx7636/game_data_live/7f068252d62ab4eea8a779825d84c2c078bbd722-744x1039.png?accountingTag=RB
ven-174-166,https://cmsassets.rgpub.io/sanity/images/dsfx7636/game_data_live/45d83debda443f1bf88e1cf7123eb8b844143124-744x1039.png?accountingTag=RB
ven-175-166,https://cmsassets.rgpub.io/sanity/images/dsfx7636/game_data_live/be6d6a608c5bee9d2012e24d9e6f6f1d1977a37a-744x1039.png?accountingTag=RB
ven-176-166,https://cmsassets.rgpub.io/sanity/images/dsfx7636/game_data_live/0416b4a447494acac41413a4511bb59ce983b4ec-744x1039.png?accountingTag=RB
ven-177-166,https://cmsassets.rgpub.io/sanity/images/dsfx7636/game_data_live/49ebe990f1d3631e3c18fc37323c49f49bf159fa-744x1039.png?accountingTag=RB
ven-178-166,https://cmsassets.rgpub.io/sanity/images/dsfx7636/game_data_live/3095b4ed4fd647539ed9a80828b8e1ce7f09ae82-744x1039.png?accountingTag=RB
ven-179-166,https://cmsassets.rgpub.io/sanity/images/dsfx7636/game_data_live/1f16f5b1f980106057606a2faa3cce64fa4850e7-744x1039.png?accountingTag=RB
ven-180-166,https://cmsassets.rgpub.io/sanity/images/dsfx7636/game_data_live/4875b0eb5705f9723118f0895dd702373826bdbc-744x1039.png?accountingTag=RB
ven-181-166,https://cmsassets.rgpub.io/sanity/images/dsfx7636/game_data_live/9d9fd99b083fb7104d533ca0eccb43a47c2cc74a-744x1039.png?accountingTag=RB
ven-182-166,https://cmsassets.rgpub.io/sanity/images/dsfx7636/game_data_live/a50aadbfd6f435433a80b12da9826fa0a6bd8172-744x1039.png?accountingTag=RB
ven-183-166,https://cmsassets.rgpub.io/sanity/images/dsfx7636/game_data_live/d5a7071e4f1af712c9bf5342ba70fbb2e359483f-744x1039.png?accountingTag=RB
ven-184-166,https://cmsassets.rgpub.io/sanity/images/dsfx7636/game_data_live/92ac39878346a886129b6d339ab3d9e6c722a7eb-744x1039.png?accountingTag=RB
ven-185-166,https://cmsassets.rgpub.io/sanity/images/dsfx7636/game_data_live/0fec986bfca86382c61770575ed20e1799b6b830-744x1039.png?accountingTag=RB
ven-186-166,https://cmsassets.rgpub.io/sanity/images/dsfx7636/game_data_live/f5015b3077bbe6fbcdb0437fd47f119040e26ca3-744x1039.png?accountingTag=RB
ven-187-166,https://cmsassets.rgpub.io/sanity/images/dsfx7636/game_data_live/17552788c608d9cb044c0a9bf7076d462548875b-744x1039.png?accountingTag=RB
ven-188-166,https://cmsassets.rgpub.io/sanity/images/dsfx7636/game_data_live/0dac0b8b724d7d20f3e8c2126856d54d990e4ebc-744x1039.png?accountingTag=RB
ven-189-star-166,https://cmsassets.rgpub.io/sanity/images/dsfx7636/game_data_live/d8262e7b24f26d1c9a18b13166d009aaf573e059-744x1039.png?accountingTag=RB
ven-189-166,https://cmsassets.rgpub.io/sanity/images/dsfx7636/game_data_live/7b0ec31df147b40bbb83c40644252b48a7619593-744x1039.png?accountingTag=RB
ven-190-star-166,https://cmsassets.rgpub.io/sanity/images/dsfx7636/game_data_live/b9270494d2c18525e766b2ffa23a7c99ad9f994f-744x1039.png?accountingTag=RB
ven-190-166,https://cmsassets.rgpub.io/sanity/images/dsfx7636/game_data_live/f5db9db00111d8225e17c3a03d0111b471e74999-744x1040.png?accountingTag=RB
ven-191-star-166,https://cmsassets.rgpub.io/sanity/images/dsfx7636/game_data_live/a88733f8062c18a7aa51a208b1aef5d0bd030007-744x1039.png?accountingTag=RB
ven-191-166,https://cmsassets.rgpub.io/sanity/images/dsfx7636/game_data_live/75b7ba57a83af496b26d9fe7e8521f9a851bf464-744x1039.png?accountingTag=RB
ven-192-star-166,https://cmsassets.rgpub.io/sanity/images/dsfx7636/game_data_live/964b5f9718a6648add68d894505e69bd2c5d071a-744x1039.png?accountingTag=RB
ven-192-166,https://cmsassets.rgpub.io/sanity/images/dsfx7636/game_data_live/1790b30538781eb2a55b5baee00fff9ed08794aa-744x1039.png?accountingTag=RB
ven-193-star-166,https://cmsassets.rgpub.io/sanity/images/dsfx7636/game_data_live/1f60702c09f95d2a2af0176c77166092cb8cf6fa-744x1039.png?accountingTag=RB
ven-193-166,https://cmsassets.rgpub.io/sanity/images/dsfx7636/game_data_live/8c234c7efc30a24dc50c4b76517857bff6e1f906-744x1039.png?accountingTag=RB
ven-194-star-166,https://cmsassets.rgpub.io/sanity/images/dsfx7636/game_data_live/3092eec0739ac28d36e22c3ee005feb75980d001-744x1039.png?accountingTag=RB
ven-194-166,https://cmsassets.rgpub.io/sanity/images/dsfx7636/game_data_live/f527eb9b02ce62d808ec82e12ac28af5a6bd75fb-744x1039.png?accountingTag=RB
ven-195-star-166,https://cmsassets.rgpub.io/sanity/images/dsfx7636/game_data_live/174a22326c894454cb5878f4ce3603d43f9e599f-744x1040.png?accountingTag=RB
ven-195-166,https://cmsassets.rgpub.io/sanity/images/dsfx7636/game_data_live/f56cf2a3755318e1dc6afd01736f2a4d759cd4a1-744x1039.png?accountingTag=RB
ven-196-star-166,https://cmsassets.rgpub.io/sanity/images/dsfx7636/game_data_live/844b4dd1ae4803abf61b42d53af2b4969e594332-744x1039.png?accountingTag=RB
ven-196-166,https://cmsassets.rgpub.io/sanity/images/dsfx7636/game_data_live/2d6c1bd7992ddd20fe524587274ed6f9a249e42c-744x1039.png?accountingTag=RB
ven-197-star-166,https://cmsassets.rgpub.io/sanity/images/dsfx7636/game_data_live/853681913bcd2a2e2b42217e290b530b72518142-744x1039.png?accountingTag=RB
ven-197-166,https://cmsassets.rgpub.io/sanity/images/dsfx7636/game_data_live/f208ffb2ee76827cd4c608bcc8e1bcb9380bfa31-744x1039.png?accountingTag=RB
