id,name,code,public_code,set_code,set_name,collector_number,rarity,type,cost,might,power,domains,tags,ability_text,artists,orientation,image_file,is_alternate_art,is_signed,is_overnumbered,is_variant
ogn-001-298,Blazing Scorcher,OGN-001,OGN-001/298,OGN,Origins,1,Common,Unit,5,5,,Fury,Dragon|Noxus,[Accelerate] (You may pay {energy:1}{power:fury} as an additional cost to have me enter ready.),Envar Studio,portrait,ogn-001-298.png,False,False,False,False
ogn-002-298,Brazen Buccaneer,OGN-002,OGN-002/298,OGN,Origins,2,Common,Unit,6,5,,Fury,Pirate|Bilgewater,"As you play me, you may discard 1 as an additional cost. If you do, reduce my cost by {energy:2}.",Six More Vodka,portrait,ogn-002-298.png,False,False,False,False
ogn-003-298,Chemtech Enforcer,OGN-003,OGN-003/298,OGN,Origins,3,Common,Unit,2,2,,Fury,Zaun,"[Assault 2] (+2 {might} while I'm an attacker.)
When you play me, discard 1.",Six More Vodka,portrait,ogn-003-298.png,False,False,False,False
ogn-004-298,Cleave,OGN-004,OGN-004/298,OGN,Origins,4,Common,Spell,1,,,Fury,,"[Action] (Play on your turn or in showdowns.)
Give a unit [Assault 3] this turn. (+3 {might} while it's an attacker.)",Kudos Productions,portrait,ogn-004-298.png,False,False,False,False
ogn-005-298,Disintegrate,OGN-005,OGN-005/298,OGN,Origins,5,Common,Spell,4,,,Fury,,"[Action] (Play on your turn or in showdowns.)
Deal 3 to a unit at a battlefield. If this kills it, draw 1.",Kudos Productions,portrait,ogn-005-298.png,False,False,False,False
ogn-006-298,Flame Chompers,OGN-006,OGN-006/298,OGN,Origins,6,Common,Unit,3,3,,Fury,Zaun,"When you discard me, you may pay {power:fury} to play me.",Six More Vodka,portrait,ogn-006-298.png,False,False,False,False
ogn-007-298,Fury Rune,OGN-007,OGN-007/298,OGN,Origins,7,Common,Rune,,,,Fury,,,Greg Ghielmetti & Leah Chen,portrait,ogn-007-298.png,False,False,False,False
ogn-007a-298,Fury Rune,OGN-007a,OGN-007a/298,OGN,Origins,7,Showcase,Rune,,,,Fury,,,Fairfoul,portrait,ogn-007a-298.png,True,False,False,True
ogn-008-298,Get Excited!,OGN-008,OGN-008/298,OGN,Origins,8,Common,Spell,2,,1,Fury,,"[Action] (Play on your turn or in showdowns.)
Discard 1. Deal its Energy cost as damage to a unit at a battlefield. (Ignore its Power cost.)",Original Force Studio,portrait,ogn-008-298.png,False,False,False,False
ogn-009-298,Hextech Ray,OGN-009,OGN-009/298,OGN,Origins,9,Common,Spell,1,,1,Fury,,"[Action] (Play on your turn or in showdowns.)
Deal 3 to a unit at a battlefield.",League of Legends,portrait,ogn-009-298.png,False,False,False,False
ogn-010-298,Legion Rearguard,OGN-010,OGN-010/298,OGN,Origins,10,Common,Unit,2,2,,Fury,Trifarian|Noxus,[Accelerate] (You may pay {energy:1}{power:fury} as an additional cost to have me enter ready.),Six More Vodka,portrait,ogn-010-298.png,False,False,False,False
ogn-011-298,Magma Wurm,OGN-011,OGN-011/298,OGN,Origins,11,Common,Unit,8,8,1,Fury,Freljord,Other friendly units enter ready.,Envar Studio,portrait,ogn-011-298.png,False,False,False,False
ogn-012-298,Noxus Hopeful,OGN-012,OGN-012/298,OGN,Origins,12,Common,Unit,4,4,,Fury,Trifarian|Noxus,[Legion] — I cost {energy:2} less. (Get the effect if you've played another card this turn.),Six More Vodka,portrait,ogn-012-298.png,False,False,False,False
ogn-013-298,Pouty Poro,OGN-013,OGN-013/298,OGN,Origins,13,Common,Unit,2,2,,Fury,Poro,[Deflect] (Opponents must pay {power:any} to choose me with a spell or ability.),Caravan Studio,portrait,ogn-013-298.png,False,False,False,False
ogn-014-298,Sky Splitter,OGN-014,OGN-014/298,OGN,Origins,14,Common,Spell,8,,1,Fury,,"[Action] (Play on your turn or in showdowns.)
This spell's Energy cost is reduced by the highest Might among units you control.
Deal 5 to a unit at a battlefield.",Polar Engine Studio,portrait,ogn-014-298.png,False,False,False,False
ogn-015-298,Captain Farron,OGN-015,OGN-015/298,OGN,Origins,15,Uncommon,Unit,4,5,1,Fury,Trifarian|Noxus,Other friendly units here have [Assault]. (+1 {might} while they're attackers.),Six More Vodka,portrait,ogn-015-298.png,False,False,False,False
ogn-016-298,Dangerous Duo,OGN-016,OGN-016/298,OGN,Origins,16,Uncommon,Unit,3,3,,Fury,Mech|Bandle City,"[Legion] — When you play me, give a unit +2 {might} this turn. (Get the effect if you've played another card this turn.)",Envar Studio,portrait,ogn-016-298.png,False,False,False,False
ogn-017-298,Iron Ballista,OGN-017,OGN-017/298,OGN,Origins,17,Uncommon,Gear,3,,,Fury,,"This enters exhausted.
{exhaust}: Deal 2 to a unit at a battlefield.",Kudos Productions,portrait,ogn-017-298.png,False,False,False,False
ogn-018-298,Noxus Saboteur,OGN-018,OGN-018/298,OGN,Origins,18,Uncommon,Unit,3,3,,Fury,Trifarian|Noxus,Your opponents' [Hidden] cards can't be revealed here.,Six More Vodka,portrait,ogn-018-298.png,False,False,False,False
ogn-019-298,Raging Soul,OGN-019,OGN-019/298,OGN,Origins,19,Uncommon,Unit,4,4,,Fury,Spirit|Shadow Isles,"If you've discarded a card this turn, I have [Assault] and [Ganking]. (+1 {might} while I'm an attacker. I can move from battlefield to battlefield.)",Six More Vodka,portrait,ogn-019-298.png,False,False,False,False
ogn-020-298,Scrapyard Champion,OGN-020,OGN-020/298,OGN,Origins,20,Uncommon,Unit,5,5,1,Fury,Mech|Bandle City,"[Legion] — When you play me, discard 2, then draw 2. (Get the effect if you've played another card this turn.)",Envar Studio,portrait,ogn-020-298.png,False,False,False,False
ogn-021-298,Sun Disc,OGN-021,OGN-021/298,OGN,Origins,21,Uncommon,Gear,2,,1,Fury,,{exhaust}: [Legion] — The next unit you play this turn enters ready. (Get the effect if you've played another card this turn.),Envar Studio,portrait,ogn-021-298.png,False,False,False,False
ogn-022-298,Thermo Beam,OGN-022,OGN-022/298,OGN,Origins,22,Uncommon,Spell,5,,2,Fury,,"[Action] (Play on your turn or in showdowns.)
Kill all gear.",Max Grecke,portrait,ogn-022-298.png,False,False,False,False
ogn-023-298,Unlicensed Armory,OGN-023,OGN-023/298,OGN,Origins,23,Uncommon,Gear,2,,,Fury,,"Discard 1, {exhaust}: Choose a friendly unit. The next time it dies this turn, you may pay {power:fury} to recall it exhausted instead. (Send it to base. This isn't a move.)",Kudos Productions,portrait,ogn-023-298.png,False,False,False,False
ogn-024-298,Void Seeker,OGN-024,OGN-024/298,OGN,Origins,24,Uncommon,Spell,3,,1,Fury,,"[Action] (Play on your turn or in showdowns.)
Deal 4 to a unit at a battlefield. Draw 1.",Kudos Productions,portrait,ogn-024-298.png,False,False,False,False
ogn-025-298,Blind Fury,OGN-025,OGN-025/298,OGN,Origins,25,Rare,Spell,4,,2,Fury,,"[Action] (Play on your turn or in showdowns.)
Each opponent reveals the top card of their Main Deck. Choose one and banish it, then play it, ignoring its cost. Then recycle the rest.",Six More Vodka,portrait,ogn-025-298.png,False,False,False,False
ogn-026-298,Brynhir Thundersong,OGN-026,OGN-026/298,OGN,Origins,26,Rare,Unit,6,5,,Fury,Freljord,"When you play me, opponents can't play cards this turn.",Envar Studio,portrait,ogn-026-298.png,False,False,False,False
ogn-027-298,Darius,OGN-027,OGN-027/298,OGN,Origins,27,Rare,Unit,5,5,1,Fury,Trifarian|Darius|Noxus,"When you play your second card in a turn, give me +2 {might} this turn and ready me.",League Splash Team,portrait,ogn-027-298.png,False,False,False,False
ogn-027a-298,Darius,OGN-027a,OGN-027a/298,OGN,Origins,27,Showcase,Unit,5,5,1,Fury,Trifarian|Darius|Noxus,"When you play your second card in a turn, give me +2 {might} this turn and ready me.",League Splash Team,portrait,ogn-027a-298.png,True,False,False,True
ogn-028-298,Draven,OGN-028,OGN-028/298,OGN,Origins,28,Rare,Unit,5,3,1,Fury,Draven|Noxus,My Might is increased by your points.,Six More Vodka,portrait,ogn-028-298.png,False,False,False,False
ogn-029-298,Falling Star,OGN-029,OGN-029/298,OGN,Origins,29,Rare,Spell,2,,2,Fury,,"Deal 3 to a unit.
Deal 3 to a unit.",Kudos Productions,portrait,ogn-029-298.png,False,False,False,False
ogn-030-298,Jinx,OGN-030,OGN-030/298,OGN,Origins,30,Rare,Unit,3,4,1,Fury,Jinx|Zaun,"[Accelerate] (You may pay {energy:1}{power:fury} as an additional cost to have me enter ready.)
[Assault 2] (+2 {might} while I'm an attacker.)
When you play me, discard 2.",Kudos Productions,portrait,ogn-030-298.png,False,False,False,False
ogn-030a-298,Jinx,OGN-030a,OGN-030a/298,OGN,Origins,30,Showcase,Unit,3,4,1,Fury,Jinx|Zaun,"[Accelerate] (You may pay {energy:1}{power:fury} as an additional cost to have me enter ready.)
[Assault 2] (+2 {might} while I'm an attacker.)
When you play me, discard 2.",League Splash Team,portrait,ogn-030a-298.png,True,False,False,True
ogn-031-298,Raging Firebrand,OGN-031,OGN-031/298,OGN,Origins,31,Rare,Unit,6,4,1,Fury,Dragon|Mount Targon,"When you play me, the next spell you play this turn costs {energy:5} less.",JiHun Lee,portrait,ogn-031-298.png,False,False,False,False
ogn-032-298,Ravenborn Tome,OGN-032,OGN-032/298,OGN,Origins,32,Rare,Gear,3,,,Fury,,{exhaust}: The next spell you play this turn deals 1 Bonus Damage. (Each instance of damage the spell deals is increased by 1.),Polar Engine Studio,portrait,ogn-032-298.png,False,False,False,False
ogn-033-298,Shakedown,OGN-033,OGN-033/298,OGN,Origins,33,Rare,Spell,2,,1,Fury,,"[Reaction] (Play any time, even before spells and abilities resolve.)
Choose an enemy unit. Deal 6 to it unless its controller has you draw 2.",Kudos Productions,portrait,ogn-033-298.png,False,False,False,False
ogn-034-298,Tryndamere,OGN-034,OGN-034/298,OGN,Origins,34,Rare,Unit,7,8,2,Fury,Tryndamere|Freljord,"When I conquer after an attack, if you assigned 5 or more excess damage to enemy units, you score 1 point.",Six More Vodka,portrait,ogn-034-298.png,False,False,False,False
ogn-035-298,Vayne,OGN-035,OGN-035/298,OGN,Origins,35,Rare,Unit,4,2,1,Fury,Vayne|Demacia,"[Assault 3] (+3 {might} while I'm an attacker.)
If an opponent controls a battlefield, I enter ready.
When I conquer, you may pay {energy:1} to return me to my owner's hand.",Kudos Productions,portrait,ogn-035-298.png,False,False,False,False
ogn-036-298,Vi,OGN-036,OGN-036/298,OGN,Origins,36,Rare,Unit,2,3,1,Fury,Vi|Piltover,"[Ganking] (I can move from battlefield to battlefield.)
Recycle 1 from your trash: Give me +1 {might} this turn.",Kudos Productions,portrait,ogn-036-298.png,False,False,False,False
ogn-037-298,Immortal Phoenix,OGN-037,OGN-037/298,OGN,Origins,37,Epic,Unit,3,3,1,Fury,Spirit,"[Assault 2] (+2 {might} while I'm an attacker.)
When you kill a unit with a spell, you may pay {energy:1}{power:fury} to play me from your trash.",Kudos Productions,portrait,ogn-037-298.png,False,False,False,False
ogn-038-298,Kadregrin the Infernal,OGN-038,OGN-038/298,OGN,Origins,38,Epic,Unit,9,9,2,Fury,Dragon|Demacia,"When you play me, draw 1 for each of your [Mighty] units. (A unit is Mighty while it has 5+ {might}.)",Six More Vodka,portrait,ogn-038-298.png,False,False,False,False
ogn-039-298,Kai'Sa,OGN-039,OGN-039/298,OGN,Origins,39,Epic,Unit,4,4,,Fury,Kai'Sa|The Void,"[Accelerate] (You may pay {energy:1}{power:fury} as an additional cost to have me enter ready.)
When I conquer, draw 1.",League Splash Team,portrait,ogn-039-298.png,False,False,False,False
ogn-039a-298,Kai'Sa,OGN-039a,OGN-039a/298,OGN,Origins,39,Showcase,Unit,4,4,,Fury,Kai'Sa|The Void,"[Accelerate] (You may pay {energy:1}{power:fury} as an additional cost to have me enter ready.)
When I conquer, draw 1.",Envar Studio,portrait,ogn-039a-298.png,True,False,False,True
ogn-040-298,Seal of Rage,OGN-040,OGN-040/298,OGN,Origins,40,Epic,Gear,0,,1,Fury,,{exhaust}: [Reaction] — [Add] {power:fury}. (Abilities that add resources can't be reacted to.),Kudos Productions,portrait,ogn-040-298.png,False,False,False,False
ogn-041-298,Volibear,OGN-041,OGN-041/298,OGN,Origins,41,Epic,Unit,10,9,2,Fury,Volibear|Freljord,"[Deflect 2] (Opponents must pay {power:any}{power:any} to choose me with a spell or ability.)
When I attack, deal 5 damage split among any number of enemy units here.",Envar Studio,portrait,ogn-041-298.png,False,False,False,False
ogn-041a-298,Volibear,OGN-041a,OGN-041a/298,OGN,Origins,41,Showcase,Unit,10,9,2,Fury,Volibear|Freljord,"[Deflect 2] (Opponents must pay {power:any}{power:any} to choose me with a spell or ability.)
When I attack, deal 5 damage split among any number of enemy units here.",League Splash Team,portrait,ogn-041a-298.png,True,False,False,True
ogn-042-298,Calm Rune,OGN-042,OGN-042/298,OGN,Origins,42,Common,Rune,,,,Calm,,,Greg Ghielmetti & Leah Chen,portrait,ogn-042-298.png,False,False,False,False
ogn-042a-298,Calm Rune,OGN-042a,OGN-042a/298,OGN,Origins,42,Showcase,Rune,,,,Calm,,,Zhongqi Li,portrait,ogn-042a-298.png,True,False,False,True
ogn-043-298,Charm,OGN-043,OGN-043/298,OGN,Origins,43,Common,Spell,1,,1,Calm,,Move an enemy unit.,Kudos Productions,portrait,ogn-043-298.png,False,False,False,False
ogn-044-298,Clockwork Keeper,OGN-044,OGN-044/298,OGN,Origins,44,Common,Unit,2,2,,Calm,Shurima,"As you play me, you may pay {power:calm} as an additional cost. If you do, draw 1.",Polar Engine Studio,portrait,ogn-044-298.png,False,False,False,False
ogn-045-298,Defy,OGN-045,OGN-045/298,OGN,Origins,45,Common,Spell,1,,1,Calm,,"[Reaction] (Play any time, even before spells and abilities resolve.)
Counter a spell that costs no more than {energy:4} and no more than {power:any}.",Kudos Productions,portrait,ogn-045-298.png,False,False,False,False
ogn-046-298,En Garde,OGN-046,OGN-046/298,OGN,Origins,46,Common,Spell,1,,,Calm,,"[Reaction] (Play any time, even before spells and abilities resolve.)
Give a friendly unit +1 {might} this turn, then an additional +1 {might} this turn if it is the only unit you control there.",Kudos Productions,portrait,ogn-046-298.png,False,False,False,False
ogn-047-298,Find Your Center,OGN-047,OGN-047/298,OGN,Origins,47,Common,Spell,3,,,Calm,,"[Action] (Play on your turn or in showdowns.)
If an opponent's score is within 3 points of the Victory Score, this costs {energy:2} less.
Draw 1 and channel 1 rune exhausted.",Kudos Productions,portrait,ogn-047-298.png,False,False,False,False
ogn-048-298,Meditation,OGN-048,OGN-048/298,OGN,Origins,48,Common,Spell,2,,,Calm,,"[Reaction] (Play any time, even before spells and abilities resolve.)
As an additional cost to play this, you may exhaust a friendly unit. If you do, draw 2. Otherwise, draw 1.",Kudos Productions,portrait,ogn-048-298.png,False,False,False,False
ogn-049-298,Playful Phantom,OGN-049,OGN-049/298,OGN,Origins,49,Common,Unit,5,5,,Calm,Spirit|Shadow Isles,,Six More Vodka,portrait,ogn-049-298.png,False,False,False,False
ogn-050-298,Rune Prison,OGN-050,OGN-050/298,OGN,Origins,50,Common,Spell,2,,1,Calm,,"[Action] (Play on your turn or in showdowns.)
Stun a unit. (It doesn't deal combat damage this turn.)",Kudos Productions,portrait,ogn-050-298.png,False,False,False,False
ogn-051-298,Solari Shieldbearer,OGN-051,OGN-051/298,OGN,Origins,51,Common,Unit,3,2,,Calm,Mount Targon,"When you play me, stun a unit. (It doesn't deal combat damage this turn.)",Kudos Productions,portrait,ogn-051-298.png,False,False,False,False
ogn-052-298,Stalwart Poro,OGN-052,OGN-052/298,OGN,Origins,52,Common,Unit,2,2,,Calm,Poro,[Shield] (+1 {might} while I'm a defender.),Six More Vodka,portrait,ogn-052-298.png,False,False,False,False
ogn-053-298,Stand United,OGN-053,OGN-053/298,OGN,Origins,53,Common,Spell,3,,,Calm,,"[Hidden] (Hide now for {power:any} to react with later for {energy:0}.)
[Action] (Play on your turn or in showdowns.)
Buff a friendly unit. Buffs give an additional +1 {might} to friendly units this turn. (To buff a unit, give it a +1 {might} buff if it doesn't already have one.)",Six More Vodka,portrait,ogn-053-298.png,False,False,False,False
ogn-054-298,Sunlit Guardian,OGN-054,OGN-054/298,OGN,Origins,54,Common,Unit,3,3,,Calm,Shurima,"[Shield] (+1 {might} while I'm a defender.)
[Tank] (I must be assigned combat damage first.)",Kudos Productions,portrait,ogn-054-298.png,False,False,False,False
ogn-055-298,Wielder of Water,OGN-055,OGN-055/298,OGN,Origins,55,Common,Unit,3,2,,Calm,Ionia,"While I'm attacking or defending alone, I have +2 {might}.",Six More Vodka,portrait,ogn-055-298.png,False,False,False,False
ogn-056-298,Adaptatron,OGN-056,OGN-056/298,OGN,Origins,56,Uncommon,Unit,4,3,,Calm,Mech|Piltover,"When I conquer, you may kill a gear. If you do, buff me. (If I don't have a buff, I get a +1 {might} buff.)",Kudos Productions,portrait,ogn-056-298.png,False,False,False,False
ogn-057-298,Block,OGN-057,OGN-057/298,OGN,Origins,57,Uncommon,Spell,2,,,Calm,,"[Hidden] (Hide now for {power:any} to react with later for {energy:0}.)
[Action] (Play on your turn or in showdowns.)
Give a unit [Shield 3] and [Tank] this turn. (+3 {might} while it's a defender. It must be assigned combat damage first.)",Kudos Productions,portrait,ogn-057-298.png,False,False,False,False
ogn-058-298,Discipline,OGN-058,OGN-058/298,OGN,Origins,58,Uncommon,Spell,2,,,Calm,,"[Reaction] (Play any time, even before spells and abilities resolve.)
Give a unit +2 {might} this turn. Draw 1.",Kudos Productions,portrait,ogn-058-298.png,False,False,False,False
ogn-059-298,Eclipse Herald,OGN-059,OGN-059/298,OGN,Origins,59,Uncommon,Unit,7,7,1,Calm,Bird|Mount Targon,"When you stun an enemy unit, ready me and give me +1 {might} this turn.",Kudos Productions,portrait,ogn-059-298.png,False,False,False,False
ogn-060-298,Mask of Foresight,OGN-060,OGN-060/298,OGN,Origins,60,Uncommon,Gear,2,,,Calm,,"When a friendly unit attacks or defends alone, give it +1 {might} this turn.",Kudos Productions,portrait,ogn-060-298.png,False,False,False,False
ogn-061-298,Poro Herder,OGN-061,OGN-061/298,OGN,Origins,61,Uncommon,Unit,3,3,1,Calm,Freljord,"When you play me, if you control a Poro, buff me and draw 1. (If I don't have a buff, I get a +1 {might} buff.)",Six More Vodka,portrait,ogn-061-298.png,False,False,False,False
ogn-062-298,Reinforce,OGN-062,OGN-062/298,OGN,Origins,62,Uncommon,Spell,5,,,Calm,,"Look at the top 5 cards of your Main Deck. You may banish a unit from among them, then play it, reducing its cost by {energy:5}. Recycle the remaining cards.",Kudos Productions,portrait,ogn-062-298.png,False,False,False,False
ogn-063-298,Spirit's Refuge,OGN-063,OGN-063/298,OGN,Origins,63,Uncommon,Gear,2,,1,Calm,,"When you play this, buff a friendly unit. (If it doesn't have a buff, it gets a +1 {might} buff.)
Friendly buffed units have [Deflect] if they didn't already. (Opponents must pay {power:any} to choose those units with a spell or ability.)",Kudos Productions,portrait,ogn-063-298.png,False,False,False,False
ogn-064-298,Wind Wall,OGN-064,OGN-064/298,OGN,Origins,64,Uncommon,Spell,3,,2,Calm,,"[Reaction] (Play any time, even before spells and abilities resolve.)
Counter a spell.",Max Grecke,portrait,ogn-064-298.png,False,False,False,False
ogn-065-298,Wizened Elder,OGN-065,OGN-065/298,OGN,Origins,65,Uncommon,Unit,4,4,,Calm,Ionia,"While I'm buffed, I have an additional +1 {might}.",Six More Vodka,portrait,ogn-065-298.png,False,False,False,False
ogn-066-298,Ahri,OGN-066,OGN-066/298,OGN,Origins,66,Rare,Unit,5,4,1,Calm,Ahri|Ionia,"When I hold, you score 1 point.",League Splash Team,portrait,ogn-066-298.png,False,False,False,False
ogn-066a-298,Ahri,OGN-066a,OGN-066a/298,OGN,Origins,66,Showcase,Unit,5,4,1,Calm,Ahri|Ionia,"When I hold, you score 1 point.",Wild Rift,portrait,ogn-066a-298.png,True,False,False,True
ogn-067-298,Blitzcrank,OGN-067,OGN-067/298,OGN,Origins,67,Rare,Unit,5,5,1,Calm,Mech|Blitzcrank|Zaun,"[Tank] (I must be assigned combat damage first.)
When you play me to a battlefield, you may move an enemy unit to here.
When I hold, return me to my owner's hand.",League Splash Team,portrait,ogn-067-298.png,False,False,False,False
ogn-068-298,Caitlyn,OGN-068,OGN-068/298,OGN,Origins,68,Rare,Unit,3,3,1,Calm,Caitlyn|Piltover,"I must be assigned combat damage last.
{exhaust}: Deal damage equal to my Might to a unit at a battlefield. Use this ability only while I'm at a battlefield.",Six More Vodka,portrait,ogn-068-298.png,False,False,False,False
ogn-069-298,Last Stand,OGN-069,OGN-069/298,OGN,Origins,69,Rare,Spell,3,,1,Calm,,"[Action] (Play on your turn or in showdowns.)
Double a friendly unit's Might this turn. Give it [Temporary]. (Kill it at the start of its controller's Beginning Phase, before scoring.)",Kudos Productions,portrait,ogn-069-298.png,False,False,False,False
ogn-070-298,Mageseeker Warden,OGN-070,OGN-070/298,OGN,Origins,70,Rare,Unit,6,5,1,Calm,Demacia,"While I'm at a battlefield, opponents can only play units to their base.
While I'm at a battlefield, spells and abilities can't ready enemy units and gear.",Six More Vodka,portrait,ogn-070-298.png,False,False,False,False
ogn-071-298,Party Favors,OGN-071,OGN-071/298,OGN,Origins,71,Rare,Spell,3,,,Calm,,"Each other player chooses Cards or Runes. For each player that chooses Cards, you and that player each draw 1. For each player that chooses Runes, you and that player each channel 1 rune exhausted.",Kudos Productions,portrait,ogn-071-298.png,False,False,False,False
ogn-072-298,Solari Shrine,OGN-072,OGN-072/298,OGN,Origins,72,Rare,Gear,3,,,Calm,,"When you kill a stunned enemy unit, you may exhaust this to draw 1.",Kudos Productions,portrait,ogn-072-298.png,False,False,False,False
ogn-073-298,Sona,OGN-073,OGN-073/298,OGN,Origins,73,Rare,Unit,4,4,1,Calm,Sona|Demacia,"While I'm at a battlefield, ready 4 friendly runes at the end of your turn.",League Splash Team,portrait,ogn-073-298.png,False,False,False,False
ogn-074-298,Taric,OGN-074,OGN-074/298,OGN,Origins,74,Rare,Unit,4,4,1,Calm,Taric|Mount Targon,"[Shield] (+1 {might} while I'm a defender.)
[Tank] (I must be assigned combat damage first.)
Other friendly units here have [Shield].",Six More Vodka,portrait,ogn-074-298.png,False,False,False,False
ogn-075-298,Tasty Faefolk,OGN-075,OGN-075/298,OGN,Origins,75,Rare,Unit,7,6,,Calm,Fae|Bandle City,"[Accelerate] (You may pay {energy:1}{power:calm} as an additional cost to have me enter ready.)
[Deathknell] — Channel 2 runes exhausted and draw 1. (When I die, get the effect.)",Dao Trong Le,portrait,ogn-075-298.png,False,False,False,False
ogn-076-298,Yasuo,OGN-076,OGN-076/298,OGN,Origins,76,Rare,Unit,6,6,2,Calm,Yasuo|Ionia,"When I attack, deal damage equal to my Might to an enemy unit here.",Six More Vodka,portrait,ogn-076-298.png,False,False,False,False
ogn-076a-298,Yasuo,OGN-076a,OGN-076a/298,OGN,Origins,76,Showcase,Unit,6,6,2,Calm,Yasuo|Ionia,"When I attack, deal damage equal to my Might to an enemy unit here.",League Splash Team,portrait,ogn-076a-298.png,True,False,False,True
ogn-077-298,Zhonya's Hourglass,OGN-077,OGN-077/298,OGN,Origins,77,Rare,Gear,2,,,Calm,,"[Hidden] (Hide now for {power:any} to react with later for {energy:0}.)
The next time a friendly unit would die, kill this instead. Recall that unit exhausted. (Send it to base. This isn't a move.)",Kudos Productions,portrait,ogn-077-298.png,False,False,False,False
ogn-078-298,Lee Sin,OGN-078,OGN-078/298,OGN,Origins,78,Epic,Unit,5,5,1,Calm,Lee Sin|Ionia,"[Shield] (+1 {might} while I'm a defender.)
{exhaust}: Buff me. (I get a +1 {might} buff.)
I can have any number of buffs.",Six More Vodka,portrait,ogn-078-298.png,False,False,False,False
ogn-078a-298,Lee Sin,OGN-078a,OGN-078a/298,OGN,Origins,78,Showcase,Unit,5,5,1,Calm,Lee Sin|Ionia,"[Shield] (+1 {might} while I'm a defender.)
{exhaust}: Buff me. (I get a +1 {might} buff.)
I can have any number of buffs.",League Splash Team,portrait,ogn-078a-298.png,True,False,False,True
ogn-079-298,Leona,OGN-079,OGN-079/298,OGN,Origins,79,Epic,Unit,6,6,1,Calm,Leona|Mount Targon,"If an opponent's score is within 3 points of the Victory Score, I enter ready.
Stunned enemy units here have -8 {might}, to a minimum of 1 {might}.",Six More Vodka,portrait,ogn-079-298.png,False,False,False,False
ogn-079a-298,Leona,OGN-079a,OGN-079a/298,OGN,Origins,79,Showcase,Unit,6,6,1,Calm,Leona|Mount Targon,"If an opponent's score is within 3 points of the Victory Score, I enter ready.
Stunned enemy units here have -8 {might}, to a minimum of 1 {might}.",Six More Vodka,portrait,ogn-079a-298.png,True,False,False,True
ogn-080-298,Mystic Reversal,OGN-080,OGN-080/298,OGN,Origins,80,Epic,Spell,4,,3,Calm,,"[Reaction] (Play any time, even before spells and abilities resolve.)
Gain control of a spell. You may make new choices for it.",Polar Engine Studio,portrait,ogn-080-298.png,False,False,False,False
ogn-081-298,Seal of Focus,OGN-081,OGN-081/298,OGN,Origins,81,Epic,Gear,0,,1,Calm,,{exhaust}: [Reaction] — [Add] {power:calm}. (Abilities that add resources can't be reacted to.),Kudos Productions,portrait,ogn-081-298.png,False,False,False,False
ogn-082-298,Whiteflame Protector,OGN-082,OGN-082/298,OGN,Origins,82,Epic,Unit,8,8,2,Calm,Dragon|Mount Targon,"When you play me, give a unit +8 {might} this turn.",Aron Elekes,portrait,ogn-082-298.png,False,False,False,False
ogn-083-298,Consult the Past,OGN-083,OGN-083/298,OGN,Origins,83,Common,Spell,4,,,Mind,,"[Hidden] (Hide now for {power:any} to react with later for {energy:0}.)
[Reaction] (Play any time, even before spells and abilities resolve.)
Draw 2.",Kudos Productions,portrait,ogn-083-298.png,False,False,False,False
ogn-084-298,Eager Apprentice,OGN-084,OGN-084/298,OGN,Origins,84,Common,Unit,3,3,,Mind,Piltover,"While I'm at a battlefield, the Energy costs for spells you play is reduced by {energy:1}, to a minimum of {energy:1}.",Six More Vodka,portrait,ogn-084-298.png,False,False,False,False
ogn-085-298,Falling Comet,OGN-085,OGN-085/298,OGN,Origins,85,Common,Spell,5,,,Mind,,"[Action] (Play on your turn or in showdowns.)
Deal 6 to a unit at a battlefield.",Kudos Productions,portrait,ogn-085-298.png,False,False,False,False
ogn-086-298,Jeweled Colossus,OGN-086,OGN-086/298,OGN,Origins,86,Common,Unit,5,5,,Mind,Mount Targon,"[Vision] (When you play me, look at the top card of your Main Deck. You may recycle it.)
[Shield] (+1 {might} while I'm a defender.)",Kudos Productions,portrait,ogn-086-298.png,False,False,False,False
ogn-087-298,Lecturing Yordle,OGN-087,OGN-087/298,OGN,Origins,87,Common,Unit,3,2,,Mind,Yordle|Bandle City,"[Tank] (I must be assigned combat damage first.)
When you play me, draw 1.",Kudos Productions,portrait,ogn-087-298.png,False,False,False,False
ogn-088-298,Mega-Mech,OGN-088,OGN-088/298,OGN,Origins,88,Common,Unit,7,8,,Mind,Mech|Bandle City,,Valentin Gloaguen,portrait,ogn-088-298.png,False,False,False,False
ogn-089-298,Mind Rune,OGN-089,OGN-089/298,OGN,Origins,89,Common,Rune,,,,Mind,,,Greg Ghielmetti & Leah Chen,portrait,ogn-089-298.png,False,False,False,False
ogn-089a-298,Mind Rune,OGN-089a,OGN-089a/298,OGN,Origins,89,Showcase,Rune,,,,Mind,,,Fairfoul,portrait,ogn-089a-298.png,True,False,False,True
ogn-090-298,Orb of Regret,OGN-090,OGN-090/298,OGN,Origins,90,Common,Gear,1,,,Mind,,"{exhaust}: Give a unit -1 {might} this turn, to a minimum of 1 {might}.",Kudos Productions,portrait,ogn-090-298.png,False,False,False,False
ogn-091-298,Pit Crew,OGN-091,OGN-091/298,OGN,Origins,91,Common,Unit,3,3,,Mind,Bandle City,"When you play a gear, ready me.",Chris Kintner,portrait,ogn-091-298.png,False,False,False,False
ogn-092-298,Riptide Rex,OGN-092,OGN-092/298,OGN,Origins,92,Common,Unit,6,6,2,Mind,Pirate|Bilgewater,"When you play me, deal 6 to an enemy unit at a battlefield.",MAR Studio,portrait,ogn-092-298.png,False,False,False,False
ogn-093-298,Smoke Screen,OGN-093,OGN-093/298,OGN,Origins,93,Common,Spell,2,,1,Mind,,"[Reaction] (Play any time, even before spells and abilities resolve.)
Give a unit -4 {might} this turn, to a minimum of 1 {might}.",Kudos Productions,portrait,ogn-093-298.png,False,False,False,False
ogn-094-298,Sprite Call,OGN-094,OGN-094/298,OGN,Origins,94,Common,Spell,3,,,Mind,,"[Hidden] (Hide now for {power:any} to react with later for {energy:0}.)
[Action] (Play on your turn or in showdowns.)
Play a ready 3 {might} Sprite unit token with [Temporary]. (Kill it at the start of its controller's Beginning Phase, before scoring.)",Envar Studio,portrait,ogn-094-298.png,False,False,False,False
ogn-095-298,Stupefy,OGN-095,OGN-095/298,OGN,Origins,95,Common,Spell,1,,,Mind,,"[Reaction] (Play any time, even before spells and abilities resolve.)
Give a unit -1 {might} this turn, to a minimum of 1 {might}. Draw 1.",Kudos Productions,portrait,ogn-095-298.png,False,False,False,False
ogn-096-298,Watchful Sentry,OGN-096,OGN-096/298,OGN,Origins,96,Common,Unit,2,1,,Mind,Freljord,"[Deathknell] — Draw 1. (When I die, get the effect.)",Six More Vodka,portrait,ogn-096-298.png,False,False,False,False
ogn-097-298,Blastcone Fae,OGN-097,OGN-097/298,OGN,Origins,97,Uncommon,Unit,2,2,1,Mind,Fae|Bandle City,"[Hidden] (Hide now for {power:any} to react with later for {energy:0}.)
When you play me, give a unit -2 {might} this turn, to a minimum of 1 {might}.",Caravan Studio,portrait,ogn-097-298.png,False,False,False,False
ogn-098-298,Energy Conduit,OGN-098,OGN-098/298,OGN,Origins,98,Uncommon,Gear,3,,,Mind,,{exhaust}: [Reaction] — [Add] {energy:1}. (Abilities that add resources can't be reacted to.),Kudos Productions,portrait,ogn-098-298.png,False,False,False,False
ogn-099-298,Garbage Grabber,OGN-099,OGN-099/298,OGN,Origins,99,Uncommon,Gear,2,,,Mind,,"Recycle 3 from your trash, {energy:1}, {exhaust}: Draw 1.",Caravan Studio,portrait,ogn-099-298.png,False,False,False,False
ogn-100-298,Gemcraft Seer,OGN-100,OGN-100/298,OGN,Origins,100,Uncommon,Unit,3,3,1,Mind,Mount Targon,"[Vision] (When you play me, look at the top card of your Main Deck. You may recycle it.)
Other friendly units have [Vision].",Bubble Cat Studio,portrait,ogn-100-298.png,False,False,False,False
ogn-101-298,Mushroom Pouch,OGN-101,OGN-101/298,OGN,Origins,101,Uncommon,Gear,2,,,Mind,,"At the start of your Beginning Phase, if you control a facedown card at a battlefield, draw 1.",Polar Engine Studio,portrait,ogn-101-298.png,False,False,False,False
ogn-102-298,Portal Rescue,OGN-102,OGN-102/298,OGN,Origins,102,Uncommon,Spell,3,,1,Mind,,"[Action] (Play on your turn or in showdowns.)
Banish a friendly unit, then play it to base, ignoring its cost.",Kudos Productions,portrait,ogn-102-298.png,False,False,False,False
ogn-103-298,Ravenbloom Student,OGN-103,OGN-103/298,OGN,Origins,103,Uncommon,Unit,2,2,,Mind,Noxus,"When you play a spell, give me +1 {might} this turn.",Polar Engine Studio,portrait,ogn-103-298.png,False,False,False,False
ogn-104-298,Retreat,OGN-104,OGN-104/298,OGN,Origins,104,Uncommon,Spell,1,,,Mind,,"[Reaction] (Play any time, even before spells and abilities resolve.)
Return a friendly unit to its owner's hand. Its owner channels 1 rune exhausted.",Kudos Productions,portrait,ogn-104-298.png,False,False,False,False
ogn-105-298,Singularity,OGN-105,OGN-105/298,OGN,Origins,105,Uncommon,Spell,6,,2,Mind,,Deal 6 to each of up to two units.,Kudos Productions,portrait,ogn-105-298.png,False,False,False,False
ogn-106-298,Sprite Mother,OGN-106,OGN-106/298,OGN,Origins,106,Uncommon,Unit,4,3,1,Mind,Fae,"When you play me, play a ready 3 {might} Sprite unit token with [Temporary] here. (Kill it at the start of its controller's Beginning Phase, before scoring.)",Envar Studio,portrait,ogn-106-298.png,False,False,False,False
ogn-107-298,Ava Achiever,OGN-107,OGN-107/298,OGN,Origins,107,Rare,Unit,5,4,,Mind,Yordle,"When I attack, you may pay {power:mind} to play a card with [Hidden] from your hand here, ignoring its cost.",Kudos Productions,portrait,ogn-107-298.png,False,False,False,False
ogn-108-298,Convergent Mutation,OGN-108,OGN-108/298,OGN,Origins,108,Rare,Spell,2,,1,Mind,,"[Reaction] (Play any time, even before spells and abilities resolve.)
Choose a friendly unit. This turn, increase its Might to the Might of another friendly unit.",Wild Blue Studios,portrait,ogn-108-298.png,False,False,False,False
ogn-109-298,Dr. Mundo,OGN-109,OGN-109/298,OGN,Origins,109,Rare,Unit,8,6,2,Mind,Dr. Mundo|Zaun,"My Might is increased by the number of cards in your trash.
At the start of your Beginning Phase, recycle 3 from your trash.",League Splash Team,portrait,ogn-109-298.png,False,False,False,False
ogn-110-298,Ekko,OGN-110,OGN-110/298,OGN,Origins,110,Rare,Unit,5,5,1,Mind,Ekko|Zaun,"[Accelerate] (You may pay {energy:1}{power:mind} as an additional cost to have me enter ready.)
[Deathknell] — Recycle me to ready your runes. (When I die, get the effect.)",Six More Vodka,portrait,ogn-110-298.png,False,False,False,False
ogn-111-298,Heimerdinger,OGN-111,OGN-111/298,OGN,Origins,111,Rare,Unit,3,3,1,Mind,Yordle|Heimerdinger|Piltover,"I have all {exhaust} abilities of all friendly legends, units, and gear.",Six More Vodka,portrait,ogn-111-298.png,False,False,False,False
ogn-112-298,Kai'Sa,OGN-112,OGN-112/298,OGN,Origins,112,Rare,Unit,6,6,1,Mind,Kai'Sa|The Void,"[Ganking] (I can move from battlefield to battlefield.)
When I conquer, you may play a spell from your trash with Energy cost less than your points without paying its Energy cost. Then recycle it. (You must still pay its Power cost.)",Kudos Productions,portrait,ogn-112-298.png,False,False,False,False
ogn-112a-298,Kai'Sa,OGN-112a,OGN-112a/298,OGN,Origins,112,Showcase,Unit,6,6,1,Mind,Kai'Sa|The Void,"[Ganking] (I can move from battlefield to battlefield.)
When I conquer, you may play a spell from your trash with Energy cost less than your points without paying its Energy cost. Then recycle it. (You must still pay its Power cost.)",League Splash Team,portrait,ogn-112a-298.png,True,False,False,True
ogn-113-298,Malzahar,OGN-113,OGN-113/298,OGN,Origins,113,Rare,Unit,4,3,,Mind,Malzahar|The Void,"Kill a friendly unit or gear, {exhaust}: [Action] — [Add] {power:any}{power:any}. (Use on your turn or in showdowns. Abilities that add resources can't be reacted to.)",League Splash Team,portrait,ogn-113-298.png,False,False,False,False
ogn-114-298,Progress Day,OGN-114,OGN-114/298,OGN,Origins,114,Rare,Spell,6,,1,Mind,,Draw 4.,Kudos Productions,portrait,ogn-114-298.png,False,False,False,False
ogn-115-298,Promising Future,OGN-115,OGN-115/298,OGN,Origins,115,Rare,Spell,5,,1,Mind,,"Each player looks at the top 5 cards of their Main Deck, chooses one, then recycles the rest. Starting with the next player, each player plays those cards, ignoring Energy costs. (They must still pay Power costs.)",Kudos Productions,portrait,ogn-115-298.png,False,False,False,False
ogn-116-298,Thousand-Tailed Watcher,OGN-116,OGN-116/298,OGN,Origins,116,Rare,Unit,7,7,1,Mind,Ionia,"[Accelerate] (You may pay {energy:1}{power:mind} as an additional cost to have me enter ready.)
When you play me, give enemy units -3 {might} this turn, to a minimum of 1 {might}.",Six More Vodka,portrait,ogn-116-298.png,False,False,False,False
ogn-117-298,Viktor,OGN-117,OGN-117/298,OGN,Origins,117,Rare,Unit,4,3,1,Mind,Viktor|Zaun,"When you play a card on an opponent's turn, play a 1 {might} Recruit unit token in your base.",League Splash Team,portrait,ogn-117-298.png,False,False,False,False
ogn-117a-298,Viktor,OGN-117a,OGN-117a/298,OGN,Origins,117,Showcase,Unit,4,3,1,Mind,Viktor|Zaun,"When you play a card on an opponent's turn, play a 1 {might} Recruit unit token in your base.",League Splash Team,portrait,ogn-117a-298.png,True,False,False,True
ogn-118-298,Wraith of Echoes,OGN-118,OGN-118/298,OGN,Origins,118,Rare,Unit,6,5,1,Mind,Spirit|Shadow Isles,"The first time a friendly unit dies each turn, draw 1.",Michal Ivan,portrait,ogn-118-298.png,False,False,False,False
ogn-119-298,Ahri,OGN-119,OGN-119/298,OGN,Origins,119,Epic,Unit,3,3,1,Mind,Ahri|Ionia,"When I attack or defend, give an enemy unit here -2 {might} this turn, to a minimum of 1 {might}.",Six More Vodka,portrait,ogn-119-298.png,False,False,False,False
ogn-119a-298,Ahri,OGN-119a,OGN-119a/298,OGN,Origins,119,Showcase,Unit,3,3,1,Mind,Ahri|Ionia,"When I attack or defend, give an enemy unit here -2 {might} this turn, to a minimum of 1 {might}.",Kudos Productions,portrait,ogn-119a-298.png,True,False,False,True
ogn-120-298,Seal of Insight,OGN-120,OGN-120/298,OGN,Origins,120,Epic,Gear,0,,1,Mind,,{exhaust}: [Reaction] — [Add] {power:mind}. (Abilities that add resources can't be reacted to.),Kudos Productions,portrait,ogn-120-298.png,False,False,False,False
ogn-121-298,Teemo,OGN-121,OGN-121/298,OGN,Origins,121,Epic,Unit,2,2,1,Mind,Yordle|Teemo|Bandle City,"[Hidden] (Hide now for {power:any} to react with later for {energy:0}.)
When I defend or I'm played from [Hidden], reveal the top 5 cards of your Main Deck. Deal 1 to an enemy unit here for each card with [Hidden], then recycle them.",Six More Vodka,portrait,ogn-121-298.png,False,False,False,False
ogn-121a-298,Teemo,OGN-121a,OGN-121a/298,OGN,Origins,121,Showcase,Unit,2,2,1,Mind,Yordle|Teemo|Bandle City,"[Hidden] (Hide now for {power:any} to react with later for {energy:0}.)
When I defend or I'm played from [Hidden], reveal the top 5 cards of your Main Deck. Deal 1 to an enemy unit here for each card with [Hidden], then recycle them.",League Splash Team,portrait,ogn-121a-298.png,True,False,False,True
ogn-122-298,Time Warp,OGN-122,OGN-122/298,OGN,Origins,122,Epic,Spell,10,,4,Mind,,Take a turn after this one. Banish this.,Kudos Productions,portrait,ogn-122-298.png,False,False,False,False
ogn-123-298,Unchecked Power,OGN-123,OGN-123/298,OGN,Origins,123,Epic,Spell,7,,2,Mind,,"Exhaust all friendly units, then deal 12 to ALL units at battlefields.",Kudos Productions,portrait,ogn-123-298.png,False,False,False,False
ogn-124-298,Arena Bar,OGN-124,OGN-124/298,OGN,Origins,124,Common,Gear,3,,,Body,,"{exhaust}: Buff an exhausted friendly unit. (If it doesn't have a buff, it gets a +1 {might} buff.)",Kudos Productions,portrait,ogn-124-298.png,False,False,False,False
ogn-125-298,Bilgewater Bully,OGN-125,OGN-125/298,OGN,Origins,125,Common,Unit,6,6,,Body,Bilgewater,"While I'm buffed, I have [Ganking]. (I can move from battlefield to battlefield.)",Envar Studio,portrait,ogn-125-298.png,False,False,False,False
ogn-126-298,Body Rune,OGN-126,OGN-126/298,OGN,Origins,126,Common,Rune,,,,Body,,,Greg Ghielmetti & Leah Chen,portrait,ogn-126-298.png,False,False,False,False
ogn-126a-298,Body Rune,OGN-126a,OGN-126a/298,OGN,Origins,126,Showcase,Rune,,,,Body,,,Fairfoul,portrait,ogn-126a-298.png,True,False,False,True
ogn-127-298,Cannon Barrage,OGN-127,OGN-127/298,OGN,Origins,127,Common,Spell,2,,1,Body,,"[Reaction] (Play any time, even before spells and abilities resolve.)
Deal 2 to all enemy units in combat.",Kudos Productions,portrait,ogn-127-298.png,False,False,False,False
ogn-128-298,Challenge,OGN-128,OGN-128/298,OGN,Origins,128,Common,Spell,2,,1,Body,,"[Action] (Play on your turn or in showdowns.)
Choose a friendly unit and an enemy unit. They deal damage equal to their Mights to each other.",Kudos Productions,portrait,ogn-128-298.png,False,False,False,False
ogn-129-298,Confront,OGN-129,OGN-129/298,OGN,Origins,129,Common,Spell,2,,,Body,,"[Action] (Play on your turn or in showdowns.)
Units you play this turn enter ready. Draw 1.",Kudos Productions,portrait,ogn-129-298.png,False,False,False,False
ogn-130-298,Crackshot Corsair,OGN-130,OGN-130/298,OGN,Origins,130,Common,Unit,3,3,,Body,Pirate|Bilgewater,"When I attack, deal 1 to an enemy unit here.",Six More Vodka,portrait,ogn-130-298.png,False,False,False,False
ogn-131-298,Dune Drake,OGN-131,OGN-131/298,OGN,Origins,131,Common,Unit,5,5,,Body,Dragon|Shurima,"When I attack, give me +2 {might} this turn if there is a ready enemy unit here.",Bubble Cat Studio,portrait,ogn-131-298.png,False,False,False,False
ogn-132-298,First Mate,OGN-132,OGN-132/298,OGN,Origins,132,Common,Unit,3,3,,Body,Pirate|Bilgewater,"When you play me, ready another unit.",Slawomir Maniak,portrait,ogn-132-298.png,False,False,False,False
ogn-133-298,Flurry of Blades,OGN-133,OGN-133/298,OGN,Origins,133,Common,Spell,1,,,Body,,"[Reaction] (Play any time, even before spells and abilities resolve.)
Deal 1 to all units at battlefields.",Rafael Zanchetin,portrait,ogn-133-298.png,False,False,False,False
ogn-134-298,Mobilize,OGN-134,OGN-134/298,OGN,Origins,134,Common,Spell,2,,,Body,,"Channel 1 rune exhausted. If you can't, draw 1.",Kudos Productions,portrait,ogn-134-298.png,False,False,False,False
ogn-135-298,Pakaa Cub,OGN-135,OGN-135/298,OGN,Origins,135,Common,Unit,3,3,,Body,Cat|Ixtal,[Hidden] (Hide now for {power:any} to react with later for {energy:0}.),Bubble Cat Studio,portrait,ogn-135-298.png,False,False,False,False
ogn-136-298,Pit Rookie,OGN-136,OGN-136/298,OGN,Origins,136,Common,Unit,2,2,,Body,Bilgewater,"When you play me, buff another friendly unit. (If it doesn't have a buff, it gets a +1 {might} buff.)",Kudos Productions,portrait,ogn-136-298.png,False,False,False,False
ogn-137-298,Stormclaw Ursine,OGN-137,OGN-137/298,OGN,Origins,137,Common,Unit,7,6,,Body,Freljord,"[Tank] (I must be assigned combat damage first.)
When you play me, channel 1 rune exhausted.",Kudos Productions,portrait,ogn-137-298.png,False,False,False,False
ogn-138-298,Catalyst of Aeons,OGN-138,OGN-138/298,OGN,Origins,138,Uncommon,Spell,4,,,Body,,"Channel 2 runes exhausted. If you couldn't channel 2 runes this way, draw 1.",Kudos Productions,portrait,ogn-138-298.png,False,False,False,False
ogn-139-298,Cithria of Cloudfield,OGN-139,OGN-139/298,OGN,Origins,139,Uncommon,Unit,2,1,,Body,Elite|Demacia,"When you play another unit, buff me. (If I don't have a buff, I get a +1 {might} buff.)",Six More Vodka,portrait,ogn-139-298.png,False,False,False,False
ogn-140-298,Herald of Scales,OGN-140,OGN-140/298,OGN,Origins,140,Uncommon,Unit,4,3,,Body,Mount Targon,"Your Dragons' Energy costs are reduced by {energy:2}, to a minimum of {energy:1}.",Polar Engine Studio,portrait,ogn-140-298.png,False,False,False,False
ogn-141-298,Kinkou Monk,OGN-141,OGN-141/298,OGN,Origins,141,Uncommon,Unit,4,4,1,Body,Ionia,"When you play me, buff up to two other friendly units. (Each one that doesn't have a buff gets a +1 {might} buff.)",Kudos Productions,portrait,ogn-141-298.png,False,False,False,False
ogn-142-298,Mountain Drake,OGN-142,OGN-142/298,OGN,Origins,142,Uncommon,Unit,9,10,,Body,Dragon,,Kudos Productions,portrait,ogn-142-298.png,False,False,False,False
ogn-143-298,Pirate's Haven,OGN-143,OGN-143/298,OGN,Origins,143,Uncommon,Gear,3,,,Body,,"When you ready a friendly unit, give it +1 {might} this turn.",Envar Studio,portrait,ogn-143-298.png,False,False,False,False
ogn-144-298,Spoils of War,OGN-144,OGN-144/298,OGN,Origins,144,Uncommon,Spell,4,,1,Body,,"[Reaction] (Play any time, even before spells and abilities resolve.)
If an enemy unit has died this turn, this costs {energy:2} less.
Draw 2.",Kudos Productions,portrait,ogn-144-298.png,False,False,False,False
ogn-145-298,Unyielding Spirit,OGN-145,OGN-145/298,OGN,Origins,145,Uncommon,Spell,1,,1,Body,,"[Reaction] (Play any time, even before spells and abilities resolve.)
Prevent all spell and ability damage this turn.",Max Grecke,portrait,ogn-145-298.png,False,False,False,False
ogn-146-298,Wallop,OGN-146,OGN-146/298,OGN,Origins,146,Uncommon,Spell,2,,,Body,,"[Action] (Play on your turn or in showdowns.)
As you play this, you may spend a buff as an additional cost. If you do, ignore this spell's cost.
Ready a unit.",Kudos Productions,portrait,ogn-146-298.png,False,False,False,False
ogn-147-298,Wildclaw Shaman,OGN-147,OGN-147/298,OGN,Origins,147,Uncommon,Unit,4,3,,Body,Freljord,"When you play me, you may spend a buff to buff me and ready me. (If I don't have a buff, I get a +1 {might} buff.)",Kudos Productions,portrait,ogn-147-298.png,False,False,False,False
ogn-148-298,Anivia,OGN-148,OGN-148/298,OGN,Origins,148,Rare,Unit,7,8,2,Body,Bird|Anivia|Freljord,"When I attack, deal 3 to all enemy units here.",Six More Vodka,portrait,ogn-148-298.png,False,False,False,False
ogn-149-298,Carnivorous Snapvine,OGN-149,OGN-149/298,OGN,Origins,149,Rare,Unit,5,6,2,Body,Shadow Isles,"When you play me, choose an enemy unit at a battlefield. We deal damage equal to our Mights to each other.",Six More Vodka,portrait,ogn-149-298.png,False,False,False,False
ogn-150-298,Kraken Hunter,OGN-150,OGN-150/298,OGN,Origins,150,Rare,Unit,3,5,2,Body,Pirate|Bilgewater,"[Accelerate] (You may pay {energy:1}{power:body} as an additional cost to have me enter ready.)
[Assault] (+1 {might} while I'm an attacker.)
As you play me, you may spend any number of buffs as an additional cost. Reduce my cost by {power:body} for each buff you spend.",JiHun Lee,portrait,ogn-150-298.png,False,False,False,False
ogn-151-298,Lee Sin,OGN-151,OGN-151/298,OGN,Origins,151,Rare,Unit,6,6,,Body,Lee Sin|Ionia,"[Accelerate] (You may pay {energy:1}{power:body} as an additional cost to have me enter ready.)
Other buffed friendly units at my battlefield have +2 {might}.",League Splash Team,portrait,ogn-151-298.png,False,False,False,False
ogn-151a-298,Lee Sin,OGN-151a,OGN-151a/298,OGN,Origins,151,Showcase,Unit,6,6,,Body,Lee Sin|Ionia,"[Accelerate] (You may pay {energy:1}{power:body} as an additional cost to have me enter ready.)
Other buffed friendly units at my battlefield have +2 {might}.",League Splash Team,portrait,ogn-151a-298.png,True,False,False,True
ogn-152-298,Mistfall,OGN-152,OGN-152/298,OGN,Origins,152,Rare,Gear,3,,,Body,,"When you buff a friendly unit, you may pay {power:body} and exhaust this to ready it.",Polar Engine Studio,portrait,ogn-152-298.png,False,False,False,False
ogn-153-298,Overt Operation,OGN-153,OGN-153/298,OGN,Origins,153,Rare,Spell,5,,2,Body,,"[Action] (Play on your turn or in showdowns.)
For each friendly unit, you may spend its buff to ready it. Then buff all friendly units. (Each one that doesn't have a buff gets a +1 {might} buff.)",Kudos Productions,portrait,ogn-153-298.png,False,False,False,False
ogn-154-298,Primal Strength,OGN-154,OGN-154/298,OGN,Origins,154,Rare,Spell,4,,1,Body,,"[Action] (Play on your turn or in showdowns.)
Give a unit +7 {might} this turn.",Kudos Productions,portrait,ogn-154-298.png,False,False,False,False
ogn-155-298,Qiyana,OGN-155,OGN-155/298,OGN,Origins,155,Rare,Unit,4,4,1,Body,Qiyana|Ixtal,"[Deflect] (Opponents must pay {power:any} to choose me with a spell or ability.)
When I conquer, draw 1 or channel 1 rune exhausted.",League Splash Team,portrait,ogn-155-298.png,False,False,False,False
ogn-156-298,Sabotage,OGN-156,OGN-156/298,OGN,Origins,156,Rare,Spell,1,,1,Body,,"Choose an opponent. They reveal their hand. Choose a non-unit card from it, and recycle that card.",Kudos Productions,portrait,ogn-156-298.png,False,False,False,False
ogn-157-298,Udyr,OGN-157,OGN-157/298,OGN,Origins,157,Rare,Unit,6,6,1,Body,Udyr|Freljord,Spend my buff: Choose one you've not chosen this turn —Deal 2 to a unit at a battlefield.Stun a unit at a battlefield.Ready me.Give me [Ganking] this turn.,Six More Vodka,portrait,ogn-157-298.png,False,False,False,False
ogn-158-298,Volibear,OGN-158,OGN-158/298,OGN,Origins,158,Rare,Unit,12,10,2,Body,Volibear|Freljord,"[Shield 3] (+3 {might} while I'm a defender.)
[Tank] (I must be assigned combat damage first.)
When an opponent moves to a battlefield other than mine, draw 1. (Bases are not battlefield.)",Envar Studio,portrait,ogn-158-298.png,False,False,False,False
ogn-158a-298,Volibear,OGN-158a,OGN-158a/298,OGN,Origins,158,Showcase,Unit,12,10,2,Body,Volibear|Freljord,"[Shield 3] (+3 {might} while I'm a defender.)
[Tank] (I must be assigned combat damage first.)
When an opponent moves to a battlefield other than mine, draw 1. (Bases are not battlefield.)",Wild Rift Splash Team,portrait,ogn-158a-298.png,True,False,False,True
ogn-159-298,Warwick,OGN-159,OGN-159/298,OGN,Origins,159,Rare,Unit,6,5,1,Body,Dog|Warwick|Zaun,"I enter ready.
When I attack, kill all damaged enemy units here.",League Splash Team,portrait,ogn-159-298.png,False,False,False,False
ogn-160-298,Dazzling Aurora,OGN-160,OGN-160/298,OGN,Origins,160,Epic,Gear,9,,2,Body,,"At the end of your turn, reveal cards from the top of your Main Deck until you reveal a unit. Play it, ignoring its cost, and recycle the rest.",Six More Vodka,portrait,ogn-160-298.png,False,False,False,False
ogn-161-298,Deadbloom Predator,OGN-161,OGN-161/298,OGN,Origins,161,Epic,Unit,8,8,2,Body,Shadow Isles,"[Deflect] (Opponents must pay {power:any} to choose me with a spell or ability.)
You may play me to an occupied enemy battlefield.",Slawomir Maniak,portrait,ogn-161-298.png,False,False,False,False
ogn-162-298,Miss Fortune,OGN-162,OGN-162/298,OGN,Origins,162,Epic,Unit,5,5,1,Body,Pirate|Miss Fortune|Bilgewater,"[Accelerate] (You may pay {energy:1}{power:body} as an additional cost to have me enter ready.)
[Ganking] (I can move from battlefield to battlefield.)
The first time I move each turn, you may ready something else that's exhausted.",League Splash Team,portrait,ogn-162-298.png,False,False,False,False
ogn-162a-298,Miss Fortune,OGN-162a,OGN-162a/298,OGN,Origins,162,Showcase,Unit,5,5,1,Body,Pirate|Miss Fortune|Bilgewater,"[Accelerate] (You may pay {energy:1}{power:body} as an additional cost to have me enter ready.)
[Ganking] (I can move from battlefield to battlefield.)
The first time I move each turn, you may ready something else that's exhausted.",League Splash Team,portrait,ogn-162a-298.png,True,False,False,True
ogn-163-298,Seal of Strength,OGN-163,OGN-163/298,OGN,Origins,163,Epic,Gear,0,,1,Body,,{exhaust}: [Reaction] — [Add] {power:body}. (Abilities that add resources can't be reacted to.),Kudos Productions,portrait,ogn-163-298.png,False,False,False,False
ogn-164-298,Sett,OGN-164,OGN-164/298,OGN,Origins,164,Epic,Unit,5,4,1,Body,Sett|Ionia,"When I'm played and when I conquer, buff me. (If I don't have a buff, I get a +1 {might} buff.)
Spend my buff: Give me +4 {might} this turn.",Envar Studio,portrait,ogn-164-298.png,False,False,False,False
ogn-164a-298,Sett,OGN-164a,OGN-164a/298,OGN,Origins,164,Showcase,Unit,5,4,1,Body,Sett|Ionia,"When I'm played and when I conquer, buff me. (If I don't have a buff, I get a +1 {might} buff.)
Spend my buff: Give me +4 {might} this turn.",Kudos Productions,portrait,ogn-164a-298.png,True,False,False,True
ogn-165-298,Cemetery Attendant,OGN-165,OGN-165/298,OGN,Origins,165,Common,Unit,3,3,1,Chaos,Dog|Shadow Isles,"When you play me, return a unit from your trash to your hand.",Bubble Cat Studio,portrait,ogn-165-298.png,False,False,False,False
ogn-166-298,Chaos Rune,OGN-166,OGN-166/298,OGN,Origins,166,Common,Rune,,,,Chaos,,,Greg Ghielmetti & Leah Chen,portrait,ogn-166-298.png,False,False,False,False
ogn-166a-298,Chaos Rune,OGN-166a,OGN-166a/298,OGN,Origins,166,Showcase,Rune,,,,Chaos,,,Fairfoul,portrait,ogn-166a-298.png,True,False,False,True
ogn-167-298,Ember Monk,OGN-167,OGN-167/298,OGN,Origins,167,Common,Unit,4,4,,Chaos,Bandle City,"When you play a card from [Hidden], give me +2 {might} this turn.",Kudos Productions,portrait,ogn-167-298.png,False,False,False,False
ogn-168-298,Fight or Flight,OGN-168,OGN-168/298,OGN,Origins,168,Common,Spell,2,,,Chaos,,"[Hidden] (Hide now for {power:any} to react with later for {energy:0}.)
[Action] (Play on your turn or in showdowns.)
Move a unit from a battlefield to its base.",Kudos Productions,portrait,ogn-168-298.png,False,False,False,False
ogn-169-298,Gust,OGN-169,OGN-169/298,OGN,Origins,169,Common,Spell,1,,,Chaos,,"[Reaction] (Play any time, even before spells and abilities resolve.)
Return a unit at a battlefield with 3 {might} or less to its owner's hand.",Kudos Productions,portrait,ogn-169-298.png,False,False,False,False
ogn-170-298,Morbid Return,OGN-170,OGN-170/298,OGN,Origins,170,Common,Spell,2,,,Chaos,,"[Action] (Play on your turn or in showdowns.)
Return a unit from your trash to your hand.",Rafael Zanchetin,portrait,ogn-170-298.png,False,False,False,False
ogn-171-298,Mystic Poro,OGN-171,OGN-171/298,OGN,Origins,171,Common,Unit,2,2,,Chaos,Poro,"[Vision] (When you play me, look at the top card of your Main Deck. You may recycle it.)",Kudos Productions,portrait,ogn-171-298.png,False,False,False,False
ogn-172-298,Rebuke,OGN-172,OGN-172/298,OGN,Origins,172,Common,Spell,2,,2,Chaos,,"[Action] (Play on your turn or in showdowns.)
Return a unit at a battlefield to its owner's hand.",Kudos Productions,portrait,ogn-172-298.png,False,False,False,False
ogn-173-298,Ride the Wind,OGN-173,OGN-173/298,OGN,Origins,173,Common,Spell,2,,1,Chaos,,"[Action] (Play on your turn or in showdowns.)
Move a friendly unit and ready it.",Kudos Productions,portrait,ogn-173-298.png,False,False,False,False
ogn-174-298,Sai Scout,OGN-174,OGN-174/298,OGN,Origins,174,Common,Unit,6,5,,Chaos,Shurima,"[Vision] (When you play me, look at the top card of your Main Deck. You may recycle it.)
You may play me to an open battlefield.",Dao Trong Le,portrait,ogn-174-298.png,False,False,False,False
ogn-175-298,Shipyard Skulker,OGN-175,OGN-175/298,OGN,Origins,175,Common,Unit,3,3,,Chaos,Pirate|Bilgewater,,Six More Vodka,portrait,ogn-175-298.png,False,False,False,False
ogn-176-298,Sneaky Deckhand,OGN-176,OGN-176/298,OGN,Origins,176,Common,Unit,3,2,,Chaos,Pirate|Bilgewater,You may play me to an open battlefield.,Dao Trong Le,portrait,ogn-176-298.png,False,False,False,False
ogn-177-298,Stealthy Pursuer,OGN-177,OGN-177/298,OGN,Origins,177,Common,Unit,4,4,1,Chaos,Shurima,"When a friendly unit moves from my location, I may be moved with it.",Kudos Productions,portrait,ogn-177-298.png,False,False,False,False
ogn-178-298,Undercover Agent,OGN-178,OGN-178/298,OGN,Origins,178,Common,Unit,5,5,1,Chaos,,"[Deathknell] — Discard 2, then draw 2. (When I die, get the effect.)",Six More Vodka,portrait,ogn-178-298.png,False,False,False,False
ogn-179-298,Acceptable Losses,OGN-179,OGN-179/298,OGN,Origins,179,Uncommon,Spell,1,,,Chaos,,"[Action] (Play on your turn or in showdowns.)
Each player kills one of their gear.",Kudos Productions,portrait,ogn-179-298.png,False,False,False,False
ogn-180-298,Fading Memories,OGN-180,OGN-180/298,OGN,Origins,180,Uncommon,Spell,4,,1,Chaos,,"Give a unit at a battlefield or a gear [Temporary]. (Kill it at the start of its controller's Beginning Phase, before scoring.)",Kudos Productions,portrait,ogn-180-298.png,False,False,False,False
ogn-181-298,Pack of Wonders,OGN-181,OGN-181/298,OGN,Origins,181,Uncommon,Gear,2,,,Chaos,,"{exhaust}: Return another friendly gear, unit, or [Hidden] card to its owner's hand.",Kudos Productions,portrait,ogn-181-298.png,False,False,False,False
ogn-182-298,Scrapheap,OGN-182,OGN-182/298,OGN,Origins,182,Uncommon,Gear,2,,,Chaos,,"When this is played, discarded, or killed, draw 1.",Kudos Productions,portrait,ogn-182-298.png,False,False,False,False
ogn-183-298,Stacked Deck,OGN-183,OGN-183/298,OGN,Origins,183,Uncommon,Spell,1,,,Chaos,,"[Action] (Play on your turn or in showdowns.)
Look at the top 3 cards of your Main Deck. Put 1 into your hand and recycle the rest.",Kudos Productions,portrait,ogn-183-298.png,False,False,False,False
ogn-184-298,The Syren,OGN-184,OGN-184/298,OGN,Origins,184,Uncommon,Gear,2,,,Chaos,,"{energy:1}, {exhaust}: Move a friendly unit at a battlefield to your base.",Six More Vodka,portrait,ogn-184-298.png,False,False,False,False
ogn-185-298,Traveling Merchant,OGN-185,OGN-185/298,OGN,Origins,185,Uncommon,Unit,2,2,,Chaos,Bilgewater,"When I move, discard 1, then draw 1.",Six More Vodka,portrait,ogn-185-298.png,False,False,False,False
ogn-186-298,Treasure Trove,OGN-186,OGN-186/298,OGN,Origins,186,Uncommon,Gear,2,,,Chaos,,"When this leaves the board, draw 1 and channel 1 rune exhausted.
{power:chaos}, {exhaust}: Kill this.",Kudos Productions,portrait,ogn-186-298.png,False,False,False,False
ogn-187-298,Whirlwind,OGN-187,OGN-187/298,OGN,Origins,187,Uncommon,Spell,3,,1,Chaos,,"Starting with the next player, each player may return a unit to its owner's hand.",Polar Engine Studio,portrait,ogn-187-298.png,False,False,False,False
ogn-188-298,Zaunite Bouncer,OGN-188,OGN-188/298,OGN,Origins,188,Uncommon,Unit,4,2,2,Chaos,Zaun,"When you play me, return another unit at a battlefield to its owner's hand.",Envar Studio,portrait,ogn-188-298.png,False,False,False,False
ogn-189-298,Kayn,OGN-189,OGN-189/298,OGN,Origins,189,Rare,Unit,6,6,1,Chaos,Kayn|Ionia,"[Ganking] (I can move from battlefield to battlefield.)
If I have moved twice this turn, I don't take damage.",Kudos Productions,portrait,ogn-189-298.png,False,False,False,False
ogn-190-298,Kog'Maw,OGN-190,OGN-190/298,OGN,Origins,190,Rare,Unit,3,1,1,Chaos,Kog'Maw|The Void,"[Deathknell] — Deal 4 to all units at my battlefield. (When I die, get the effect.)",League Splash Team,portrait,ogn-190-298.png,False,False,False,False
ogn-191-298,Maddened Marauder,OGN-191,OGN-191/298,OGN,Origins,191,Rare,Unit,5,4,,Chaos,Pirate|Bilgewater,"[Tank] (I must be assigned combat damage first.)
When you play me, move a unit from a battlefield to its base.",Alex Heath,portrait,ogn-191-298.png,False,False,False,False
ogn-192-298,Mindsplitter,OGN-192,OGN-192/298,OGN,Origins,192,Rare,Unit,7,7,2,Chaos,Dragon|Mount Targon,"When you play me, choose an opponent. They reveal their hand. Choose a card from it, and they discard that card.",Six More Vodka,portrait,ogn-192-298.png,False,False,False,False
ogn-193-298,Miss Fortune,OGN-193,OGN-193/298,OGN,Origins,193,Rare,Unit,4,4,1,Chaos,Pirate|Miss Fortune|Bilgewater,"You may play me to an open battlefield.
Friendly units may be played to open battlefields.",Six More Vodka,portrait,ogn-193-298.png,False,False,False,False
ogn-193a-298,Miss Fortune,OGN-193a,OGN-193a/298,OGN,Origins,193,Showcase,Unit,4,4,1,Chaos,Pirate|Miss Fortune|Bilgewater,"You may play me to an open battlefield.
Friendly units may be played to open battlefields.",Pandart Studio,portrait,ogn-193a-298.png,True,False,False,True
ogn-194-298,Nocturne,OGN-194,OGN-194/298,OGN,Origins,194,Rare,Unit,4,4,1,Chaos,Nocturne,"[Ganking] (I can move from battlefield to battlefield.)
When you look at cards from the top of your deck (and don't draw them) and see me, you may play me for {power:any}.",Six More Vodka,portrait,ogn-194-298.png,False,False,False,False
ogn-195-298,Rhasa the Sunderer,OGN-195,OGN-195/298,OGN,Origins,195,Rare,Unit,10,6,1,Chaos,Spirit|Shadow Isles,I cost {energy:1} less for each card in your trash.,Six More Vodka,portrait,ogn-195-298.png,False,False,False,False
ogn-196-298,Soulgorger,OGN-196,OGN-196/298,OGN,Origins,196,Rare,Unit,8,5,2,Chaos,Spirit|Shadow Isles,"When you play me, you may play a unit from your trash, ignoring its Energy cost. (You must still pay its Power cost.)",Six More Vodka,portrait,ogn-196-298.png,False,False,False,False
ogn-197-298,Teemo,OGN-197,OGN-197/298,OGN,Origins,197,Rare,Unit,2,1,,Chaos,Yordle|Teemo|Bandle City,"[Hidden] (Hide now for {power:any} to react with later for {energy:0}.)
When you play me, give me +3 {might} this turn.",League Splash Team,portrait,ogn-197-298.png,False,False,False,False
ogn-197a-298,Teemo,OGN-197a,OGN-197a/298,OGN,Origins,197,Showcase,Unit,2,1,,Chaos,Yordle|Teemo|Bandle City,"[Hidden] (Hide now for {power:any} to react with later for {energy:0}.)
When you play me, give me +3 {might} this turn.",League Splash Team,portrait,ogn-197a-298.png,True,False,False,True
ogn-198-298,The Harrowing,OGN-198,OGN-198/298,OGN,Origins,198,Rare,Spell,6,,2,Chaos,,"Play a unit from your trash, ignoring its Energy cost. (You must still pay its Power cost.)",Rafael Zanchetin,portrait,ogn-198-298.png,False,False,False,False
ogn-199-298,Tideturner,OGN-199,OGN-199/298,OGN,Origins,199,Rare,Unit,2,2,,Chaos,Bilgewater,"[Hidden] (Hide now for {power:any} to react with later for {energy:0}.)
When you play me, you may choose a friendly unit. Move me to its location and it to my original location.",Kudos Productions,portrait,ogn-199-298.png,False,False,False,False
ogn-200-298,Twisted Fate,OGN-200,OGN-200/298,OGN,Origins,200,Rare,Unit,4,4,,Chaos,Twisted Fate|Bilgewater,"When I attack, reveal the top rune of your rune deck, then recycle it. Do one of the following based on its domain:{power:fury} — Deal 2 to an enemy unit here and 1 to all other enemy units here.{power:mind} — Draw 1.{power:order} — Stun an enemy unit.",Six More Vodka,portrait,ogn-200-298.png,False,False,False,False
ogn-201-298,Invert Timelines,OGN-201,OGN-201/298,OGN,Origins,201,Epic,Spell,3,,1,Chaos,,"Each player discards their hand, then draws 4.",Kudos Productions,portrait,ogn-201-298.png,False,False,False,False
ogn-202-298,Jinx,OGN-202,OGN-202/298,OGN,Origins,202,Epic,Unit,5,5,1,Chaos,Jinx|Zaun,"When you discard one or more cards, ready me and give me +1 {might} this turn.",Kudos Productions,portrait,ogn-202-298.png,False,False,False,False
ogn-202a-298,Jinx,OGN-202a,OGN-202a/298,OGN,Origins,202,Showcase,Unit,5,5,1,Chaos,Jinx|Zaun,"When you discard one or more cards, ready me and give me +1 {might} this turn.",League Splash Team,portrait,ogn-202a-298.png,True,False,False,True
ogn-203-298,Possession,OGN-203,OGN-203/298,OGN,Origins,203,Epic,Spell,8,,3,Chaos,,"[Action] (Play on your turn or in showdowns.)
Choose an enemy unit at a battlefield. Take control of it and recall it. (Send it to your base. This isn't a move.)",League of Legends,portrait,ogn-203-298.png,False,False,False,False
ogn-204-298,Seal of Discord,OGN-204,OGN-204/298,OGN,Origins,204,Epic,Gear,0,,1,Chaos,,{exhaust}: [Reaction] — [Add] {power:chaos}. (Abilities that add resources can't be reacted to.),Kudos Productions,portrait,ogn-204-298.png,False,False,False,False
ogn-205-298,Yasuo,OGN-205,OGN-205/298,OGN,Origins,205,Epic,Unit,5,4,1,Chaos,Yasuo|Ionia,"[Ganking] (I can move from battlefield to battlefield.)
The third time I move in a turn, you score 1 point.",Six More Vodka,portrait,ogn-205-298.png,False,False,False,False
ogn-205a-298,Yasuo,OGN-205a,OGN-205a/298,OGN,Origins,205,Showcase,Unit,5,4,1,Chaos,Yasuo|Ionia,"[Ganking] (I can move from battlefield to battlefield.)
The third time I move in a turn, you score 1 point.",League Splash Team,portrait,ogn-205a-298.png,True,False,False,True
ogn-206-298,Back to Back,OGN-206,OGN-206/298,OGN,Origins,206,Common,Spell,3,,,Order,,"[Reaction] (Play any time, even before spells and abilities resolve.)
Give two friendly units each +2 {might} this turn.",Kudos Productions,portrait,ogn-206-298.png,False,False,False,False
ogn-207-298,Call to Glory,OGN-207,OGN-207/298,OGN,Origins,207,Common,Spell,3,,,Order,,"[Reaction] (Play any time, even before spells and abilities resolve.)
As you play this, you may spend a buff as an additional cost. If you do, ignore this spell's cost.
Give a unit +3 {might} this turn.",Kudos Productions,portrait,ogn-207-298.png,False,False,False,False
ogn-208-298,Cruel Patron,OGN-208,OGN-208/298,OGN,Origins,208,Common,Unit,4,6,,Order,Noxus,"As an additional cost to play me, kill a friendly unit.",Kudos Productions,portrait,ogn-208-298.png,False,False,False,False
ogn-209-298,Cull the Weak,OGN-209,OGN-209/298,OGN,Origins,209,Common,Spell,2,,1,Order,,Each player kills one of their units.,Kudos Productions,portrait,ogn-209-298.png,False,False,False,False
ogn-210-298,Daring Poro,OGN-210,OGN-210/298,OGN,Origins,210,Common,Unit,2,2,,Order,Poro,[Assault] (+1 {might} while I'm an attacker.),Six More Vodka,portrait,ogn-210-298.png,False,False,False,False
ogn-211-298,Faithful Manufactor,OGN-211,OGN-211/298,OGN,Origins,211,Common,Unit,3,2,,Order,Piltover,"When you play me, play a 1 {might} Recruit unit token here.",Kudos Productions,portrait,ogn-211-298.png,False,False,False,False
ogn-212-298,Forge of the Future,OGN-212,OGN-212/298,OGN,Origins,212,Common,Gear,2,,,Order,,"When you play this, play a 1 {might} Recruit unit token at your base.
Kill this: Recycle up to 4 cards from trashes.",Envar Studio,portrait,ogn-212-298.png,False,False,False,False
ogn-213-298,Hidden Blade,OGN-213,OGN-213/298,OGN,Origins,213,Common,Spell,2,,1,Order,,"[Hidden] (Hide now for {power:any} to react with later for {energy:0}.)
[Action] (Play on your turn or in showdowns.)
Kill a unit at a battlefield. Its controller draws 2.",Rafael Zanchetin,portrait,ogn-213-298.png,False,False,False,False
ogn-214-298,Order Rune,OGN-214,OGN-214/298,OGN,Origins,214,Common,Rune,,,,Order,,,Greg Ghielmetti & Leah Chen,portrait,ogn-214-298.png,False,False,False,False
ogn-214a-298,Order Rune,OGN-214a,OGN-214a/298,OGN,Origins,214,Showcase,Rune,,,,Order,,,Fairfoul,portrait,ogn-214a-298.png,True,False,False,True
ogn-215-298,Petty Officer,OGN-215,OGN-215/298,OGN,Origins,215,Common,Unit,5,5,,Order,Pirate|Bilgewater,[Assault] (+1 {might} while I'm an attacker.),Six More Vodka,portrait,ogn-215-298.png,False,False,False,False
ogn-216-298,Soaring Scout,OGN-216,OGN-216/298,OGN,Origins,216,Common,Unit,2,1,,Order,Bird|Freljord,"[Deathknell] — Channel 1 rune exhausted. (When I die, get the effect.)",Six More Vodka,portrait,ogn-216-298.png,False,False,False,False
ogn-217-298,Trifarian Gloryseeker,OGN-217,OGN-217/298,OGN,Origins,217,Common,Unit,2,2,,Order,Trifarian|Noxus,"[Legion] — When you play me, buff me. (If I don't have a buff, I get a +1 {might} buff. Get the effect if you've played another card this turn.)",Six More Vodka,portrait,ogn-217-298.png,False,False,False,False
ogn-218-298,Vanguard Captain,OGN-218,OGN-218/298,OGN,Origins,218,Common,Unit,3,3,1,Order,Elite|Demacia,"[Legion] — When you play me, play two 1 {might} Recruit unit tokens here. (Get the effect if you've played another card this turn.)",Six More Vodka,portrait,ogn-218-298.png,False,False,False,False
ogn-219-298,Vanguard Sergeant,OGN-219,OGN-219/298,OGN,Origins,219,Common,Unit,4,4,,Order,Elite|Demacia,,Six More Vodka,portrait,ogn-219-298.png,False,False,False,False
ogn-220-298,Facebreaker,OGN-220,OGN-220/298,OGN,Origins,220,Uncommon,Spell,2,,,Order,,"[Hidden] (Hide now for {power:any} to react with later for {energy:0}.)
[Action] (Play on your turn or in showdowns.)
Stun a friendly unit and an enemy unit at the same battlefield. (They don't deal combat damage this turn.)",Kudos Productions,portrait,ogn-220-298.png,False,False,False,False
ogn-221-298,Imperial Decree,OGN-221,OGN-221/298,OGN,Origins,221,Uncommon,Spell,5,,2,Order,,"[Action] (Play on your turn or in showdowns.)
When any unit takes damage this turn, kill it.",Kudos Productions,portrait,ogn-221-298.png,False,False,False,False
ogn-222-298,Noxian Drummer,OGN-222,OGN-222/298,OGN,Origins,222,Uncommon,Unit,3,3,,Order,Trifarian|Noxus,"When I move to a battlefield, play a 1 {might} Recruit unit token here. (It is also at the battlefield.)",Six More Vodka,portrait,ogn-222-298.png,False,False,False,False
ogn-223-298,Peak Guardian,OGN-223,OGN-223/298,OGN,Origins,223,Uncommon,Unit,6,5,1,Order,Mount Targon,"When you play me, buff me. Then, if I am at a battlefield, buff all other friendly units there. (To buff a unit, give it a +1 {might} buff if it doesn't already have one.)",Six More Vodka,portrait,ogn-223-298.png,False,False,False,False
ogn-224-298,Salvage,OGN-224,OGN-224/298,OGN,Origins,224,Uncommon,Spell,2,,1,Order,,"[Action] (Play on your turn or in showdowns.)
You may kill a gear. Draw 1.",Kudos Productions,portrait,ogn-224-298.png,False,False,False,False
ogn-225-298,Solari Chief,OGN-225,OGN-225/298,OGN,Origins,225,Uncommon,Unit,5,4,1,Order,Mount Targon,"When you play me, choose an enemy unit. If it is stunned, kill it. Otherwise, stun it. (It doesn't deal combat damage this turn.)",JiHun Lee,portrait,ogn-225-298.png,False,False,False,False
ogn-226-298,Spectral Matron,OGN-226,OGN-226/298,OGN,Origins,226,Uncommon,Unit,4,4,2,Order,Spirit|Shadow Isles,"When you play me, you may play a unit costing no more than {energy:3} and no more than {power:any} from your trash, ignoring its cost.",Six More Vodka,portrait,ogn-226-298.png,False,False,False,False
ogn-227-298,Symbol of the Solari,OGN-227,OGN-227/298,OGN,Origins,227,Uncommon,Gear,1,,,Order,,"If a combat where you are the attacker ends in a tie, recall ALL units instead. (Send them to base. This isn't a move. Ties are calculated after combat damage is dealt.)",Kudos Productions,portrait,ogn-227-298.png,False,False,False,False
ogn-228-298,Vanguard Helm,OGN-228,OGN-228/298,OGN,Origins,228,Uncommon,Gear,2,,,Order,,"When a buffed friendly unit dies, buff another friendly unit. (If it doesn't have a buff, it gets a +1 {might} buff.)",Kudos Productions,portrait,ogn-228-298.png,False,False,False,False
ogn-229-298,Vengeance,OGN-229,OGN-229/298,OGN,Origins,229,Uncommon,Spell,4,,2,Order,,Kill a unit.,Max Grecke,portrait,ogn-229-298.png,False,False,False,False
ogn-230-298,Albus Ferros,OGN-230,OGN-230/298,OGN,Origins,230,Rare,Unit,4,3,,Order,Piltover,"When you play me, spend any number of buffs. For each buff spent, channel 1 rune exhausted.",Kudos Productions,portrait,ogn-230-298.png,False,False,False,False
ogn-231-298,Commander Ledros,OGN-231,OGN-231/298,OGN,Origins,231,Rare,Unit,6,8,4,Order,Spirit|Shadow Isles,"As you play me, you may kill any number of friendly units as an additional cost. Reduce my cost by {power:order} for each killed this way.
[Deflect] (Opponents must pay {power:any} to choose me with a spell or ability.)
[Ganking] (I can move from battlefield to battlefield.)",Six More Vodka,portrait,ogn-231-298.png,False,False,False,False
ogn-232-298,Fiora,OGN-232,OGN-232/298,OGN,Origins,232,Rare,Unit,4,4,,Order,Fiora|Demacia,"While I'm [Mighty], I have [Deflect], [Ganking], and [Shield]. (I'm Mighty while I have 5+ {might}.)",Six More Vodka,portrait,ogn-232-298.png,False,False,False,False
ogn-233-298,Grand Strategem,OGN-233,OGN-233/298,OGN,Origins,233,Rare,Spell,6,,3,Order,,"[Action] (Play on your turn or in showdowns.)
Give friendly units +5 {might} this turn.",Kudos Productions,portrait,ogn-233-298.png,False,False,False,False
ogn-234-298,Harnessed Dragon,OGN-234,OGN-234/298,OGN,Origins,234,Rare,Unit,8,6,2,Order,Dragon|Demacia,"When you play me, kill an enemy unit.",Envar Studio,portrait,ogn-234-298.png,False,False,False,False
ogn-235-298,Karma,OGN-235,OGN-235/298,OGN,Origins,235,Rare,Unit,6,6,1,Order,Vi|Ionia,"[Vision] (When you play me, look at the top card of your Main Deck. You may recycle it.)
When you recycle one or more cards, buff a friendly unit. (If it doesn't have a buff, it gets a +1 {might} buff. Runes aren't cards.)",Six More Vodka,portrait,ogn-235-298.png,False,False,False,False
ogn-236-298,Karthus,OGN-236,OGN-236/298,OGN,Origins,236,Rare,Unit,3,3,1,Order,Spirit|Karthus|Shadow Isles,Your [Deathknell] effects trigger an additional time.,League Splash Team,portrait,ogn-236-298.png,False,False,False,False
ogn-237-298,King's Edict,OGN-237,OGN-237/298,OGN,Origins,237,Rare,Spell,6,,2,Order,,"Starting with the next player, each other player chooses a unit you don't control that hasn't been chosen for this spell. Kill those units.",Kudos Productions,portrait,ogn-237-298.png,False,False,False,False
ogn-238-298,Leona,OGN-238,OGN-238/298,OGN,Origins,238,Rare,Unit,4,4,1,Order,Leona|Mount Targon,"[Shield] (+1 {might} while I'm a defender.)
When I attack, stun an enemy unit here. (It doesn't deal combat damage this turn.)",Six More Vodka,portrait,ogn-238-298.png,False,False,False,False
ogn-238a-298,Leona,OGN-238a,OGN-238a/298,OGN,Origins,238,Showcase,Unit,4,4,1,Order,Leona|Mount Targon,"[Shield] (+1 {might} while I'm a defender.)
When I attack, stun an enemy unit here. (It doesn't deal combat damage this turn.)",League Splash Team,portrait,ogn-238a-298.png,True,False,False,True
ogn-239-298,Machine Evangel,OGN-239,OGN-239/298,OGN,Origins,239,Rare,Unit,5,4,1,Order,Piltover,"[Deathknell] — Play three 1 {might} Recruit unit tokens into your base. (When I die, get the effect.)",Kudos Productions,portrait,ogn-239-298.png,False,False,False,False
ogn-240-298,Sett,OGN-240,OGN-240/298,OGN,Origins,240,Rare,Unit,4,5,1,Order,Sett|Ionia,"[Tank] (I must be assigned combat damage first.)
I get +1 {might} for each buffed friendly unit at my battlefield.",League Splash Team,portrait,ogn-240-298.png,False,False,False,False
ogn-240a-298,Sett,OGN-240a,OGN-240a/298,OGN,Origins,240,Showcase,Unit,4,5,1,Order,Sett|Ionia,"[Tank] (I must be assigned combat damage first.)
I get +1 {might} for each buffed friendly unit at my battlefield.",Wild Rift Splash Team,portrait,ogn-240a-298.png,True,False,False,True
ogn-241-298,Shen,OGN-241,OGN-241/298,OGN,Origins,241,Rare,Unit,3,3,1,Order,Shen|Ionia,"[Reaction] (Play any time, even before spells and abilities resolve, including to a battlefield you control.)
[Shield 2] (+2 {might} while I'm a defender.)
[Tank] (I must be assigned combat damage first.)",Six More Vodka,portrait,ogn-241-298.png,False,False,False,False
ogn-242-298,Baited Hook,OGN-242,OGN-242/298,OGN,Origins,242,Epic,Gear,3,,,Order,,"{energy:1}{power:order}, {exhaust}: Kill a friendly unit. Look at the top 5 cards of your Main Deck. You may banish a unit from among them that has Might up to 1 more than the killed unit and play it, ignoring its cost. Then recycle the rest.",Kudos Productions,portrait,ogn-242-298.png,False,False,False,False
ogn-243-298,Darius,OGN-243,OGN-243/298,OGN,Origins,243,Epic,Unit,6,6,1,Order,Trifarian|Darius|Noxus,"[Legion] — When you play me, ready me. (Get the effect if you've played another card this turn)
Other friendly units have +1 {might} here.",Six More Vodka,portrait,ogn-243-298.png,False,False,False,False
ogn-243a-298,Darius,OGN-243a,OGN-243a/298,OGN,Origins,243,Showcase,Unit,6,6,1,Order,Trifarian|Darius|Noxus,"[Legion] — When you play me, ready me. (Get the effect if you've played another card this turn)
Other friendly units have +1 {might} here.",League Splash Team,portrait,ogn-243a-298.png,True,False,False,True
ogn-244-298,Divine Judgment,OGN-244,OGN-244/298,OGN,Origins,244,Epic,Spell,7,,2,Order,,"Each player chooses 2 units, 2 gear, 2 runes, and 2 cards in their hands. Recycle the rest.",Kudos Productions,portrait,ogn-244-298.png,False,False,False,False
ogn-245-298,Seal of Unity,OGN-245,OGN-245/298,OGN,Origins,245,Epic,Gear,0,,1,Order,,{exhaust}: [Reaction] — [Add] {power:order}. (Abilities that add resources can't be reacted to.),Kudos Productions,portrait,ogn-245-298.png,False,False,False,False
ogn-246-298,Viktor,OGN-246,OGN-246/298,OGN,Origins,246,Epic,Unit,4,4,1,Order,Viktor|Zaun,"When another non-Recruit unit you control dies, play a 1 {might} Recruit unit token into your base.",League Splash Team,portrait,ogn-246-298.png,False,False,False,False
ogn-246a-298,Viktor,OGN-246a,OGN-246a/298,OGN,Origins,246,Showcase,Unit,4,4,1,Order,Viktor|Zaun,"When another non-Recruit unit you control dies, play a 1 {might} Recruit unit token into your base.",League Splash Team,portrait,ogn-246a-298.png,True,False,False,True
ogn-247-298,Daughter of the Void,OGN-247,OGN-247/298,OGN,Origins,247,Rare,Legend,,,,Fury|Mind,Kai'Sa,{exhaust}: [Reaction] — [Add] {power:any}. Use only to play spells. (Abilities that add resources can't be reacted to.),Kudos Productions,portrait,ogn-247-298.png,False,False,False,False
ogn-248-298,Icathian Rain,OGN-248,OGN-248/298,OGN,Origins,248,Epic,Spell,7,,3,Fury|Mind,Kai'Sa,"Deal 2 to a unit.
Deal 2 to a unit.
Deal 2 to a unit.
Deal 2 to a unit.
Deal 2 to a unit.
Deal 2 to a unit.",Kudos Productions,portrait,ogn-248-298.png,False,False,False,False
ogn-249-298,Relentless Storm,OGN-249,OGN-249/298,OGN,Origins,249,Rare,Legend,,,,Fury|Body,Volibear,"When you play a [Mighty] unit, you may exhaust me to channel 1 rune exhausted. (A unit is Mighty while it has 5+ {might}.)",Grafit Studio,portrait,ogn-249-298.png,False,False,False,False
ogn-250-298,Stormbringer,OGN-250,OGN-250/298,OGN,Origins,250,Epic,Spell,6,,2,Fury|Body,Volibear,"Choose a friendly unit in your base. Deal damage equal to its Might to all enemy units at a battlefield, then move your unit there.",Kudos Productions,portrait,ogn-250-298.png,False,False,False,False
ogn-251-298,Loose Cannon,OGN-251,OGN-251/298,OGN,Origins,251,Rare,Legend,,,,Fury|Chaos,Jinx,"At start of your Beginning Phase, draw 1 if you have one or fewer cards in your hand.",Sugar Free,portrait,ogn-251-298.png,False,False,False,False
ogn-252-298,Super Mega Death Rocket!,OGN-252,OGN-252/298,OGN,Origins,252,Epic,Spell,4,,1,Fury|Chaos,Jinx,"Deal 5 to a unit.
When you conquer, you may discard 1 to return this from your trash to your hand.",Kudos Productions,portrait,ogn-252-298.png,False,False,False,False
ogn-253-298,Hand of Noxus,OGN-253,OGN-253/298,OGN,Origins,253,Rare,Legend,,,,Fury|Order,Darius,"{exhaust}: [Reaction], [Legion] — [Add] {energy:1}. (Abilities that add resources can't be reacted to. Get the effect if you've played a card this turn.)",Six More Vodka,portrait,ogn-253-298.png,False,False,False,False
ogn-254-298,Noxian Guillotine,OGN-254,OGN-254/298,OGN,Origins,254,Epic,Spell,4,,1,Fury|Order,Darius,"[Action] (Play on your turn or in showdowns.)
Choose a unit. Kill it the next time it takes damage this turn.
[Legion] — Kill it now instead. (Get the effect if you've played another card this turn.)",Kudos Productions,portrait,ogn-254-298.png,False,False,False,False
ogn-255-298,Nine-Tailed Fox,OGN-255,OGN-255/298,OGN,Origins,255,Rare,Legend,,,,Calm|Mind,Ahri,"When an enemy unit attacks a battlefield you control, give it -1 {might} this turn, to a minimum of 1 {might}.",Envar Studio,portrait,ogn-255-298.png,False,False,False,False
ogn-256-298,Fox-Fire,OGN-256,OGN-256/298,OGN,Origins,256,Epic,Spell,3,,,Calm|Mind,Ahri,"[Hidden] (Hide now for {power:any} to react with later for {energy:0}.)
[Action] (Play on your turn or in showdowns.)
Kill any number of units at a battlefield with total Might 4 or less.",League Splash Team,portrait,ogn-256-298.png,False,False,False,False
ogn-257-298,Blind Monk,OGN-257,OGN-257/298,OGN,Origins,257,Rare,Legend,,,,Calm|Body,Lee Sin,"{energy:1}, {exhaust}: Buff a friendly unit. (If it doesn't have a buff, it gets a +1 {might} buff.)",Six More Vodka,portrait,ogn-257-298.png,False,False,False,False
ogn-258-298,Dragon's Rage,OGN-258,OGN-258/298,OGN,Origins,258,Epic,Spell,4,,1,Calm|Body,Lee Sin,Move an enemy unit. Then choose another enemy unit at its destination. They deal damage equal to their Mights to each other.,Kudos Productions,portrait,ogn-258-298.png,False,False,False,False
ogn-259-298,Unforgiven,OGN-259,OGN-259/298,OGN,Origins,259,Rare,Legend,,,,Calm|Chaos,Yasuo,"{energy:2}, {exhaust}: Move a friendly unit to or from your base.",TSWCK逍,portrait,ogn-259-298.png,False,False,False,False
ogn-260-298,Last Breath,OGN-260,OGN-260/298,OGN,Origins,260,Epic,Spell,3,,2,Calm|Chaos,Yasuo,"[Action] (Play on your turn or in showdowns.)
Ready a friendly unit. It deals damage equal to its Might to an enemy unit at a battlefield.",Kudos Productions,portrait,ogn-260-298.png,False,False,False,False
ogn-261-298,Radiant Dawn,OGN-261,OGN-261/298,OGN,Origins,261,Rare,Legend,,,,Calm|Order,Leona,"When you stun one or more enemy units, buff a friendly unit. (If it doesn't have a buff, it gets a +1 {might} buff.)",Six More Vodka,portrait,ogn-261-298.png,False,False,False,False
ogn-262-298,Zenith Blade,OGN-262,OGN-262/298,OGN,Origins,262,Epic,Spell,3,,2,Calm|Order,Leona,"[Action] (Play on your turn or in showdowns.)
Stun an enemy unit at a battlefield. You may move a friendly unit to that enemy unit's battlefield. (A stunned unit doesn't deal combat damage this turn.)",Kudos Productions,portrait,ogn-262-298.png,False,False,False,False
ogn-263-298,Swift Scout,OGN-263,OGN-263/298,OGN,Origins,263,Rare,Legend,,,,Mind|Chaos,Teemo,"You may pay {energy:1} to hide a card with [Hidden] instead of {power:any}.
{energy:1}, {exhaust}: Put a Teemo unit you own into your hand from your Champion Zone or the board.",Shawn Lee,portrait,ogn-263-298.png,False,False,False,False
ogn-264-298,Guerilla Warfare,OGN-264,OGN-264/298,OGN,Origins,264,Epic,Spell,2,,1,Mind|Chaos,Teemo,Return up to two cards with [Hidden] from your trash to your hand. You can hide cards ignoring costs this turn.,Kudos Productions,portrait,ogn-264-298.png,False,False,False,False
ogn-265-298,Herald of the Arcane,OGN-265,OGN-265/298,OGN,Origins,265,Rare,Legend,,,,Mind|Order,Viktor,"{energy:1}, {exhaust}: Play a 1 {might} Recruit unit token.",Fortiche Production,portrait,ogn-265-298.png,False,False,False,False
ogn-266-298,Siphon Power,OGN-266,OGN-266/298,OGN,Origins,266,Epic,Spell,2,,1,Mind|Order,Viktor,"[Reaction] (Play any time, even before spells and abilities resolve.)
Choose a battlefield. Give friendly units there +1 {might} this turn and enemy units there -1 {might} this turn, to a minimum of 1 {might}.",Kudos Productions,portrait,ogn-266-298.png,False,False,False,False
ogn-267-298,Bounty Hunter,OGN-267,OGN-267/298,OGN,Origins,267,Rare,Legend,,,,Body|Chaos,Miss Fortune,{exhaust}: Give a unit [Ganking] this turn. (It can move from battlefield to battlefield.),Six More Vodka,portrait,ogn-267-298.png,False,False,False,False
ogn-268-298,Bullet Time,OGN-268,OGN-268/298,OGN,Origins,268,Epic,Spell,1,,,Body|Chaos,Miss Fortune,"[Action] (Play on your turn or in showdowns.)
Pay any amount of {power:any} to deal that much damage to all enemy units at a battlefield.",Kudos Productions,portrait,ogn-268-298.png,False,False,False,False
ogn-269-298,The Boss,OGN-269,OGN-269/298,OGN,Origins,269,Rare,Legend,,,,Body|Order,Sett,"When a buffed unit you control would die, you may pay {power:any} and exhaust me to spend its buff and recall it exhausted instead. (Send it to base. This isn't a move.)
When you conquer, ready me.",Envar Studio,portrait,ogn-269-298.png,False,False,False,False
ogn-270-298,Showstopper,OGN-270,OGN-270/298,OGN,Origins,270,Epic,Spell,1,,1,Body|Order,Sett,"Buff a friendly unit in your base, then move it to a battlefield. (If it doesn't have a buff, it gets a +1 {might} buff.)",Kudos Productions,portrait,ogn-270-298.png,False,False,False,False
ogn-271-298,Recruit (DE),OGN-271,OGN-271/298,OGN,Origins,271,Common,Unit,,1,,Colorless,Recruit,,Six More Vodka,portrait,ogn-271-298.png,False,False,False,False
ogn-272-298,Recruit (NX),OGN-272,OGN-272/298,OGN,Origins,272,Common,Unit,,1,,Colorless,Recruit,,Six More Vodka,portrait,ogn-272-298.png,False,False,False,False
ogn-273-298,Recruit (ZN),OGN-273,OGN-273/298,OGN,Origins,273,Common,Unit,,1,,Colorless,Recruit,,Fortiche Production,portrait,ogn-273-298.png,False,False,False,False
ogn-274-298,Sprite,OGN-274,OGN-274/298,OGN,Origins,274,Common,Unit,,3,,Colorless,Fae,"[Temporary] (Kill me at the start of your Beginning Phase, before scoring.)",Envar Studio,portrait,ogn-274-298.png,False,False,False,False
ogn-275-298,Altar to Unity,OGN-275,OGN-275/298,OGN,Origins,275,Uncommon,Battlefield,,,,Colorless,,"When you hold here, play a 1 {might} Recruit unit token in your base.",Kudos Productions,landscape,ogn-275-298.png,False,False,False,False
ogn-276-298,Aspirant's Climb,OGN-276,OGN-276/298,OGN,Origins,276,Uncommon,Battlefield,,,,Colorless,,Increase the points needed to win the game by 1.,Polar Engine Studio,landscape,ogn-276-298.png,False,False,False,False
ogn-277-298,Back-Alley Bar,OGN-277,OGN-277/298,OGN,Origins,277,Uncommon,Battlefield,,,,Colorless,,"When a unit moves from here, give it +1 {might} this turn.",Kudos Productions,landscape,ogn-277-298.png,False,False,False,False
ogn-278-298,Bandle Tree,OGN-278,OGN-278/298,OGN,Origins,278,Uncommon,Battlefield,,,,Colorless,,You may hide an additional card here.,Kudos Productions,landscape,ogn-278-298.png,False,False,False,False
ogn-279-298,Fortified Position,OGN-279,OGN-279/298,OGN,Origins,279,Uncommon,Battlefield,,,,Colorless,,"When you defend here, choose a unit. It gains [Shield 2] this combat. (+2 {might} while it's a defender.)",Six More Vodka,landscape,ogn-279-298.png,False,False,False,False
ogn-280-298,Grove of the God-Willow,OGN-280,OGN-280/298,OGN,Origins,280,Uncommon,Battlefield,,,,Colorless,,"When you hold here, draw 1.",Kudos Productions,landscape,ogn-280-298.png,False,False,False,False
ogn-281-298,Hallowed Tomb,OGN-281,OGN-281/298,OGN,Origins,281,Uncommon,Battlefield,,,,Colorless,,"When you hold here, you may return your Chosen Champion from your trash to your Champion Zone if it is empty.",Kudos Productions,landscape,ogn-281-298.png,False,False,False,False
ogn-282-298,Monastery of Hirana,OGN-282,OGN-282/298,OGN,Origins,282,Uncommon,Battlefield,,,,Colorless,,"When you conquer here, you may spend a buff to draw 1.",Six More Vodka,landscape,ogn-282-298.png,False,False,False,False
ogn-283-298,Navori Fighting Pit,OGN-283,OGN-283/298,OGN,Origins,283,Uncommon,Battlefield,,,,Colorless,,"When you hold here, buff a unit here. (If it doesn't have a buff, it gets a +1 {might} buff.)",Envar Studio,landscape,ogn-283-298.png,False,False,False,False
ogn-284-298,Obelisk of Power,OGN-284,OGN-284/298,OGN,Origins,284,Uncommon,Battlefield,,,,Colorless,,"At the start of each player's first Beginning Phase, that player channels 1 rune.",Chris Kintner,landscape,ogn-284-298.png,False,False,False,False
ogn-285-298,Reaver's Row,OGN-285,OGN-285/298,OGN,Origins,285,Uncommon,Battlefield,,,,Colorless,,"When you defend here, you may move a friendly unit here to base.",Kudos Productions,landscape,ogn-285-298.png,False,False,False,False
ogn-286-298,Reckoner's Arena,OGN-286,OGN-286/298,OGN,Origins,286,Uncommon,Battlefield,,,,Colorless,,"When you hold here, activate the conquer effects of units here.",Six More Vodka,landscape,ogn-286-298.png,False,False,False,False
ogn-287-298,Sigil of the Storm,OGN-287,OGN-287/298,OGN,Origins,287,Uncommon,Battlefield,,,,Colorless,,"When you conquer here, recycle one of your runes.",Envar Studio,landscape,ogn-287-298.png,False,False,False,False
ogn-288-298,Startipped Peak,OGN-288,OGN-288/298,OGN,Origins,288,Uncommon,Battlefield,,,,Colorless,,"When you hold here, you may channel 1 rune exhausted.",Polar Engine Studio,landscape,ogn-288-298.png,False,False,False,False
ogn-289-298,Targon's Peak,OGN-289,OGN-289/298,OGN,Origins,289,Uncommon,Battlefield,,,,Colorless,,"When you conquer here, ready 2 runes at the end of this turn.",Six More Vodka,landscape,ogn-289-298.png,False,False,False,False
ogn-290-298,The Arena's Greatest,OGN-290,OGN-290/298,OGN,Origins,290,Uncommon,Battlefield,,,,Colorless,,"At the start of each player's first Beginning Phase, that player gains 1 point.",Envar Studio,landscape,ogn-290-298.png,False,False,False,False
ogn-291-298,The Candlelit Sanctum,OGN-291,OGN-291/298,OGN,Origins,291,Uncommon,Battlefield,,,,Colorless,,"When you conquer here, look at the top two cards of your Main Deck. You may recycle one or both of them. Put those you don't back in any order.",Envar Studio,landscape,ogn-291-298.png,False,False,False,False
ogn-292-298,The Dreaming Tree,OGN-292,OGN-292/298,OGN,Origins,292,Uncommon,Battlefield,,,,Colorless,,"When a player chooses a friendly unit here with a spell for the first time each turn, they draw 1.",Envar Studio,landscape,ogn-292-298.png,False,False,False,False
ogn-293-298,The Grand Plaza,OGN-293,OGN-293/298,OGN,Origins,293,Uncommon,Battlefield,,,,Colorless,,"When you hold here, if you have 7+ units here, you win the game.",Six More Vodka,landscape,ogn-293-298.png,False,False,False,False
ogn-294-298,Trifarian War Camp,OGN-294,OGN-294/298,OGN,Origins,294,Uncommon,Battlefield,,,,Colorless,,Units here have +1 {might}. (This includes attackers.),Kudos Productions,landscape,ogn-294-298.png,False,False,False,False
ogn-295-298,Vilemaw's Lair,OGN-295,OGN-295/298,OGN,Origins,295,Uncommon,Battlefield,,,,Colorless,,Units can't move from here to base.,Kudos Productions,landscape,ogn-295-298.png,False,False,False,False
ogn-296-298,Void Gate,OGN-296,OGN-296/298,OGN,Origins,296,Uncommon,Battlefield,,,,Colorless,,Spells and abilities affecting units here each deal 1 Bonus Damage. (Each instance of damage the spell deals is increased by 1.),Envar Studio,landscape,ogn-296-298.png,False,False,False,False
ogn-297-298,Windswept Hillock,OGN-297,OGN-297/298,OGN,Origins,297,Uncommon,Battlefield,,,,Colorless,,Units here have [Ganking]. (They can move from battlefield to battlefield.),Kudos Productions,landscape,ogn-297-298.png,False,False,False,False
ogn-298-298,Zaun Warrens,OGN-298,OGN-298/298,OGN,Origins,298,Uncommon,Battlefield,,,,Colorless,,"When you conquer here, discard 1, then draw 1.",Envar Studio,landscape,ogn-298-298.png,False,False,False,False
ogn-299-star-298,Daughter of the Void,OGN-299,OGN-299*/298,OGN,Origins,299,Showcase,Legend,,,,Fury|Mind,Kai'Sa,{exhaust}: [Reaction] — [Add] {power:any}. Use only to play spells. (Abilities that add resources can't be reacted to.),Jason Chan,portrait,ogn-299-star-298.png,False,True,True,True
ogn-299-298,Daughter of the Void,OGN-299,OGN-299/298,OGN,Origins,299,Showcase,Legend,,,,Fury|Mind,Kai'Sa,{exhaust}: [Reaction] — [Add] {power:any}. Use only to play spells. (Abilities that add resources can't be reacted to.),Jason Chan,portrait,ogn-299-298.png,False,False,True,False
ogn-300-star-298,Relentless Storm,OGN-300,OGN-300*/298,OGN,Origins,300,Showcase,Legend,,,,Fury|Body,Volibear,"When you play a [Mighty] unit, you may exhaust me to channel 1 rune exhausted. (A unit is Mighty while it has 5+ {might}.)",Alex Flores,portrait,ogn-300-star-298.png,False,True,True,True
ogn-300-298,Relentless Storm,OGN-300,OGN-300/298,OGN,Origins,300,Showcase,Legend,,,,Fury|Body,Volibear,"When you play a [Mighty] unit, you may exhaust me to channel 1 rune exhausted. (A unit is Mighty while it has 5+ {might}.)",Alex Flores,portrait,ogn-300-298.png,False,False,True,False
ogn-301-star-298,Loose Cannon,OGN-301,OGN-301*/298,OGN,Origins,301,Showcase,Legend,,,,Fury|Chaos,Jinx,"At start of your Beginning Phase, draw 1 if you have one or fewer cards in your hand.",Sean Yang,portrait,ogn-301-star-298.png,False,True,True,True
ogn-301-298,Loose Cannon,OGN-301,OGN-301/298,OGN,Origins,301,Showcase,Legend,,,,Fury|Chaos,Jinx,"At start of your Beginning Phase, draw 1 if you have one or fewer cards in your hand.",Sean Yang,portrait,ogn-301-298.png,False,False,True,False
ogn-302-star-298,Hand of Noxus,OGN-302,OGN-302*/298,OGN,Origins,302,Showcase,Legend,,,,Fury|Order,Darius,"{exhaust}: [Reaction], [Legion] — [Add] {energy:1}. (Abilities that add resources can't be reacted to. Get the effect if you've played a card this turn.)",Peter Kim,portrait,ogn-302-star-298.png,False,True,True,True
ogn-302-298,Hand of Noxus,OGN-302,OGN-302/298,OGN,Origins,302,Showcase,Legend,,,,Fury|Order,Darius,"{exhaust}: [Reaction], [Legion] — [Add] {energy:1}. (Abilities that add resources can't be reacted to. Get the effect if you've played a card this turn.)",Peter Kim,portrait,ogn-302-298.png,False,False,True,False
ogn-303-star-298,Nine-Tailed Fox,OGN-303,OGN-303*/298,OGN,Origins,303,Showcase,Legend,,,,Calm|Mind,Ahri,"When an enemy unit attacks a battlefield you control, give it -1 {might} this turn, to a minimum of 1 {might}.",Airi Pan,portrait,ogn-303-star-298.png,False,True,True,True
ogn-303-298,Nine-Tailed Fox,OGN-303,OGN-303/298,OGN,Origins,303,Showcase,Legend,,,,Calm|Mind,Ahri,"When an enemy unit attacks a battlefield you control, give it -1 {might} this turn, to a minimum of 1 {might}.",Airi Pan,portrait,ogn-303-298.png,False,False,True,False
ogn-304-star-298,Blind Monk,OGN-304,OGN-304*/298,OGN,Origins,304,Showcase,Legend,,,,Calm|Body,Lee Sin,"{energy:1}, {exhaust}: Buff a friendly unit. (If it doesn't have a buff, it gets a +1 {might} buff.)",Loiza Chen,portrait,ogn-304-star-298.png,False,True,True,True
ogn-304-298,Blind Monk,OGN-304,OGN-304/298,OGN,Origins,304,Showcase,Legend,,,,Calm|Body,Lee Sin,"{energy:1}, {exhaust}: Buff a friendly unit. (If it doesn't have a buff, it gets a +1 {might} buff.)",Loiza Chen,portrait,ogn-304-298.png,False,False,True,False
ogn-305-star-298,Unforgiven,OGN-305,OGN-305*/298,OGN,Origins,305,Showcase,Legend,,,,Calm|Chaos,Yasuo,"{energy:2}, {exhaust}: Move a friendly unit to or from its base.",Quy Ho,portrait,ogn-305-star-298.png,False,True,True,True
ogn-305-298,Unforgiven,OGN-305,OGN-305/298,OGN,Origins,305,Showcase,Legend,,,,Calm|Chaos,Yasuo,"{energy:2}, {exhaust}: Move a friendly unit to or from its base.",Quy Ho,portrait,ogn-305-298.png,False,False,True,False
ogn-306-star-298,Radiant Dawn,OGN-306,OGN-306*/298,OGN,Origins,306,Showcase,Legend,,,,Calm|Order,Leona,"When you stun one or more enemy units, buff a friendly unit. (If it doesn't have a buff, it gets a +1 {might} buff.)",Su Ke,portrait,ogn-306-star-298.png,False,True,True,True
ogn-306-298,Radiant Dawn,OGN-306,OGN-306/298,OGN,Origins,306,Showcase,Legend,,,,Calm|Order,Leona,"When you stun one or more enemy units, buff a friendly unit. (If it doesn't have a buff, it gets a +1 {might} buff.)",Su Ke,portrait,ogn-306-298.png,False,False,True,False
ogn-307-star-298,Swift Scout,OGN-307,OGN-307*/298,OGN,Origins,307,Showcase,Legend,,,,Mind|Chaos,Teemo,"You may pay {energy:1} to hide a card with [Hidden] instead of {power:any}.
{energy:1}, {exhaust}: Put a Teemo unit you own into your hand from your Champion Zone or the board.",Jordan Yoon,portrait,ogn-307-star-298.png,False,True,True,True
ogn-307-298,Swift Scout,OGN-307,OGN-307/298,OGN,Origins,307,Showcase,Legend,,,,Mind|Chaos,Teemo,"You may pay {energy:1} to hide a card with [Hidden] instead of {power:any}.
{energy:1}, {exhaust}: Put a Teemo unit you own into your hand from your Champion Zone or the board.",Jordan Yoon,portrait,ogn-307-298.png,False,False,True,False
ogn-308-star-298,Herald of the Arcane,OGN-308,OGN-308*/298,OGN,Origins,308,Showcase,Legend,,,,Mind|Order,Viktor,"{energy:1}, {exhaust}: Play a 1 {might} Recruit unit token.",Rudy Siswanto,portrait,ogn-308-star-298.png,False,True,True,True
ogn-308-298,Herald of the Arcane,OGN-308,OGN-308/298,OGN,Origins,308,Showcase,Legend,,,,Mind|Order,Viktor,"{energy:1}, {exhaust}: Play a 1 {might} Recruit unit token.",Rudy Siswanto,portrait,ogn-308-298.png,False,False,True,False
ogn-309-star-298,Bounty Hunter,OGN-309,OGN-309*/298,OGN,Origins,309,Showcase,Legend,,,,Body|Chaos,Miss Fortune,{exhaust}: Give a unit [Ganking] this turn. (It can move from battlefield to battlefield.),Mindy Kang,portrait,ogn-309-star-298.png,False,True,True,True
ogn-309-298,Bounty Hunter,OGN-309,OGN-309/298,OGN,Origins,309,Showcase,Legend,,,,Body|Chaos,Miss Fortune,{exhaust}: Give a unit [Ganking] this turn. (It can move from battlefield to battlefield.),Mindy Kang,portrait,ogn-309-298.png,False,False,True,False
ogn-310-star-298,The Boss,OGN-310,OGN-310*/298,OGN,Origins,310,Showcase,Legend,,,,Body|Order,Sett,"When a buffed unit you control would die, you may pay {power:any} and exhaust me to spend its buff and recall it exhausted instead. (Send it to base. This isn't a move.)
When you conquer, ready me.",Gem Lim,portrait,ogn-310-star-298.png,False,True,True,True
ogn-310-298,The Boss,OGN-310,OGN-310/298,OGN,Origins,310,Showcase,Legend,,,,Body|Order,Sett,"When a buffed unit you control would die, you may pay {power:any} and exhaust me to spend its buff and recall it exhausted instead. (Send it to base. This isn't a move.)
When you conquer, ready me.",Gem Lim,portrait,ogn-310-298.png,False,False,True,False
ogs-001-024,Annie,OGS-001,OGS-001/024,OGS,Proving Grounds,1,Epic,Unit,5,4,1,Fury,Annie|Noxus,Your spells and abilities deal 1 Bonus Damage. (Each instance of damage the spell deals is increased by 1.),Polar Engine Studio,portrait,ogs-001-024.png,False,False,False,False
ogs-002-024,Firestorm,OGS-002,OGS-002/024,OGS,Proving Grounds,2,Uncommon,Spell,6,,1,Fury,,Deal 3 to all enemy units at a battlefield.,Kudos Productions,portrait,ogs-002-024.png,False,False,False,False
ogs-003-024,Incinerate,OGS-003,OGS-003/024,OGS,Proving Grounds,3,Common,Spell,2,,,Fury,,"[Action] (Play on your turn or in showdowns.)
Deal 2 to a unit at a battlefield.",Kudos Productions,portrait,ogs-003-024.png,False,False,False,False
ogs-004-024,Master Yi,OGS-004,OGS-004/024,OGS,Proving Grounds,4,Rare,Unit,5,4,1,Calm,Master Yi|Ionia,"While you have 8+ runes, I have +4 {might}.",Kudos Productions,portrait,ogs-004-024.png,False,False,False,False
ogs-005-024,Zephyr Sage,OGS-005,OGS-005/024,OGS,Proving Grounds,5,Uncommon,Unit,6,6,1,Calm,Ionia|Bird,[Shield] (+1 {might} while I'm a defender.),Six More Vodka,portrait,ogs-005-024.png,False,False,False,False
ogs-006-024,Lux,OGS-006,OGS-006/024,OGS,Proving Grounds,6,Rare,Unit,6,5,1,Mind,Lux|Demacia,"When you play a spell that costs {energy:5} or more, give me +3 {might} this turn.",Six More Vodka,portrait,ogs-006-024.png,False,False,False,False
ogs-007-024,Garen,OGS-007,OGS-007/024,OGS,Proving Grounds,7,Rare,Unit,6,5,1,Body,Elite|Garen|Demacia,"[Assault 2], [Shield 2] (+2 {might} while I'm an attacker or defender.)",Six More Vodka,portrait,ogs-007-024.png,False,False,False,False
ogs-008-024,Gentlemen's Duel,OGS-008,OGS-008/024,OGS,Proving Grounds,8,Common,Spell,6,,1,Body,,"[Action] (Play on your turn or in showdowns.)
Give a friendly unit +3 {might} this turn. Then choose an enemy unit. They deal damage equal to their Mights to each other.",Kudos Productions,portrait,ogs-008-024.png,False,False,False,False
ogs-009-024,Master Yi,OGS-009,OGS-009/024,OGS,Proving Grounds,9,Epic,Unit,7,6,1,Body,Master Yi|Ionia,"[Ganking] (I can move from battlefield to battlefield.)
I enter ready.",Kudos Productions,portrait,ogs-009-024.png,False,False,False,False
ogs-010-024,Annie,OGS-010,OGS-010/024,OGS,Proving Grounds,10,Rare,Unit,4,3,1,Chaos,Annie|Noxus,"When you play me, return a spell from your trash to your hand.",League Splash Team,portrait,ogs-010-024.png,False,False,False,False
ogs-011-024,Flash,OGS-011,OGS-011/024,OGS,Proving Grounds,11,Common,Spell,2,,,Chaos,,"[Reaction] (Play any time, even before spells and abilities resolve.)
Move up to 2 friendly units to base.",Sugar Free,portrait,ogs-011-024.png,False,False,False,False
ogs-012-024,Blast of Power,OGS-012,OGS-012/024,OGS,Proving Grounds,12,Common,Spell,6,,1,Order,,"[Action] (Play on your turn or in showdowns.)
Kill a unit at a battlefield.",Kudos Productions,portrait,ogs-012-024.png,False,False,False,False
ogs-013-024,Garen,OGS-013,OGS-013/024,OGS,Proving Grounds,13,Epic,Unit,6,5,1,Order,Elite|Garen|Demacia,Other friendly units have +1 {might} here.,Six More Vodka,portrait,ogs-013-024.png,False,False,False,False
ogs-014-024,Lux,OGS-014,OGS-014/024,OGS,Proving Grounds,14,Epic,Unit,4,2,,Order,Lux|Demacia,{exhaust}: [Reaction] — [Add] {energy:2}. Use only to play spells. (Abilities that add resources can't be reacted to.),Envar Studio,portrait,ogs-014-024.png,False,False,False,False
ogs-015-024,Recruit the Vanguard,OGS-015,OGS-015/024,OGS,Proving Grounds,15,Uncommon,Spell,6,,,Order,,"[Action] (Play on your turn or in showdowns.)
Play four 1 {might} Recruit unit tokens. (They can be played to your base or to battlefields you control.)",Kudos Productions,portrait,ogs-015-024.png,False,False,False,False
ogs-016-024,Vanguard Attendant,OGS-016,OGS-016/024,OGS,Proving Grounds,16,Common,Unit,6,5,1,Order,Elite|Demacia,I enter ready.,Six More Vodka,portrait,ogs-016-024.png,False,False,False,False
ogs-017-024,Dark Child,OGS-017,OGS-017/024,OGS,Proving Grounds,17,Rare,Legend,,,,Fury|Chaos,Annie,"At the end of your turn, ready 2 runes.",Six More Vodka,portrait,ogs-017-024.png,False,False,False,False
ogs-018-024,Tibbers,OGS-018,OGS-018/024,OGS,Proving Grounds,18,Epic,Unit,8,7,2,Fury|Chaos,Annie,"When you play me, deal 3 to all units at battlefields.",Polar Engine Studio,portrait,ogs-018-024.png,False,False,False,False
ogs-019-024,Wuju Bladesman,OGS-019,OGS-019/024,OGS,Proving Grounds,19,Rare,Legend,,,,Calm|Body,Master Yi,"While a friendly unit defends alone, it gets +2 {might}.",Grafit Studio/Quy Ho,portrait,ogs-019-024.png,False,False,False,False
ogs-020-024,Highlander,OGS-020,OGS-020/024,OGS,Proving Grounds,20,Epic,Spell,4,,,Calm|Body,Master Yi,"[Reaction] (Play any time, even before spells and abilities resolve.)
Choose a friendly unit. The next time it dies this turn, recall it exhausted instead. (Send it to base. This isn't a move.)",Kudos Productions,portrait,ogs-020-024.png,False,False,False,False
ogs-021-024,Lady of Luminosity,OGS-021,OGS-021/024,OGS,Proving Grounds,21,Rare,Legend,,,,Mind|Order,Lux,"When you play a spell that costs {energy:5} or more, draw 1.",Grafit Studio/Maki Planas Mata,portrait,ogs-021-024.png,False,False,False,False
ogs-022-024,Final Spark,OGS-022,OGS-022/024,OGS,Proving Grounds,22,Epic,Spell,8,,,Mind|Order,Lux,"[Action] (Play on your turn or in showdowns.)
Deal 8 to a unit.",Kudos Productions,portrait,ogs-022-024.png,False,False,False,False
ogs-023-024,Might of Demacia,OGS-023,OGS-023/024,OGS,Proving Grounds,23,Rare,Legend,,,,Body|Order,Garen,"When you conquer, if you have 4+ units at that battlefield, draw 2.",Six More Vodka,portrait,ogs-023-024.png,False,False,False,False
ogs-024-024,Decisive Strike,OGS-024,OGS-024/024,OGS,Proving Grounds,24,Epic,Spell,5,,1,Body|Order,Garen,"[Action] (Play on your turn or in showdowns.)
Give friendly units +2 {might} this turn.",Kudos Productions,portrait,ogs-024-024.png,False,False,False,False
sfd-001-221,Against the Odds,SFD-001,SFD-001/221,SFD,Spiritforged,1,Common,Spell,2,,,Fury,,"[Reaction] (Play any time, even before spells and abilities resolve.)
Give a friendly unit at a battlefield +2 {might} this turn for each enemy unit there.",Kudos Productions,portrait,sfd-001-221.png,False,False,False,False
sfd-002-221,Armed Assailant,SFD-002,SFD-002/221,SFD,Spiritforged,2,Common,Unit,6,6,1,Fury,Noxus,"[Accelerate] (You may pay {energy:1}{power:fury} as an additional cost to have me enter ready.)
[Weaponmaster] (When you play me, you may [Equip] one of your Equipment to me for {power:any} less, even if it's already attached.)",Six More Vodka,portrait,sfd-002-221.png,False,False,False,False
sfd-003-221,Blood Rush,SFD-003,SFD-003/221,SFD,Spiritforged,3,Common,Spell,1,,,Fury,,"[Action] (Play on your turn or in showdowns.)
[Repeat] {energy:1} (You may pay the additional cost to repeat this spell's effect.)
Give a unit [Assault 2]. (+2 {might} while it's an attacker.)",Rafael Zanchetin,portrait,sfd-003-221.png,False,False,False,False
sfd-t03,Gold,SFD-T03,SFD-T03,SFD,Spiritforged,3,Common,Gear,,,,Colorless,,"Kill this, {exhaust}: [Reaction] — [Add] {power:any}. (Abilities that add resources can't be reacted to.)",Kudos Productions,portrait,sfd-t03.png,False,False,False,False
sfd-004-221,Bushwhack,SFD-004,SFD-004/221,SFD,Spiritforged,4,Common,Spell,2,,1,Fury,,"[Hidden] (Hide now for {power:any} to react with later for {energy:0}.)
Friendly units enter ready this turn. Play a Gold gear token exhausted.",Kudos Productions,portrait,sfd-004-221.png,False,False,False,False
sfd-005-221,Detonate,SFD-005,SFD-005/221,SFD,Spiritforged,5,Common,Spell,1,,1,Fury,,Kill a gear. Its controller draws 2.,Kudos Productions,portrait,sfd-005-221.png,False,False,False,False
sfd-006-221,Eager Drakehound,SFD-006,SFD-006/221,SFD,Spiritforged,6,Common,Unit,3,3,1,Fury,Dog|Dragon|Noxus,I enter ready.,Michal Ivan,portrait,sfd-006-221.png,False,False,False,False
sfd-007-221,Gem Jammer,SFD-007,SFD-007/221,SFD,Spiritforged,7,Common,Unit,2,2,,Fury,Mech|Bandle City,"When you play me, give a unit [Ganking] this turn. (It can move from battlefield to battlefield.)",Caravan Studio,portrait,sfd-007-221.png,False,False,False,False
sfd-008-221,Sentinel Adept,SFD-008,SFD-008/221,SFD,Spiritforged,8,Common,Unit,3,3,,Fury,Shadow Isles|Sentinel,"[Weaponmaster] (When you play me, you may [Equip] one of your Equipment to me for {power:any} less, even if it's already attached.)",Wild Blue Studios,portrait,sfd-008-221.png,False,False,False,False
sfd-009-221,Serrated Dirk,SFD-009,SFD-009/221,SFD,Spiritforged,9,Common,Gear,1,0,,Fury,Equipment,[Equip] {power:fury} ({power:fury}: Attach this to a unit you control.),黯荧岛Dark Glow,portrait,sfd-009-221.png,False,False,False,False
sfd-010-221,Void Drone,SFD-010,SFD-010/221,SFD,Spiritforged,10,Common,Unit,3,3,,Fury,The Void,I cost {energy:2} less to play from anywhere other than your hand.,Wild Blue Studios,portrait,sfd-010-221.png,False,False,False,False
sfd-011-221,Angle Shot,SFD-011,SFD-011/221,SFD,Spiritforged,11,Uncommon,Spell,2,,,Fury,,"[Reaction] (Play any time, even before spells and abilities resolve.)
Choose a unit and an Equipment with the same controller. Attach that Equipment to that unit or detach that Equipment from that unit. Draw 1.",Kudos Productions,portrait,sfd-011-221.png,False,False,False,False
sfd-012-221,Battering Ram,SFD-012,SFD-012/221,SFD,Spiritforged,12,Uncommon,Unit,5,5,,Fury,Trifarian|Noxus,"I cost {energy:1} less for each card you've played this turn, to a minimum of {energy:1}.",Six More Vodka,portrait,sfd-012-221.png,False,False,False,False
sfd-013-221,Blast Corps Cadet,SFD-013,SFD-013/221,SFD,Spiritforged,13,Uncommon,Unit,2,2,,Fury,Piltover,"You may pay {energy:1}{power:fury} as an additional cost to play me.
When you play me, if you paid the additional cost, deal 2 to a unit at a battlefield.",Six More Vodka,portrait,sfd-013-221.png,False,False,False,False
sfd-014-221,Minotaur Reckoner,SFD-014,SFD-014/221,SFD,Spiritforged,14,Uncommon,Unit,5,5,,Fury,Noxus,Units can't move to base.,Six More Vodka,portrait,sfd-014-221.png,False,False,False,False
sfd-015-221,Perched Grimwyrm,SFD-015,SFD-015/221,SFD,Spiritforged,15,Uncommon,Unit,4,5,,Fury,Dragon|Shadow Isles,Play me only to a battlefield you conquered this turn. (You can't play me anywhere else.),Kudos Productions & 黯荧岛Dark Glow,portrait,sfd-015-221.png,False,False,False,False
sfd-016-221,Recurve Bow,SFD-016,SFD-016/221,SFD,Spiritforged,16,Uncommon,Gear,2,0,,Fury,Equipment,[Equip] {power:fury} ({power:fury}: Attach this to a unit you control.),黯荧岛Dark Glow,portrait,sfd-016-221.png,False,False,False,False
sfd-017-221,Sudden Storm,SFD-017,SFD-017/221,SFD,Spiritforged,17,Uncommon,Spell,3,,,Fury,,"[Hidden] (Hide now for {power:any} to react with later for {energy:0}.)
[Action] (Play on your turn or in showdowns.)
Deal 2 to a unit at a battlefield. If it's attacking, deal 4 to it instead.",Kudos Productions,portrait,sfd-017-221.png,False,False,False,False
sfd-018-221,Void Hatchling,SFD-018,SFD-018/221,SFD,Spiritforged,18,Uncommon,Unit,2,2,,Fury,The Void,"If you would reveal cards from a deck, look at the top card first. You may recycle it. Then reveal those cards.",Kudos Productions,portrait,sfd-018-221.png,False,False,False,False
sfd-019-221,Assembly Rig,SFD-019,SFD-019/221,SFD,Spiritforged,19,Rare,Gear,4,,,Fury,,"{energy:1}{power:fury}, Recycle a unit from your trash, {exhaust}: Play a 3 {might} Mech unit token to your base.",Six More Vodka,portrait,sfd-019-221.png,False,False,False,False
sfd-020-221,Draven,SFD-020,SFD-020/221,SFD,Spiritforged,20,Rare,Unit,4,4,,Fury,Draven|Noxus,"When I win a combat, play a Gold gear token exhausted.
When I attack or defend, you may pay {power:fury}. If you do, give me +2 {might} this turn.",League Splash Team,portrait,sfd-020-221.png,False,False,False,False
sfd-020a-221,Draven,SFD-020a,SFD-020a/221,SFD,Spiritforged,20,Showcase,Unit,4,4,,Fury,Draven|Noxus,"When I win a combat, play a Gold gear token exhausted.
When I attack or defend, you may pay {power:fury}. If you do, give me +2 {might} this turn.",League Splash Team,portrait,sfd-020a-221.png,True,False,False,True
sfd-021-221,Ferrous Forerunner,SFD-021,SFD-021/221,SFD,Spiritforged,21,Rare,Unit,6,6,1,Fury,Mech|Yordle|Bandle City,"[Deathknell] — Play two 3 {might} Mech unit tokens to your base. (When I die, get the effect.)",Envar Studio,portrait,sfd-021-221.png,False,False,False,False
sfd-022-221,Long Sword,SFD-022,SFD-022/221,SFD,Spiritforged,22,Rare,Gear,2,2,1,Fury,Equipment,"[Quick-Draw] (This has [Reaction]. When you play it, attach it to a unit you control.)
[Equip] {power:fury} ({power:fury}: Attach this to a unit you control.)",黯荧岛Dark Glow,portrait,sfd-022-221.png,False,False,False,False
sfd-023-221,Piercing Light,SFD-023,SFD-023/221,SFD,Spiritforged,23,Rare,Spell,2,,1,Fury,,"[Repeat] {energy:2}{power:fury} (You may pay the additional cost to repeat this spell's effect.)
Deal 2 to a unit at a battlefield, then deal 2 to up to one other unit.",Kudos Productions,portrait,sfd-023-221.png,False,False,False,False
sfd-024-221,Rell,SFD-024,SFD-024/221,SFD,Spiritforged,24,Rare,Unit,4,4,,Fury,Rell|Noxus,"[Tank] (I must be assigned combat damage first.)
When I attack, you may play an Equipment with Energy cost no more than {energy:2}, ignoring its cost, and attach it to me.",League Splash Team,portrait,sfd-024-221.png,False,False,False,False
sfd-025-221,Rengar,SFD-025,SFD-025/221,SFD,Spiritforged,25,Rare,Unit,3,3,1,Fury,Cat|Rengar|Ixtal,"[Reaction] (Play any time, even before spells and abilities resolve, including to a battlefield you control.)
[Assault 2] (+2 {might} while I'm an attacker.)
I can be played to a battlefield you're attacking.",League Splash Team,portrait,sfd-025-221.png,False,False,False,False
sfd-026-221,Rumble,SFD-026,SFD-026/221,SFD,Spiritforged,26,Rare,Unit,4,4,,Fury,Mech|Yordle|Rumble|Bandle City,"Your Mechs each have [Assault]. (+1 {might} while we're attackers.)
When I conquer, you may recycle another friendly unit to play a Mech from your trash. Reduce its Energy cost by the Might of the unit you recycled.",Six More Vodka,portrait,sfd-026-221.png,False,False,False,False
sfd-026a-221,Rumble,SFD-026a,SFD-026a/221,SFD,Spiritforged,26,Showcase,Unit,4,4,,Fury,Mech|Yordle|Rumble|Bandle City,"Your Mechs each have [Assault]. (+1 {might} while we're attackers.)
When I conquer, you may recycle another friendly unit to play a Mech from your trash. Reduce its Energy cost by the Might of the unit you recycled.",League Splash Team,portrait,sfd-026a-221.png,True,False,False,True
sfd-027-221,Dunebreaker,SFD-027,SFD-027/221,SFD,Spiritforged,27,Epic,Unit,7,7,1,Fury,The Void,"If you have two or fewer cards in your hand, I enter ready.
When I hold, draw 2.",Wild Blue Studios,portrait,sfd-027-221.png,False,False,False,False
sfd-028-221,Lucian,SFD-028,SFD-028/221,SFD,Spiritforged,28,Epic,Unit,3,2,,Fury,Lucian|Demacia|Sentinel,"[Assault] (+1 {might} while I'm an attacker.)
When I attack, deal damage equal to my [Assault] to an enemy unit here.",Six More Vodka,portrait,sfd-028-221.png,False,False,False,False
sfd-028a-221,Lucian,SFD-028a,SFD-028a/221,SFD,Spiritforged,28,Showcase,Unit,3,2,,Fury,Lucian|Demacia|Sentinel,"[Assault] (+1 {might} while I'm an attacker.)
When I attack, deal damage equal to my [Assault] to an enemy unit here.",Kudos Productions,portrait,sfd-028a-221.png,True,False,False,True
sfd-029-221,Rek'Sai,SFD-029,SFD-029/221,SFD,Spiritforged,29,Epic,Unit,3,3,,Fury,Rek'Sai|The Void,"[Accelerate] (You may pay {energy:1}{power:fury} as an additional cost to have me enter ready.)
[Assault] (+1 {might} while I'm an attacker.)
Friendly units played from anywhere other than a player's hand have [Accelerate].",Six More Vodka,portrait,sfd-029-221.png,False,False,False,False
sfd-029a-221,Rek'Sai,SFD-029a,SFD-029a/221,SFD,Spiritforged,29,Showcase,Unit,3,3,,Fury,Rek'Sai|The Void,"[Accelerate] (You may pay {energy:1}{power:fury} as an additional cost to have me enter ready.)
[Assault] (+1 {might} while I'm an attacker.)
Friendly units played from anywhere other than a player's hand have [Accelerate].",League Splash Team,portrait,sfd-029a-221.png,True,False,False,True
sfd-030-221,Skyfall of Areion,SFD-030,SFD-030/221,SFD,Spiritforged,30,Epic,Gear,3,2,,Fury,Equipment,[Equip] {energy:1}{power:fury} ({energy:1}{power:fury}: Attach this to a unit you control.),黯荧岛Dark Glow,portrait,sfd-030-221.png,False,False,False,False
sfd-031-221,Desert's Call,SFD-031,SFD-031/221,SFD,Spiritforged,31,Common,Spell,2,,,Calm,,"[Repeat] {energy:2} (You may pay the additional cost to repeat this spell's effect.)
Play a 2 {might} Sand Soldier unit token.",Kudos Productions,portrait,sfd-031-221.png,False,False,False,False
sfd-032-221,Disarming Rake,SFD-032,SFD-032/221,SFD,Spiritforged,32,Common,Unit,3,2,1,Calm,Demacia,"When you play me, you may kill a gear.",Six More Vodka,portrait,sfd-032-221.png,False,False,False,False
sfd-033-221,Doran's Shield,SFD-033,SFD-033/221,SFD,Spiritforged,33,Common,Gear,1,1,,Calm,Equipment,[Equip] {power:calm} ({power:calm}: Attach this to a unit you control.),黯荧岛Dark Glow,portrait,sfd-033-221.png,False,False,False,False
sfd-034-221,Feral Strength,SFD-034,SFD-034/221,SFD,Spiritforged,34,Common,Spell,2,,,Calm,,"[Reaction] (Play any time, even before spells and abilities resolve.)
[Repeat] {energy:2} (You may pay the additional cost to repeat this spell's effect.)
Give a unit +2 {might} this turn.",Kudos Productions,portrait,sfd-034-221.png,False,False,False,False
sfd-035-221,Guardian of the Passage,SFD-035,SFD-035/221,SFD,Spiritforged,35,Common,Unit,6,6,,Calm,Spirit|Shadow Isles,"When I hold, you may return a unit or gear from your trash to your hand.",JiHun Lee,portrait,sfd-035-221.png,False,False,False,False
sfd-036-221,Lonely Poro,SFD-036,SFD-036/221,SFD,Spiritforged,36,Common,Unit,2,2,,Calm,Poro|Freljord,"[Deathknell] — If I died alone, draw 1. (When I die, get the effect. I'm alone if there are no other friendly units here.)",Six More Vodka,portrait,sfd-036-221.png,False,False,False,False
sfd-037-221,Navori Scout,SFD-037,SFD-037/221,SFD,Spiritforged,37,Common,Unit,4,4,,Calm,Yordle|Ionia,[Deflect] (Opponents must pay {power:any} to choose me with a spell or ability.),Six More Vodka,portrait,sfd-037-221.png,False,False,False,False
sfd-038-221,Ribbon Dancer,SFD-038,SFD-038/221,SFD,Spiritforged,38,Common,Unit,3,3,,Calm,Ionia,"When I move to a battlefield, give another friendly unit +1 {might} this turn.",Six More Vodka,portrait,sfd-038-221.png,False,False,False,False
sfd-039-221,Royal Entourage,SFD-039,SFD-039/221,SFD,Spiritforged,39,Common,Unit,3,4,1,Calm,Shurima,"When you play me, ready or exhaust a legend.",Kudos Productions,portrait,sfd-039-221.png,False,False,False,False
sfd-040-221,Thwonk!,SFD-040,SFD-040/221,SFD,Spiritforged,40,Common,Spell,2,,,Calm,,"[Action] (Play on your turn or in showdowns.)
[Repeat] {energy:2} (You may pay the additional cost to repeat this spell's effect.)
Stun an attacking unit. (It doesn't deal combat damage this turn.)",Kudos Productions,portrait,sfd-040-221.png,False,False,False,False
sfd-041-221,Apprentice Smith,SFD-041,SFD-041/221,SFD,Spiritforged,41,Uncommon,Unit,2,2,,Calm,Freljord,"When I move, reveal the top card of your Main Deck. If it's a gear, draw it. Otherwise, recycle it.",Kudos Productions,portrait,sfd-041-221.png,False,False,False,False
sfd-042-221,Brutalizer,SFD-042,SFD-042/221,SFD,Spiritforged,42,Uncommon,Gear,2,1,,Calm,Equipment,[Equip] {power:calm} ({power:calm}: Attach this to a unit you control.),黯荧岛Dark Glow,portrait,sfd-042-221.png,False,False,False,False
sfd-043-221,Emperor's Divide,SFD-043,SFD-043/221,SFD,Spiritforged,43,Uncommon,Spell,2,,,Calm,,"[Hidden] (Hide now for {power:any} to react with later for {energy:0}.)
[Action] (Play on your turn or in showdowns.)
Move any number of friendly units at a battlefield to their base.",Kudos Productions,portrait,sfd-043-221.png,False,False,False,False
sfd-044-221,Legion Quartermaster,SFD-044,SFD-044/221,SFD,Spiritforged,44,Uncommon,Unit,3,4,,Calm,Trifarian|Noxus,"As an additional cost to play me, return a friendly gear to its owner's hand.",Kudos Productions,portrait,sfd-044-221.png,False,False,False,False
sfd-045-221,Not So Fast,SFD-045,SFD-045/221,SFD,Spiritforged,45,Uncommon,Spell,2,,1,Calm,,"[Reaction] (Play any time, even before spells and abilities resolve.)
Counter an enemy spell or ability that chooses a friendly unit or gear.",Kudos Productions,portrait,sfd-045-221.png,False,False,False,False
sfd-046-221,Poro Snax,SFD-046,SFD-046/221,SFD,Spiritforged,46,Uncommon,Gear,1,,1,Calm,,"When you play this, draw 1.
{energy:1}{power:calm}, {exhaust}, Kill this: Draw 1.",Six More Vodka,portrait,sfd-046-221.png,False,False,False,False
sfd-047-221,Simian Ancestor,SFD-047,SFD-047/221,SFD,Spiritforged,47,Uncommon,Unit,5,5,1,Calm,Ionia,"When you buff me, ready me.",Kudos Productions,portrait,sfd-047-221.png,False,False,False,False
sfd-048-221,Stellacorn Herder,SFD-048,SFD-048/221,SFD,Spiritforged,48,Uncommon,Unit,4,3,,Calm,Mount Targon,"When I move, draw 1.",Six More Vodka,portrait,sfd-048-221.png,False,False,False,False
sfd-049-221,Aphelios,SFD-049,SFD-049/221,SFD,Spiritforged,49,Rare,Unit,4,4,1,Calm,Aphelios|Mount Targon,"When you attach an Equipment to me, choose one that hasn't been chosen this turn —Ready 2 runes.Channel 1 rune exhausted.Buff a friendly unit.",Six More Vodka,portrait,sfd-049-221.png,False,False,False,False
sfd-050-221,Azir,SFD-050,SFD-050/221,SFD,Spiritforged,50,Rare,Unit,6,6,1,Calm,Bird|Azir|Shurima,"{power:calm}: [Action] — Choose a unit you control. Move me to its location and it to my original location. If it's equipped, you may attach one of its Equipment to me. Use only once per turn.",Six More Vodka,portrait,sfd-050-221.png,False,False,False,False
sfd-050a-221,Azir,SFD-050a,SFD-050a/221,SFD,Spiritforged,50,Showcase,Unit,6,6,1,Calm,Bird|Azir|Shurima,"{power:calm}: [Action] — Choose a unit you control. Move me to its location and it to my original location. If it's equipped, you may attach one of its Equipment to me. Use only once per turn.",League Splash Team,portrait,sfd-050a-221.png,True,False,False,True
sfd-051-221,Guardian Angel,SFD-051,SFD-051/221,SFD,Spiritforged,51,Rare,Gear,2,1,,Calm,Equipment,[Equip] {power:calm} ({power:calm}: Attach this to a unit you control.),黯荧岛Dark Glow,portrait,sfd-051-221.png,False,False,False,False
sfd-052-221,Heart of Dark Ice,SFD-052,SFD-052/221,SFD,Spiritforged,52,Rare,Gear,3,,1,Calm,,{exhaust}: Give a unit +3 {might} this turn.,Kudos Productions,portrait,sfd-052-221.png,False,False,False,False
sfd-053-221,Janna,SFD-053,SFD-053/221,SFD,Spiritforged,53,Rare,Unit,3,3,1,Calm,Janna|Zaun,"[Reaction] (Play any time, even before spells and abilities resolve, including to a battlefield you control.)
When you play me, heal your units here, then move an enemy unit from here to its base.",Envar Studio,portrait,sfd-053-221.png,False,False,False,False
sfd-054-221,Jax,SFD-054,SFD-054/221,SFD,Spiritforged,54,Rare,Unit,5,5,1,Calm,Jax|Icathia,"[Deflect] (Opponents must pay {power:any} to choose me with a spell or ability.)
Each Equipment in your hand has [Quick-Draw]. (It gains [Reaction]. When you play it, attach it to a unit you control.)",Envar Studio,portrait,sfd-054-221.png,False,False,False,False
sfd-054a-221,Jax,SFD-054a,SFD-054a/221,SFD,Spiritforged,54,Showcase,Unit,5,5,1,Calm,Jax|Icathia,"[Deflect] (Opponents must pay {power:any} to choose me with a spell or ability.)
Each Equipment in your hand has [Quick-Draw]. (It gains [Reaction]. When you play it, attach it to a unit you control.)",League Splash Team,portrait,sfd-054a-221.png,True,False,False,True
sfd-055-221,Needlessly Large Yordle,SFD-055,SFD-055/221,SFD,Spiritforged,55,Rare,Unit,10,5,3,Calm,Yordle|Bandle City,"[Shield 5] (+5 {might} while I'm a defender.)
[Tank] (I must be assigned combat damage first.)
I cost {energy:2}{power:calm} less for each point you scored from holding this turn.",Kudos Productions,portrait,sfd-055-221.png,False,False,False,False
sfd-056-221,Sterak's Gage,SFD-056,SFD-056/221,SFD,Spiritforged,56,Rare,Gear,3,3,2,Calm,Equipment,"[Quick-Draw] (This has [Reaction]. When you play it, attach it to a unit you control.)
[Equip] {power:calm} ({power:calm}: Attach this to a unit you control.)",黯荧岛Dark Glow,portrait,sfd-056-221.png,False,False,False,False
sfd-057-221,Irelia,SFD-057,SFD-057/221,SFD,Spiritforged,57,Epic,Unit,5,4,,Calm,Irelia|Ionia,"[Deflect] (Opponents must pay {power:any} to choose me with a spell or ability.)
When you choose or ready me, give me +1 {might} this turn.",Six More Vodka,portrait,sfd-057-221.png,False,False,False,False
sfd-057a-221,Irelia,SFD-057a,SFD-057a/221,SFD,Spiritforged,57,Showcase,Unit,5,4,,Calm,Irelia|Ionia,"[Deflect] (Opponents must pay {power:any} to choose me with a spell or ability.)
When you choose or ready me, give me +1 {might} this turn.",League Splash Team,portrait,sfd-057a-221.png,True,False,False,True
sfd-058-221,Ornn,SFD-058,SFD-058/221,SFD,Spiritforged,58,Epic,Unit,5,5,1,Calm,Ornn|Freljord,"When you play me or when I hold, look at the top 4 cards of your Main Deck. You may reveal a gear from among them and draw it. Then recycle the rest.",Kudos Productions,portrait,sfd-058-221.png,False,False,False,False
sfd-058a-221,Ornn,SFD-058a,SFD-058a/221,SFD,Spiritforged,58,Showcase,Unit,5,5,1,Calm,Ornn|Freljord,"When you play me or when I hold, look at the top 4 cards of your Main Deck. You may reveal a gear from among them and draw it. Then recycle the rest.",League Splash Team,portrait,sfd-058a-221.png,True,False,False,True
sfd-059-221,Svellsongur,SFD-059,SFD-059/221,SFD,Spiritforged,59,Epic,Gear,3,0,1,Calm,Equipment,"[Equip] {energy:1}{power:calm} ({energy:1}{power:calm}: Attach this to a unit you control.)
As this is attached to a unit, copy that unit's text to this Equipment's effect text for as long as this is attached to it.",Envar Studio,portrait,sfd-059-221.png,False,False,False,False
sfd-060-221,Tianna Crownguard,SFD-060,SFD-060/221,SFD,Spiritforged,60,Epic,Unit,7,4,2,Calm,Elite|Demacia,"[Deflect] (Opponents must pay {power:any} to choose me with a spell or ability.)
While I'm at a battlefield, opponents can't score points.",Six More Vodka,portrait,sfd-060-221.png,False,False,False,False
sfd-061-221,Aspiring Engineer,SFD-061,SFD-061/221,SFD,Spiritforged,61,Common,Unit,3,3,1,Mind,Piltover,"When you play me, return a gear from your trash to your hand.",Six More Vodka,portrait,sfd-061-221.png,False,False,False,False
sfd-062-221,Bubble Bot,SFD-062,SFD-062/221,SFD,Spiritforged,62,Common,Unit,3,3,,Mind,Mech|Yordle|Bandle City,"When you play me, ready another friendly Mech.",Envar Studio,portrait,sfd-062-221.png,False,False,False,False
sfd-063-221,Chemtech Cask,SFD-063,SFD-063/221,SFD,Spiritforged,63,Common,Gear,1,,,Mind,,"When you play a spell on an opponent's turn, you may exhaust me to play a Gold gear token exhausted.",Six More Vodka & 黯荧岛Dark Glow,portrait,sfd-063-221.png,False,False,False,False
sfd-064-221,Cloth Armor,SFD-064,SFD-064/221,SFD,Spiritforged,64,Common,Gear,1,0,,Mind,Equipment,"[Quick-Draw] (This has [Reaction]. When you play it, attach it to a unit you control.)
[Equip] {power:mind} ({power:mind}: Attach this to a unit you control.)",黯荧岛Dark Glow,portrait,sfd-064-221.png,False,False,False,False
sfd-065-221,Forecaster,SFD-065,SFD-065/221,SFD,Spiritforged,65,Common,Unit,2,2,,Mind,Mech|Yordle|Bandle City,"Your Mechs have [Vision]. (When you play us, look at the top card of your Main Deck. You may recycle it.)",Envar Studio,portrait,sfd-065-221.png,False,False,False,False
sfd-066-221,Frigid Touch,SFD-066,SFD-066/221,SFD,Spiritforged,66,Common,Spell,2,,,Mind,,"[Reaction] (Play any time, even before spells and abilities resolve.)
[Repeat] {energy:2} (You may pay the additional cost to repeat this spell's effect.)
Give a unit -2 {might} this turn.",Kudos Productions,portrait,sfd-066-221.png,False,False,False,False
sfd-067-221,Frostcoat Cub,SFD-067,SFD-067/221,SFD,Spiritforged,67,Common,Unit,3,3,,Mind,Dog|Freljord,"You may pay {power:mind} as an additional cost to play me.
When you play me, if you paid the additional cost, give a unit -2 {might} this turn.",Caravan Studio,portrait,sfd-067-221.png,False,False,False,False
sfd-068-221,Gearhead,SFD-068,SFD-068/221,SFD,Spiritforged,68,Common,Unit,5,3,,Mind,Zaun,"[Accelerate] (You may pay {energy:1}{power:mind} as an additional cost to have me enter ready.)
Each Equipment attached to me gives double its base Might bonus.",Six More Vodka & 黯荧岛Dark Glow,portrait,sfd-068-221.png,False,False,False,False
sfd-069-221,Plundering Poro,SFD-069,SFD-069/221,SFD,Spiritforged,69,Common,Unit,2,2,,Mind,Poro|Pirate|Bilgewater,"When I conquer, play a Gold gear token exhausted.",Six More Vodka,portrait,sfd-069-221.png,False,False,False,False
sfd-070-221,Wages of Pain,SFD-070,SFD-070/221,SFD,Spiritforged,70,Common,Spell,3,,,Mind,,"[Hidden] (Hide now for {power:any} to react with later for {energy:0}.)
[Action] (Play on your turn or in showdowns.)
Deal 3 to a unit at a battlefield. Play a Gold gear token exhausted.",Kudos Productions,portrait,sfd-070-221.png,False,False,False,False
sfd-071-221,Breakneck Mech,SFD-071,SFD-071/221,SFD,Spiritforged,71,Uncommon,Unit,8,7,2,Mind,Mech|Yordle|Bandle City,"Your Mechs have [Deflect] and [Ganking]. (Opponents must pay {power:any} to choose us with a spell or ability. We can move from battlefield to battlefield.)
I enter ready if you control another Mech.",Caravan Studio,portrait,sfd-071-221.png,False,False,False,False
sfd-072-221,Dropboarder,SFD-072,SFD-072/221,SFD,Spiritforged,72,Uncommon,Unit,4,4,,Mind,Zaun,"When you play me, if you control two or more gear, ready me.",Dao Trong Le,portrait,sfd-072-221.png,False,False,False,False
sfd-073-221,Experimental Hexplate,SFD-073,SFD-073/221,SFD,Spiritforged,73,Uncommon,Gear,1,1,,Mind,Equipment,[Equip] {power:mind} ({power:mind}: Attach this to a unit you control.),黯荧岛Dark Glow,portrait,sfd-073-221.png,False,False,False,False
sfd-074-221,Pickpocket,SFD-074,SFD-074/221,SFD,Spiritforged,74,Uncommon,Unit,3,3,,Mind,Zaun,"When you play me, you may kill a gear with Energy cost no more than {energy:1}. If you do, play a Gold gear token exhausted.",Six More Vodka,portrait,sfd-074-221.png,False,False,False,False
sfd-075-221,Prize of Progress,SFD-075,SFD-075/221,SFD,Spiritforged,75,Uncommon,Unit,4,3,1,Mind,Mech|Piltover,"When you use an activated ability of a gear, give me +1 {might} this turn.",Six More Vodka,portrait,sfd-075-221.png,False,False,False,False
sfd-076-221,Production Surge,SFD-076,SFD-076/221,SFD,Spiritforged,76,Uncommon,Spell,4,,1,Mind,,"This costs {energy:2} less if you control a Mech.
Play a 3 {might} Mech unit token to your base.
Draw 1.",Kudos Productions,portrait,sfd-076-221.png,False,False,False,False
sfd-077-221,Rocket Barrage,SFD-077,SFD-077/221,SFD,Spiritforged,77,Uncommon,Spell,4,,1,Mind,,"[Repeat] {energy:4}{power:mind} (You may pay the additional cost to repeat this spell's effect, and may make different choices.)
Choose one —Deal 4 to a unit in a base.Kill a gear.",Kudos Productions,portrait,sfd-077-221.png,False,False,False,False
sfd-078-221,Temporal Portal,SFD-078,SFD-078/221,SFD,Spiritforged,78,Uncommon,Gear,3,,,Mind,,"{power:any}, {exhaust}: Give the next spell you play this turn [Repeat] equal to its cost. (You may pay the additional cost to repeat the spell's effect.)",Kudos Productions,portrait,sfd-078-221.png,False,False,False,False
sfd-079-221,Bard,SFD-079,SFD-079/221,SFD,Spiritforged,79,Rare,Unit,4,4,1,Mind,Bard,"You may exhaust your legend as an additional cost to play me.
When you play me, if you paid the additional cost, move any number of your units to an open battlefield.",Caravan Studio,portrait,sfd-079-221.png,False,False,False,False
sfd-080-221,Bellows Breath,SFD-080,SFD-080/221,SFD,Spiritforged,80,Rare,Spell,1,,1,Mind,,"[Action] (Play on your turn or in showdowns.)
[Repeat] {energy:1}{power:mind} (You may pay the additional cost to repeat this spell's effect.)
Deal 1 to up to three units at the same location.",Kudos Productions,portrait,sfd-080-221.png,False,False,False,False
sfd-081-221,Card Sharp,SFD-081,SFD-081/221,SFD,Spiritforged,81,Rare,Unit,3,3,,Mind,Bilgewater,"When you play me, you and each opponent may play a Gold gear token exhausted. For each opponent who did, you play a Gold gear token exhausted.",Grafit Studio,portrait,sfd-081-221.png,False,False,False,False
sfd-082-221,Ezreal,SFD-082,SFD-082/221,SFD,Spiritforged,82,Rare,Unit,4,3,1,Mind,Ezreal|Piltover,"When I attack or defend, deal damage equal to my Might to an enemy unit here.
I don't deal combat damage.
{power:mind}: [Action] — Move me to your base.",Six More Vodka,portrait,sfd-082-221.png,False,False,False,False
sfd-082a-221,Ezreal,SFD-082a,SFD-082a/221,SFD,Spiritforged,82,Showcase,Unit,4,3,1,Mind,Ezreal|Piltover,"When I attack or defend, deal damage equal to my Might to an enemy unit here.
I don't deal combat damage.
{power:mind}: [Action] — Move me to your base.",League Splash Team,portrait,sfd-082a-221.png,True,False,False,True
sfd-083-221,Hextech Anomaly,SFD-083,SFD-083/221,SFD,Spiritforged,83,Rare,Gear,3,,1,Mind,,{exhaust}: [Reaction] — Pay any amount of {power:any} to [Add] that much Energy. (Abilities that add resources can't be reacted to.),Kudos Productions,portrait,sfd-083-221.png,False,False,False,False
sfd-084-221,Jayce,SFD-084,SFD-084/221,SFD,Spiritforged,84,Rare,Unit,4,4,,Mind,Jayce|Piltover,"When you play me, you may kill a friendly gear. If you do, you may play a gear with Energy cost no more than {energy:7} from hand this turn, ignoring its Energy cost. (You must still pay its Power cost.)",TUTU,portrait,sfd-084-221.png,False,False,False,False
sfd-085-221,Ornn,SFD-085,SFD-085/221,SFD,Spiritforged,85,Rare,Unit,6,4,,Mind,Ornn|Freljord,"[Deflect 2] (Opponents must pay {power:any}{power:any} to choose me with a spell or ability.)
[Weaponmaster] (When you play me, you may [Equip] one of your Equipment to me for {power:any} less, even if it's already attached.)
I have +1 {might} for each friendly gear.",Will Gist,portrait,sfd-085-221.png,False,False,False,False
sfd-085a-221,Ornn,SFD-085a,SFD-085a/221,SFD,Spiritforged,85,Showcase,Unit,6,4,,Mind,Ornn|Freljord,"[Deflect 2] (Opponents must pay {power:any}{power:any} to choose me with a spell or ability.)
[Weaponmaster] (When you play me, you may [Equip] one of your Equipment to me for {power:any} less, even if it's already attached.)
I have +1 {might} for each friendly gear.",League Splash Team,portrait,sfd-085a-221.png,True,False,False,True
sfd-086-221,World Atlas,SFD-086,SFD-086/221,SFD,Spiritforged,86,Rare,Gear,3,2,,Mind,Equipment,[Equip] {power:mind} ({power:mind}: Attach this to a unit you control.),黯荧岛Dark Glow,portrait,sfd-086-221.png,False,False,False,False
sfd-087-221,Premonition,SFD-087,SFD-087/221,SFD,Spiritforged,87,Epic,Spell,2,,3,Mind,,"[Reaction] (Play any time, even before spells and abilities resolve.)
Draw 3.",Polar Engine Studio,portrait,sfd-087-221.png,False,False,False,False
sfd-088-221,Renata Glasc,SFD-088,SFD-088/221,SFD,Spiritforged,88,Epic,Unit,5,4,,Mind,Renata Glasc|Zaun,"{energy:1}{power:mind}: Draw 1.
{energy:4}{power:mind}{power:mind}{power:mind}{power:mind}, {exhaust}: Score 1 point.
Use my abilities only while I'm at a battlefield.",League of Legends,portrait,sfd-088-221.png,False,False,False,False
sfd-088a-221,Renata Glasc,SFD-088a,SFD-088a/221,SFD,Spiritforged,88,Showcase,Unit,5,4,,Mind,Renata Glasc|Zaun,"{energy:1}{power:mind}: Draw 1.
{energy:4}{power:mind}{power:mind}{power:mind}{power:mind}, {exhaust}: Score 1 point.
Use my abilities only while I'm at a battlefield.",League Splash Team,portrait,sfd-088a-221.png,True,False,False,True
sfd-089-221,Rumble,SFD-089,SFD-089/221,SFD,Spiritforged,89,Epic,Unit,5,4,1,Mind,Mech|Yordle|Rumble|Bandle City,"Your Mechs have +1 {might} (including me).
When I hold, play a 3 {might} Mech unit token to your base.",Six More Vodka,portrait,sfd-089-221.png,False,False,False,False
sfd-089a-221,Rumble,SFD-089a,SFD-089a/221,SFD,Spiritforged,89,Showcase,Unit,5,4,1,Mind,Mech|Yordle|Rumble|Bandle City,"Your Mechs have +1 {might} (including me).
When I hold, play a 3 {might} Mech unit token to your base.",League Splash Team,portrait,sfd-089a-221.png,True,False,False,True
sfd-090-221,The Zero Drive,SFD-090,SFD-090/221,SFD,Spiritforged,90,Epic,Gear,3,2,,Mind,Equipment,"[Equip] {energy:1}{power:mind} ({energy:1}{power:mind}: Attach this to a unit you control.)
{energy:3}{power:mind}, Banish this: Play all units banished with this, ignoring their costs. (Use only if unattached.)",Envar Studio,portrait,sfd-090-221.png,False,False,False,False
sfd-091-221,Buhru Captain,SFD-091,SFD-091/221,SFD,Spiritforged,91,Common,Unit,3,3,1,Body,Bilgewater,"When you play me, you may draw 1 or buff me. (To buff a unit, give it a +1 {might} buff if it doesn't already have one.)",Envar Studio,portrait,sfd-091-221.png,False,False,False,False
sfd-092-221,Combat Chef,SFD-092,SFD-092/221,SFD,Spiritforged,92,Common,Unit,5,5,,Body,Demacia,"[Weaponmaster] (When you play me, you may [Equip] one of your Equipment to me for {power:any} less, even if it's already attached.)",Envar Studio,portrait,sfd-092-221.png,False,False,False,False
sfd-093-221,Dauntless Vanguard,SFD-093,SFD-093/221,SFD,Spiritforged,93,Common,Unit,4,4,1,Body,Elite|Demacia,You may play me to an occupied enemy battlefield.,Six More Vodka,portrait,sfd-093-221.png,False,False,False,False
sfd-094-221,Direwing,SFD-094,SFD-094/221,SFD,Spiritforged,94,Common,Unit,7,7,,Body,Dragon|Demacia,I enter ready if you control another Dragon.,Six More Vodka,portrait,sfd-094-221.png,False,False,False,False
sfd-095-221,Doran's Blade,SFD-095,SFD-095/221,SFD,Spiritforged,95,Common,Gear,2,2,,Body,Equipment,[Equip] {power:body} ({power:body}: Attach this to a unit you control.),黯荧岛Dark Glow,portrait,sfd-095-221.png,False,False,False,False
sfd-096-221,Laurent Bladekeeper,SFD-096,SFD-096/221,SFD,Spiritforged,96,Common,Unit,3,3,,Body,Demacia,Ganking (I can move from battlefield to battlefield.),Six More Vodka,portrait,sfd-096-221.png,False,False,False,False
sfd-097-221,Punch First,SFD-097,SFD-097/221,SFD,Spiritforged,97,Common,Spell,1,,2,Body,,"[Action] (Play on your turn or in showdowns.)
Give a unit +5 {might} this turn.",Kudos Productions,portrait,sfd-097-221.png,False,False,False,False
sfd-098-221,Sea Monkey,SFD-098,SFD-098/221,SFD,Spiritforged,98,Common,Unit,2,2,,Body,Pirate|Bilgewater,"You may pay {energy:1} as an additional cost to play me.
When you play me, if you paid the additional cost, buff me. (Give me a +1 {might} buff if I don't already have one.)",Bubble Cat Studio,portrait,sfd-098-221.png,False,False,False,False
sfd-099-221,Veteran Poro,SFD-099,SFD-099/221,SFD,Spiritforged,99,Common,Unit,2,2,,Body,Poro|Freljord,"[Weaponmaster] (When you play me, you may [Equip] one of your Equipment to me for {power:any} less, even if it's already attached.)",Six More Vodka,portrait,sfd-099-221.png,False,False,False,False
sfd-100-221,Yordle Explorer,SFD-100,SFD-100/221,SFD,Spiritforged,100,Common,Unit,4,4,,Body,Yordle|Bandle City,"When you play a card with Power cost {power:any}{power:any} or more, draw 1.",Caravan Studio,portrait,sfd-100-221.png,False,False,False,False
sfd-101-221,Fae Dragon,SFD-101,SFD-101/221,SFD,Spiritforged,101,Uncommon,Unit,7,7,1,Body,Fae|Dragon|Bandle City,"When you play me, buff up to four friendly units. (Give each a +1 {might} buff if it doesn't have one.)
When you spend a buff, play a Gold gear token exhausted.",Bubble Cat Studio,portrait,sfd-101-221.png,False,False,False,False
sfd-102-221,Hexdrinker,SFD-102,SFD-102/221,SFD,Spiritforged,102,Uncommon,Gear,2,1,,Body,Equipment,[Equip] {power:body} ({power:body}: Attach this to a unit you control.),黯荧岛Dark Glow,portrait,sfd-102-221.png,False,False,False,False
sfd-103-221,Jaull-Fish,SFD-103,SFD-103/221,SFD,Spiritforged,103,Uncommon,Unit,7,6,2,Body,Bilgewater,"[Accelerate] (You may pay {energy:1}{power:body} as an additional cost to have me enter ready.)
I cost {energy:2} less for each of your [Mighty] units. (A unit is Mighty while it has 5+ {might}.)",MAR Studio,portrait,sfd-103-221.png,False,False,False,False
sfd-104-221,Petricite Monument,SFD-104,SFD-104/221,SFD,Spiritforged,104,Uncommon,Gear,2,,,Body,,"[Temporary] (Kill this at the start of its controller's Beginning Phase, before scoring.)
Friendly units have [Deflect]. (Opponents must pay {power:any} to choose them with a spell or ability.)",Kudos Productions,portrait,sfd-104-221.png,False,False,False,False
sfd-105-221,Ruin Runner,SFD-105,SFD-105/221,SFD,Spiritforged,105,Uncommon,Unit,6,5,,Body,Shurima,I can't be chosen by enemy spells and abilities.,Grafit Studio,portrait,sfd-105-221.png,False,False,False,False
sfd-106-221,Show of Strength,SFD-106,SFD-106/221,SFD,Spiritforged,106,Uncommon,Spell,2,,1,Body,,"[Reaction] (Play any time, even before spells and abilities resolve.)
Draw 1 for each of your [Mighty] units. (A unit is Mighty while it has 5+ {might}.)",Kudos Productions,portrait,sfd-106-221.png,False,False,False,False
sfd-107-221,Strike Down,SFD-107,SFD-107/221,SFD,Spiritforged,107,Uncommon,Spell,3,,1,Body,,Choose an equipped friendly unit. It deals damage equal to its Might to an enemy unit. Then detach an Equipment from it.,Kudos Productions,portrait,sfd-107-221.png,False,False,False,False
sfd-108-221,Warmog's Armor,SFD-108,SFD-108/221,SFD,Spiritforged,108,Uncommon,Gear,1,1,,Body,Equipment,[Equip] {power:body} ({power:body}: Attach this to a unit you control.),黯荧岛Dark Glow,portrait,sfd-108-221.png,False,False,False,False
sfd-109-221,Akshan,SFD-109,SFD-109/221,SFD,Spiritforged,109,Rare,Unit,4,4,,Body,Akshan|Shurima|Sentinel,"[Weaponmaster]
You may pay {power:body}{power:body} as an additional cost to play me.
When you play me, if you paid the additional cost, move an enemy gear to your base. You control it until I leave the board. If it's an Equipment, attach it to me.",Six More Vodka,portrait,sfd-109-221.png,False,False,False,False
sfd-110-221,Fiora,SFD-110,SFD-110/221,SFD,Spiritforged,110,Rare,Unit,3,3,1,Body,Fiora|Demacia,"When I attack or defend one on one, double my Might this combat.",Six More Vodka,portrait,sfd-110-221.png,False,False,False,False
sfd-110a-221,Fiora,SFD-110a,SFD-110a/221,SFD,Spiritforged,110,Showcase,Unit,3,3,1,Body,Fiora|Demacia,"When I attack or defend one on one, double my Might this combat.",League Splash Team,portrait,sfd-110a-221.png,True,False,False,True
sfd-111-221,Here to Help,SFD-111,SFD-111/221,SFD,Spiritforged,111,Rare,Spell,2,,1,Body,,"[Hidden] (Hide now for {power:any} to react with later for {energy:0}.)
[Action] (Play on your turn or in showdowns.)
You may play a unit from hand to a battlefield you control, reducing its cost by {energy:3}.",Kudos Productions,portrait,sfd-111-221.png,False,False,False,False
sfd-112-221,Kato the Arm,SFD-112,SFD-112/221,SFD,Spiritforged,112,Rare,Unit,4,3,1,Body,Noxus,"[Deflect] (Opponents must pay {power:any} to choose me with a spell or ability.)
When I move to a battlefield, give a friendly unit my keywords and +{might} equal to my Might this turn.",Six More Vodka,portrait,sfd-112-221.png,False,False,False,False
sfd-113-221,Lucian,SFD-113,SFD-113/221,SFD,Spiritforged,113,Rare,Unit,3,3,,Body,Lucian|Demacia|Sentinel,"[Weaponmaster] (When you play me, you may [Equip] one of your Equipment to me for {power:any} less, even if it's already attached.)
The first time I conquer each turn, ready me.",Six More Vodka,portrait,sfd-113-221.png,False,False,False,False
sfd-113a-221,Lucian,SFD-113a,SFD-113a/221,SFD,Spiritforged,113,Showcase,Unit,3,3,,Body,Lucian|Demacia|Sentinel,"[Weaponmaster] (When you play me, you may [Equip] one of your Equipment to me for {power:any} less, even if it's already attached.)
The first time I conquer each turn, ready me.",League Splash Team,portrait,sfd-113a-221.png,True,False,False,True
sfd-114-221,Marching Orders,SFD-114,SFD-114/221,SFD,Spiritforged,114,Rare,Spell,3,,,Body,,"[Action] (Play on your turn or in showdowns.)
[Repeat] {energy:3} (You may pay the additional cost to repeat this spell's effect.)
Choose a friendly unit anywhere and an enemy unit at a battlefield. They deal damage equal to their Mights to each other.",Kudos Productions,portrait,sfd-114-221.png,False,False,False,False
sfd-115-221,Trinity Force,SFD-115,SFD-115/221,SFD,Spiritforged,115,Rare,Gear,4,2,,Body,Equipment,[Equip] {power:body} ({power:body}: Attach this to a unit you control.),黯荧岛Dark Glow,portrait,sfd-115-221.png,False,False,False,False
sfd-116-221,Yone,SFD-116,SFD-116/221,SFD,Spiritforged,116,Rare,Unit,5,5,1,Body,Yone|Ionia|Demon,"[Weaponmaster] (When you play me, you may [Equip] one of your Equipment to me for {power:any} less, even if it's already attached.)
When I conquer an open battlefield, deal damage equal to my Might to an enemy unit in a base.",蛋费鸡丁,portrait,sfd-116-221.png,False,False,False,False
sfd-117-221,Ancient Henge,SFD-117,SFD-117/221,SFD,Spiritforged,117,Epic,Gear,2,,1,Body,,{exhaust}: [Reaction] — Pay any amount of Energy to [Add] that much {power:any}. (Abilities that add resources can't be reacted to.),Six More Vodka,portrait,sfd-117-221.png,False,False,False,False
sfd-118-221,Boneshiver,SFD-118,SFD-118/221,SFD,Spiritforged,118,Epic,Gear,3,2,,Body,Equipment,[Equip] {energy:1}{power:body} ({energy:1}{power:body}: Attach this to a unit you control.),Envar Studio,portrait,sfd-118-221.png,False,False,False,False
sfd-119-221,Jax,SFD-119,SFD-119/221,SFD,Spiritforged,119,Epic,Unit,4,3,1,Body,Jax|Icathia,"[Weaponmaster] (When you play me, you may [Equip] one of your Equipment to me for {power:any} less, even if it's already attached.)
When you attach an Equipment to me, you may pay {energy:1} to draw 1.",Envar Studio,portrait,sfd-119-221.png,False,False,False,False
sfd-119a-221,Jax,SFD-119a,SFD-119a/221,SFD,Spiritforged,119,Showcase,Unit,4,3,1,Body,Jax|Icathia,"[Weaponmaster] (When you play me, you may [Equip] one of your Equipment to me for {power:any} less, even if it's already attached.)
When you attach an Equipment to me, you may pay {energy:1} to draw 1.",League Splash Team,portrait,sfd-119a-221.png,True,False,False,True
sfd-120-221,Sivir,SFD-120,SFD-120/221,SFD,Spiritforged,120,Epic,Unit,6,7,3,Body,Sivir|Shurima,"[Deflect 2] (Opponents must pay {power:any}{power:any} to choose me with a spell or Ability.)
When I conquer after an attack, if you assigned 5 or more excess damage to enemy units, you may deal that much to an enemy unit.",Six More Vodka,portrait,sfd-120-221.png,False,False,False,False
sfd-120a-221,Sivir,SFD-120a,SFD-120a/221,SFD,Spiritforged,120,Showcase,Unit,6,7,3,Body,Sivir|Shurima,"[Deflect 2] (Opponents must pay {power:any}{power:any} to choose me with a spell or Ability.)
When I conquer after an attack, if you assigned 5 or more excess damage to enemy units, you may deal that much to an enemy unit.",League Splash Team,portrait,sfd-120a-221.png,True,False,False,True
sfd-121-221,Black Market Broker,SFD-121,SFD-121/221,SFD,Spiritforged,121,Common,Unit,3,3,,Chaos,Zaun,"When you play a card from face down, play a Gold gear token exhausted.",Six More Vodka,portrait,sfd-121-221.png,False,False,False,False
sfd-122-221,Called Shot,SFD-122,SFD-122/221,SFD,Spiritforged,122,Common,Spell,0,,1,Chaos,,"[Action] (Play on your turn or in showdowns.)
[Repeat] {power:chaos} (You may pay the additional cost to repeat this spell's effect.)
Look at the top 2 cards of your Main Deck. Draw one and recycle the other.",Kudos Productions,portrait,sfd-122-221.png,False,False,False,False
sfd-123-221,Corrupt Enforcer,SFD-123,SFD-123/221,SFD,Spiritforged,123,Common,Unit,3,4,1,Chaos,Piltover,"When I move to a battlefield, discard 1.
When I win a combat, draw 1.",Six More Vodka,portrait,sfd-123-221.png,False,False,False,False
sfd-124-221,Doran's Ring,SFD-124,SFD-124/221,SFD,Spiritforged,124,Common,Gear,1,1,,Chaos,Equipment,[Equip] {power:chaos} ({power:chaos}: Attach this to a unit you control.),黯荧岛Dark Glow,portrait,sfd-124-221.png,False,False,False,False
sfd-125-221,Fae Porter,SFD-125,SFD-125/221,SFD,Spiritforged,125,Common,Unit,4,4,,Chaos,Fae|Ionia,"When I move to a battlefield, you may pay {power:chaos} to move a unit you control to the same battlefield.",Kudos Productions,portrait,sfd-125-221.png,False,False,False,False
sfd-126-221,Loyal Pup,SFD-126,SFD-126/221,SFD,Spiritforged,126,Common,Unit,3,3,,Chaos,Dog|Bandle City,"When you defend at a battlefield, you may move me there.",Kudos Productions,portrait,sfd-126-221.png,False,False,False,False
sfd-127-221,Master Bingwen,SFD-127,SFD-127/221,SFD,Spiritforged,127,Common,Unit,6,6,,Chaos,Ionia,"[Weaponmaster] (When you play me, you may [Equip] one of your Equipment to me for {power:any} less, even if it's already attached.)",Kudos Productions,portrait,sfd-127-221.png,False,False,False,False
sfd-128-221,Overzealous Fan,SFD-128,SFD-128/221,SFD,Spiritforged,128,Common,Unit,2,2,,Chaos,Noxus,"When I defend, you may kill me to move an attacking unit to its base.",Six More Vodka,portrait,sfd-128-221.png,False,False,False,False
sfd-129-221,Temptation,SFD-129,SFD-129/221,SFD,Spiritforged,129,Common,Spell,2,,,Chaos,,"[Repeat] {energy:2} (You may pay the additional cost to repeat this spell's effect.)
Move an enemy unit to a location where there's a unit with the same controller.",Polar Engine Studio,portrait,sfd-129-221.png,False,False,False,False
sfd-130-221,Treasure Hunter,SFD-130,SFD-130/221,SFD,Spiritforged,130,Common,Unit,2,1,,Chaos,Shurima,"When I move, play a Gold gear token exhausted.",Grafit Studio,portrait,sfd-130-221.png,False,False,False,False
sfd-131-221,Ancient Warmonger,SFD-131,SFD-131/221,SFD,Spiritforged,131,Uncommon,Unit,5,4,,Chaos,Spirit|Noxus,"[Accelerate] (You may pay {energy:1}{power:chaos} as an additional cost to have me enter ready.)
I have [Assault] equal to the number of enemy units here. (+1 {might} while I'm an attacker for each instance of Assault.)",Kudos Productions,portrait,sfd-131-221.png,False,False,False,False
sfd-132-221,Beast Below,SFD-132,SFD-132/221,SFD,Spiritforged,132,Uncommon,Unit,7,8,2,Chaos,Bilgewater,"When you play me, return another friendly unit and an enemy unit to their owners' hands.",Six More Vodka,portrait,sfd-132-221.png,False,False,False,False
sfd-133-221,Boots of Swiftness,SFD-133,SFD-133/221,SFD,Spiritforged,133,Uncommon,Gear,3,2,,Chaos,Equipment,[Equip] {power:chaos} ({power:chaos}: Attach this to a unit you control.),黯荧岛Dark Glow,portrait,sfd-133-221.png,False,False,False,False
sfd-134-221,Cull,SFD-134,SFD-134/221,SFD,Spiritforged,134,Uncommon,Gear,1,1,,Chaos,Equipment,[Equip] {power:chaos} ({power:chaos}: Attach this to a unit you control.),黯荧岛Dark Glow,portrait,sfd-134-221.png,False,False,False,False
sfd-135-221,Factory Recall,SFD-135,SFD-135/221,SFD,Spiritforged,135,Uncommon,Spell,1,,,Chaos,,"[Action] (Play on your turn or in showdowns.)
Return a gear to its owner's hand.",Kudos Productions,portrait,sfd-135-221.png,False,False,False,False
sfd-136-221,Hard Bargain,SFD-136,SFD-136/221,SFD,Spiritforged,136,Uncommon,Spell,2,,,Chaos,,"[Reaction] (Play any time, even before spells and abilities resolve.)
[Repeat] {energy:2} (You may pay the additional cost to repeat this spell's effect.)
Counter a spell unless its controller pays {energy:2}.",Wild Blue Studios,portrait,sfd-136-221.png,False,False,False,False
sfd-137-221,Harpoon Squad,SFD-137,SFD-137/221,SFD,Spiritforged,137,Uncommon,Unit,4,4,,Chaos,Pirate|Bilgewater,"When I move from a battlefield, give me +2 {might} this turn.",Six More Vodka,portrait,sfd-137-221.png,False,False,False,False
sfd-138-221,Windsinger,SFD-138,SFD-138/221,SFD,Spiritforged,138,Uncommon,Unit,2,1,,Chaos,Ionia,"Hidden (Hide now for {power:any} to react with later for {energy:0}.)
When you play me, you may return another unit at a battlefield with 3 {might} or less to its owner's hand.",Kudos Productions,portrait,sfd-138-221.png,False,False,False,False
sfd-139-221,Edge of Night,SFD-139,SFD-139/221,SFD,Spiritforged,139,Rare,Gear,3,2,,Chaos,Equipment,"[Hidden] (Hide now for {power:any} to react with later for {energy:0}.)
When you play this from face down, attach it to a unit you control here.
[Equip] {power:chaos} ({power:chaos}: Attach this to a unit you control.)",黯荧岛Dark Glow,portrait,sfd-139-221.png,False,False,False,False
sfd-140-221,Fizz,SFD-140,SFD-140/221,SFD,Spiritforged,140,Rare,Unit,3,3,1,Chaos,Yordle|Fizz|Bilgewater,"When you play me, you may play a spell from your trash with Energy cost no more than {energy:3}, ignoring its Energy cost. Recycle that spell after you play it. (You must still pay its Power cost.)",Six More Vodka,portrait,sfd-140-221.png,False,False,False,False
sfd-141-221,Irelia,SFD-141,SFD-141/221,SFD,Spiritforged,141,Rare,Unit,4,4,1,Chaos,Irelia|Ionia,Your spells that choose me cost {energy:1} or {power:any} less.,League Splash Team,portrait,sfd-141-221.png,False,False,False,False
sfd-141a-221,Irelia,SFD-141a,SFD-141a/221,SFD,Spiritforged,141,Showcase,Unit,4,4,1,Chaos,Irelia|Ionia,Your spells that choose me cost {energy:1} or {power:any} less.,League Splash Team,portrait,sfd-141a-221.png,True,False,False,True
sfd-142-221,Jae Medarda,SFD-142,SFD-142/221,SFD,Spiritforged,142,Rare,Unit,5,5,2,Chaos,Noxus,"When you choose me with a spell, draw 1.",Six More Vodka,portrait,sfd-142-221.png,False,False,False,False
sfd-143-221,Sivir,SFD-143,SFD-143/221,SFD,Spiritforged,143,Rare,Unit,4,4,1,Chaos,Sivir|Shurima,"[Accelerate] (You may pay {energy:1}{power:chaos} as an additional cost to have me enter ready.)
If you've spent at least {power:any}{power:any} this turn, I have +2 {might} and [Ganking]. (I can move from battlefield to battlefield.)",Six More Vodka,portrait,sfd-143-221.png,False,False,False,False
sfd-143a-221,Sivir,SFD-143a,SFD-143a/221,SFD,Spiritforged,143,Showcase,Unit,4,4,1,Chaos,Sivir|Shurima,"[Accelerate] (You may pay {energy:1}{power:chaos} as an additional cost to have me enter ready.)
If you've spent at least {power:any}{power:any} this turn, I have +2 {might} and [Ganking]. (I can move from battlefield to battlefield.)",League Splash Team,portrait,sfd-143a-221.png,True,False,False,True
sfd-144-221,Spirit Wheel,SFD-144,SFD-144/221,SFD,Spiritforged,144,Rare,Gear,2,,,Chaos,,"When you choose a friendly unit, you may pay {energy:1} and exhaust this to draw 1.",Six More Vodka,portrait,sfd-144-221.png,False,False,False,False
sfd-145-221,Switcheroo,SFD-145,SFD-145/221,SFD,Spiritforged,145,Rare,Spell,2,,2,Chaos,,"[Hidden] (Hide now for {power:any} to react with later for {energy:0}.)
[Action] (Play on your turn or in showdowns.)
Swap the Might of two units at the same battlefield this turn.",Kudos Productions,portrait,sfd-145-221.png,False,False,False,False
sfd-146-221,Vex,SFD-146,SFD-146/221,SFD,Spiritforged,146,Rare,Unit,5,5,1,Chaos,Yordle|Vex|Shadow Isles,"While I'm in combat, friendly spells cost {energy:1}{power:any} less to a minimum of {energy:1}, and enemy spells cost {energy:1}{power:any} more.",Envar Studio,portrait,sfd-146-221.png,False,False,False,False
sfd-147-221,Downwell,SFD-147,SFD-147/221,SFD,Spiritforged,147,Epic,Spell,8,,2,Chaos,,Return all units and gear to their owners' hands.,Kudos Productions,portrait,sfd-147-221.png,False,False,False,False
sfd-148-221,Draven,SFD-148,SFD-148/221,SFD,Spiritforged,148,Epic,Unit,6,6,1,Chaos,Draven|Noxus,"[Deflect] (Opponents must pay {power:any} to choose me with a spell or ability.)
The first time I win a combat each turn, you score 1 point.
When I die in combat, choose an opponent. They score 1 point.",Six More Vodka,portrait,sfd-148-221.png,False,False,False,False
sfd-148a-221,Draven,SFD-148a,SFD-148a/221,SFD,Spiritforged,148,Showcase,Unit,6,6,1,Chaos,Draven|Noxus,"[Deflect] (Opponents must pay {power:any} to choose me with a spell or ability.)
The first time I win a combat each turn, you score 1 point.
When I die in combat, choose an opponent. They score 1 point.",League Splash Team,portrait,sfd-148a-221.png,True,False,False,True
sfd-149-221,Ezreal,SFD-149,SFD-149/221,SFD,Spiritforged,149,Epic,Unit,3,3,1,Chaos,Ezreal|Piltover,"When you play me, discard 1, then draw 2.
Optional additional costs you pay cost {energy:1} or {power:any} less.",Six More Vodka,portrait,sfd-149-221.png,False,False,False,False
sfd-149a-221,Ezreal,SFD-149a,SFD-149a/221,SFD,Spiritforged,149,Showcase,Unit,3,3,1,Chaos,Ezreal|Piltover,"When you play me, discard 1, then draw 2.
Optional additional costs you pay cost {energy:1} or {power:any} less.",League Splash Team,portrait,sfd-149a-221.png,True,False,False,True
sfd-150-221,Last Rites,SFD-150,SFD-150/221,SFD,Spiritforged,150,Epic,Gear,3,2,,Chaos,Equipment,"[Equip] — {power:chaos}, Recycle 2 cards from your trash (Pay the cost: Attach this to a unit you control.)",黯荧岛Dark Glow,portrait,sfd-150-221.png,False,False,False,False
sfd-151-221,Bonds of Strength,SFD-151,SFD-151/221,SFD,Spiritforged,151,Common,Spell,2,,,Order,,"[Reaction] (Play any time, even before spells and abilities resolve.)
[Repeat] {energy:2} (You may pay the additional cost to repeat this spell's effect.)
Give two friendly units each +1 {might} this turn.",Kudos Productions,portrait,sfd-151-221.png,False,False,False,False
sfd-152-221,Eminent Benefactor,SFD-152,SFD-152/221,SFD,Spiritforged,152,Common,Unit,6,5,,Order,Piltover,"When I hold, play two Gold gear tokens exhausted.",Six More Vodka,portrait,sfd-152-221.png,False,False,False,False
sfd-153-221,Eye of the Herald,SFD-153,SFD-153/221,SFD,Spiritforged,153,Common,Gear,1,0,,Order,Equipment,[Equip] {power:order} ({power:order}: Attach this to a unit you control.),黯荧岛Dark Glow,portrait,sfd-153-221.png,False,False,False,False
sfd-154-221,Guards!,SFD-154,SFD-154/221,SFD,Spiritforged,154,Common,Spell,3,,,Order,,"[Hidden] (Hide now for {power:any} to react with later for {energy:0}.)
Play a 2 {might} Sand Soldier unit token. You may pay {power:order} to ready it.",Kudos Productions,portrait,sfd-154-221.png,False,False,False,False
sfd-155-221,Honest Broker,SFD-155,SFD-155/221,SFD,Spiritforged,155,Common,Unit,2,2,,Order,Ionia,"[Deathknell] — Play a Gold gear token exhausted. (When I die, get the effect.)",Kudos Productions,portrait,sfd-155-221.png,False,False,False,False
sfd-156-221,Laurent Duelist,SFD-156,SFD-156/221,SFD,Spiritforged,156,Common,Unit,4,3,,Order,Demacia,[Assault 2] (+2 {might} while I'm an attacker.),JiHun Lee,portrait,sfd-156-221.png,False,False,False,False
sfd-157-221,Royal Guard,SFD-157,SFD-157/221,SFD,Spiritforged,157,Common,Unit,4,2,,Order,Shurima,"When you play me, play a 2 {might} Sand Soldier unit token here.",Kudos Productions,portrait,sfd-157-221.png,False,False,False,False
sfd-158-221,Sandshifter,SFD-158,SFD-158/221,SFD,Spiritforged,158,Common,Unit,5,6,2,Order,Shurima,"When you play me, kill an enemy unit with 3 {might} or less.",Kudos Productions,portrait,sfd-158-221.png,False,False,False,False
sfd-159-221,Trusty Ramhound,SFD-159,SFD-159/221,SFD,Spiritforged,159,Common,Unit,2,2,,Order,Dog|Elite|Demacia,"While you have another unit here, I have +1 {might}.",Kudos Productions,portrait,sfd-159-221.png,False,False,False,False
sfd-160-221,Zaun Punk,SFD-160,SFD-160/221,SFD,Spiritforged,160,Common,Unit,3,3,,Order,Zaun,"You may kill a friendly gear as an additional cost to play me.
When you play me, if you paid the additional cost, kill a gear.",Six More Vodka,portrait,sfd-160-221.png,False,False,False,False
sfd-161-221,B.F. Sword,SFD-161,SFD-161/221,SFD,Spiritforged,161,Uncommon,Gear,4,3,,Order,Equipment,[Equip] {power:order} ({power:order}: Attach this to a unit you control.),黯荧岛Dark Glow,portrait,sfd-161-221.png,False,False,False,False
sfd-162-221,Blood Money,SFD-162,SFD-162/221,SFD,Spiritforged,162,Uncommon,Spell,2,,,Order,,"[Action] (Play on your turn or in showdowns.)
Kill a unit at a battlefield with 2 {might} or less. If it was an enemy unit, play a Gold gear token exhausted. If it was a friendly unit, play two Gold gear tokens exhausted.",Kudos Productions,portrait,sfd-162-221.png,False,False,False,False
sfd-163-221,Deathgrip,SFD-163,SFD-163/221,SFD,Spiritforged,163,Uncommon,Spell,2,,,Order,,"[Reaction] (Play any time, even before spells and abilities resolve.)
Kill a friendly unit to give +{might} equal to its Might to another friendly unit this turn. Draw 1.",Polar Engine Studio,portrait,sfd-163-221.png,False,False,False,False
sfd-164-221,Drag Under,SFD-164,SFD-164/221,SFD,Spiritforged,164,Uncommon,Spell,5,,1,Order,,"[Action] (Play on your turn or in showdowns.)
I cost {energy:2} less to play from anywhere other than your hand.
Kill a unit at a battlefield.",Kudos Productions,portrait,sfd-164-221.png,False,False,False,False
sfd-165-221,Glasc Mixologist,SFD-165,SFD-165/221,SFD,Spiritforged,165,Uncommon,Unit,5,5,1,Order,Zaun,"[Deathknell] — You may play a unit with cost no more than {energy:3} and no more than {power:any} from your trash, ignoring its cost. (When I die, get the effect.)",Six More Vodka,portrait,sfd-165-221.png,False,False,False,False
sfd-166-221,Rally the Troops,SFD-166,SFD-166/221,SFD,Spiritforged,166,Uncommon,Spell,2,,,Order,,"[Action] (Play on your turn or in showdowns.)
When a friendly unit is played this turn, buff it. (If it doesn't have a buff, it gets a +1 {might} buff.)
Draw 1.",Kudos Productions,portrait,sfd-166-221.png,False,False,False,False
sfd-167-221,Unsung Hero,SFD-167,SFD-167/221,SFD,Spiritforged,167,Uncommon,Unit,2,2,,Order,Elite|Demacia,"[Deathknell] — If I was [Mighty], draw 2. (When I die, get the effect. I'm Mighty while I have 5+ {might}.)",Six More Vodka,portrait,sfd-167-221.png,False,False,False,False
sfd-168-221,Vanguard Armory,SFD-168,SFD-168/221,SFD,Spiritforged,168,Uncommon,Gear,7,,1,Order,,{exhaust}: Play three 1 {might} Recruit unit tokens. (You may play them to different locations.),Kudos Productions,portrait,sfd-168-221.png,False,False,False,False
sfd-169-221,Altar of Memories,SFD-169,SFD-169/221,SFD,Spiritforged,169,Rare,Gear,2,,,Order,,"When a friendly unit dies, you may exhaust me to draw 1, then put a card from your hand on the top or bottom of your Main Deck.",Kudos Productions,portrait,sfd-169-221.png,False,False,False,False
sfd-170-221,Rek'Sai,SFD-170,SFD-170/221,SFD,Spiritforged,170,Rare,Unit,5,5,1,Order,Rek'Sai|The Void,"When I attack, you may reveal the top 2 cards of your Main Deck. You may play one. Then recycle the rest. If the played card is a unit, you may play it here.",Six More Vodka,portrait,sfd-170-221.png,False,False,False,False
sfd-170a-221,Rek'Sai,SFD-170a,SFD-170a/221,SFD,Spiritforged,170,Showcase,Unit,5,5,1,Order,Rek'Sai|The Void,"When I attack, you may reveal the top 2 cards of your Main Deck. You may play one. Then recycle the rest. If the played card is a unit, you may play it here.",League Splash Team,portrait,sfd-170a-221.png,True,False,False,True
sfd-171-221,Renata Glasc,SFD-171,SFD-171/221,SFD,Spiritforged,171,Rare,Unit,4,4,1,Order,Renata Glasc|Zaun,Your tokens enter ready.,League Splash Team,portrait,sfd-171-221.png,False,False,False,False
sfd-171a-221,Renata Glasc,SFD-171a,SFD-171a/221,SFD,Spiritforged,171,Showcase,Unit,4,4,1,Order,Renata Glasc|Zaun,Your tokens enter ready.,League Splash Team,portrait,sfd-171a-221.png,True,False,False,True
sfd-172-221,Sacred Shears,SFD-172,SFD-172/221,SFD,Spiritforged,172,Rare,Gear,2,1,1,Order,Equipment,[Equip] {power:order} ({power:order}: Attach this to a unit you control.),Polar Engine Studio,portrait,sfd-172-221.png,False,False,False,False
sfd-173-221,Soraka,SFD-173,SFD-173/221,SFD,Spiritforged,173,Rare,Unit,4,4,1,Order,Soraka|Mount Targon,"I must be assigned combat damage last.
If another unit you control here would die, if it has less Might than me, instead heal it, exhaust it, and recall it. (Send it to base. This isn't a move.)",Six More Vodka,portrait,sfd-173-221.png,False,False,False,False
sfd-174-221,Trove Golem,SFD-174,SFD-174/221,SFD,Spiritforged,174,Rare,Unit,8,9,2,Order,Freljord,"When you play me, play four Gold gear tokens exhausted.",Envar Studio,portrait,sfd-174-221.png,False,False,False,False
sfd-175-221,Undertitan,SFD-175,SFD-175/221,SFD,Spiritforged,175,Rare,Unit,6,5,1,Order,The Void,"When you play me, give your other units +2 {might} this turn.
As I'm revealed from your deck, [Add] {energy:2}.",Kudos Productions,portrait,sfd-175-221.png,False,False,False,False
sfd-176-221,Xin Zhao,SFD-176,SFD-176/221,SFD,Spiritforged,176,Rare,Unit,3,4,1,Order,Demacia|Xin Zhao,"[Tank] (I must be assigned combat damage first.)
I enter ready if you have two or more other units in your base.",JunHuan,portrait,sfd-176-221.png,False,False,False,False
sfd-177-221,Azir,SFD-177,SFD-177/221,SFD,Spiritforged,177,Epic,Unit,4,4,,Order,Bird|Azir|Shurima,"[Accelerate] (You may pay {energy:1}{power:order} as an additional cost to have me enter ready.)
When I attack, you may move any number of your token units to this battlefield.",Six More Vodka,portrait,sfd-177-221.png,False,False,False,False
sfd-177a-221,Azir,SFD-177a,SFD-177a/221,SFD,Spiritforged,177,Showcase,Unit,4,4,,Order,Bird|Azir|Shurima,"[Accelerate] (You may pay {energy:1}{power:order} as an additional cost to have me enter ready.)
When I attack, you may move any number of your token units to this battlefield.",League Splash Team,portrait,sfd-177a-221.png,True,False,False,True
sfd-178-221,Blade of the Ruined King,SFD-178,SFD-178/221,SFD,Spiritforged,178,Epic,Gear,3,4,1,Order,Equipment,"[Equip] — {power:order}, Kill a friendly unit (Pay the cost: Attach this to a unit you control.)",黯荧岛Dark Glow,portrait,sfd-178-221.png,False,False,False,False
sfd-179-221,Corinna Veraza,SFD-179,SFD-179/221,SFD,Spiritforged,179,Epic,Unit,7,6,1,Order,Zaun,"[Accelerate] (You may pay {energy:1}{power:order} as an additional cost to have me enter ready.)
When I move to a battlefield, play three 1 {might} Recruit unit tokens here.",Six More Vodka,portrait,sfd-179-221.png,False,False,False,False
sfd-180-221,Fiora,SFD-180,SFD-180/221,SFD,Spiritforged,180,Epic,Unit,3,3,,Order,Fiora|Demacia,"When a unit you control becomes [Mighty], you may pay {power:order} to ready it. (A unit is Mighty while it has 5+ {might}.)",League Splash Team,portrait,sfd-180-221.png,False,False,False,False
sfd-180a-221,Fiora,SFD-180a,SFD-180a/221,SFD,Spiritforged,180,Showcase,Unit,3,3,,Order,Fiora|Demacia,"When a unit you control becomes [Mighty], you may pay {power:order} to ready it. (A unit is Mighty while it has 5+ {might}.)",League Splash Team,portrait,sfd-180a-221.png,True,False,False,True
sfd-181-221,Mechanized Menace,SFD-181,SFD-181/221,SFD,Spiritforged,181,Rare,Legend,,,,Fury|Mind,Rumble,Your Mechs have [Shield]. (+1 {might} while they're defenders.),Pandart Studio,portrait,sfd-181-221.png,False,False,False,False
sfd-182-221,Danger Zone,SFD-182,SFD-182/221,SFD,Spiritforged,182,Epic,Spell,1,,1,Fury|Mind,Rumble,"[Reaction] (Play any time, even before spells and abilities resolve.)
[Repeat] {energy:1}{power:any} (You may pay the additional cost to repeat this spell's effect.)
Give your Mechs +1 {might} this turn.",Kudos Productions,portrait,sfd-182-221.png,False,False,False,False
sfd-183-221,Purifier,SFD-183,SFD-183/221,SFD,Spiritforged,183,Rare,Legend,,,,Fury|Body,Lucian,Your Equipment each give [Assault]. (+1 {might} while equipped unit is an attacker.),Pandart Studio,portrait,sfd-183-221.png,False,False,False,False
sfd-184-221,Relentless Pursuit,SFD-184,SFD-184/221,SFD,Spiritforged,184,Epic,Spell,2,,1,Fury|Body,Lucian,"[Action] (Play on your turn or in showdowns.)
Move a friendly unit. You may attach an Equipment with the same controller to it. This turn, that unit has ""When I conquer, you may move me to my base.""",Max Grecke,portrait,sfd-184-221.png,False,False,False,False
sfd-185-221,Glorious Executioner,SFD-185,SFD-185/221,SFD,Spiritforged,185,Rare,Legend,,,,Fury|Chaos,Draven,"When you win a combat, draw 1. (You win if only your units remain after combat.)",Pandart Studio,portrait,sfd-185-221.png,False,False,False,False
sfd-186-221,Spinning Axe,SFD-186,SFD-186/221,SFD,Spiritforged,186,Epic,Gear,2,3,1,Fury|Chaos,Draven|Equipment,"[Quick-Draw] (This has [Reaction]. When you play it, attach it to a unit you control.)
[Equip] {power:any} ({power:any}: Attach this to a unit you control.)
[Temporary] (If this is unattached, kill it at the start of its controller's Beginning Phase, before scoring.)",Six More Vodka,portrait,sfd-186-221.png,False,False,False,False
sfd-187-221,Void Burrower,SFD-187,SFD-187/221,SFD,Spiritforged,187,Rare,Legend,,,,Fury|Order,Rek'Sai,"When you conquer, you may exhaust me to reveal the top 2 cards of your Main Deck. You may play one. Then recycle the rest.",Pandart Studio,portrait,sfd-187-221.png,False,False,False,False
sfd-188-221,Void Rush,SFD-188,SFD-188/221,SFD,Spiritforged,188,Epic,Spell,2,,1,Fury|Order,Rek'Sai,"Reveal the top 2 cards of your Main Deck. You may play one of them, reducing its cost by {energy:2}. Draw any you did not play this way.",Kudos Productions,portrait,sfd-188-221.png,False,False,False,False
sfd-189-221,Fire Below the Mountain,SFD-189,SFD-189/221,SFD,Spiritforged,189,Rare,Legend,,,,Calm|Mind,Ornn,{exhaust}: [Reaction] — [Add] {power:any}. Use only to play gear or use gear abilities. (Abilities that add resources can't be reacted to.),Pandart Studio,portrait,sfd-189-221.png,False,False,False,False
sfd-190-221,Forgefire Cape,SFD-190,SFD-190/221,SFD,Spiritforged,190,Epic,Gear,4,3,2,Calm|Mind,Ornn|Equipment,"[Unique] (Your deck can have only 1 card with this name.)
[Equip] {power:any} ({power:any}: Attach this to a unit you control.)",Grafit Studio,portrait,sfd-190-221.png,False,False,False,False
sfd-191-221,Rabadon's Deathcrown,SFD-191,SFD-191/221,SFD,Spiritforged,191,Epic,Gear,4,3,2,Calm|Mind,Ornn|Equipment,"[Unique] (Your deck can have only 1 card with this name.)
[Equip] {power:any} ({power:any}: Attach this to a unit you control.)",Grafit Studio,portrait,sfd-191-221.png,False,False,False,False
sfd-192-221,Shurelya's Requiem,SFD-192,SFD-192/221,SFD,Spiritforged,192,Epic,Gear,4,2,2,Calm|Mind,Ornn|Equipment,"[Unique] (Your deck can have only 1 card with this name.)
[Equip] {power:any} ({power:any}: Attach this to a unit you control.)
When you play this, ready your units.",Grafit Studio,portrait,sfd-192-221.png,False,False,False,False
sfd-193-221,Grandmaster at Arms,SFD-193,SFD-193/221,SFD,Spiritforged,193,Rare,Legend,,,,Calm|Body,Jax,"{energy:1}, {exhaust}: Attach a detached Equipment you control to a unit you control.
{exhaust}: Attach an attached Equipment you control to a unit you control.",Pandart Studio,portrait,sfd-193-221.png,False,False,False,False
sfd-194-221,Counter Strike,SFD-194,SFD-194/221,SFD,Spiritforged,194,Epic,Spell,2,,1,Calm|Body,Jax,"[Reaction] (Play any time, even before spells and abilities resolve.)
Choose a unit. The next time that unit would be dealt damage this turn, prevent it. Draw 1.",Kudos Productions,portrait,sfd-194-221.png,False,False,False,False
sfd-195-221,Blade Dancer,SFD-195,SFD-195/221,SFD,Spiritforged,195,Rare,Legend,,,,Calm|Chaos,Irelia,"When you choose a friendly unit, you may exhaust me and pay {power:any} to ready it.
When you conquer, you may pay {energy:1} to ready me.",Pandart Studio,portrait,sfd-195-221.png,False,False,False,False
sfd-196-221,Defiant Dance,SFD-196,SFD-196/221,SFD,Spiritforged,196,Epic,Spell,1,,1,Calm|Chaos,Irelia,"[Reaction] (Play any time, even before spells and abilities resolve.)
Give a unit +2 {might} this turn and another unit -2 {might} this turn.",Kudos Productions,portrait,sfd-196-221.png,False,False,False,False
sfd-197-221,Emperor of the Sands,SFD-197,SFD-197/221,SFD,Spiritforged,197,Rare,Legend,,,,Calm|Order,Azir,"Your Sand Soldiers have [Weaponmaster].
{energy:1}, {exhaust}: Play a 2 {might} Sand Soldier unit token to your base. Use only if you've played an Equipment this turn.",蛋费鸡丁,portrait,sfd-197-221.png,False,False,False,False
sfd-198-221,Arise!,SFD-198,SFD-198/221,SFD,Spiritforged,198,Epic,Spell,6,,1,Calm|Order,Azir,Play a 2 {might} Sand Soldier unit token for each Equipment you control. Then ready two of them.,Kudos Productions,portrait,sfd-198-221.png,False,False,False,False
sfd-199-221,Prodigal Explorer,SFD-199,SFD-199/221,SFD,Spiritforged,199,Rare,Legend,,,,Mind|Chaos,Ezreal,{exhaust}: [Reaction] — Draw 1. Use only if you've chosen enemy units and/or gear twice this turn with spells or unit abilities.,Pandart Studio,portrait,sfd-199-221.png,False,False,False,False
sfd-200-221,Arcane Shift,SFD-200,SFD-200/221,SFD,Spiritforged,200,Epic,Spell,3,,1,Mind|Chaos,Ezreal,"[Action] (Play on your turn or in showdowns.)
Banish a friendly unit, then its owner plays it, ignoring its cost. Deal 3 to an enemy unit at a battlefield. Banish this.",Original Force,portrait,sfd-200-221.png,False,False,False,False
sfd-201-221,Chem-Baroness,SFD-201,SFD-201/221,SFD,Spiritforged,201,Rare,Legend,,,,Mind|Order,Renata Glasc,"When you or an ally hold, you may exhaust me to play a Gold gear token exhausted.
While your score is within 3 points of the Victory Score, your Gold [Add] an additional {energy:1}.",Pandart Studio,portrait,sfd-201-221.png,False,False,False,False
sfd-202-221,Hostile Takeover,SFD-202,SFD-202/221,SFD,Spiritforged,202,Epic,Spell,5,,2,Mind|Order,Renata Glasc,"[Hidden] (Hide now for {power:any} to react with later for {energy:0}.)
Take control of an enemy unit at a battlefield. Ready it. (Start a combat if other enemies are there. Otherwise, conquer.)
Lose control of that unit and recall it at end of turn. (Send it to base. This isn't a move.)",Grafit Studio,portrait,sfd-202-221.png,False,False,False,False
sfd-203-221,Battle Mistress,SFD-203,SFD-203/221,SFD,Spiritforged,203,Rare,Legend,,,,Body|Chaos,Sivir,"When you recycle a rune, you may exhaust me to play a Gold gear token exhausted.
When one or more enemy units die, ready me.",Zhongqi Li,portrait,sfd-203-221.png,False,False,False,False
sfd-204-221,On the Hunt,SFD-204,SFD-204/221,SFD,Spiritforged,204,Epic,Spell,1,,2,Body|Chaos,Sivir,Ready your units.,Grafit Studio,portrait,sfd-204-221.png,False,False,False,False
sfd-205-221,Grand Duelist,SFD-205,SFD-205/221,SFD,Spiritforged,205,Rare,Legend,,,,Body|Order,Fiora,"When one of your units becomes [Mighty], you may exhaust me to channel 1 rune exhausted. (A unit is Mighty while it has 5+ {might}.)",Pandart Studio,portrait,sfd-205-221.png,False,False,False,False
sfd-206-221,Riposte,SFD-206,SFD-206/221,SFD,Spiritforged,206,Epic,Spell,2,,2,Body|Order,Fiora,"[Reaction] (Play any time, even before spells and abilities resolve.)
Choose a friendly unit and a spell. Counter that spell and give that unit +{might} equal to that spell's Energy cost this turn.",Kudos Productions,portrait,sfd-206-221.png,False,False,False,False
sfd-207-221,Emperor's Dais,SFD-207,SFD-207/221,SFD,Spiritforged,207,Uncommon,Battlefield,,,,Colorless,,"When you conquer here, you may pay {energy:1} and return a unit you control here to its owner's hand. If you do, play a 2 {might} Sand Soldier unit token here.",Kudos Productions,landscape,sfd-207-221.png,False,False,False,False
sfd-208-221,Forge of the Fluft,SFD-208,SFD-208/221,SFD,Spiritforged,208,Uncommon,Battlefield,,,,Colorless,,"While you control this battlefield, friendly legends have ""{exhaust}: Attach an Equipment you control to a unit you control.""",Dao Trong Le,landscape,sfd-208-221.png,False,False,False,False
sfd-209-221,Forgotten Monument,SFD-209,SFD-209/221,SFD,Spiritforged,209,Uncommon,Battlefield,,,,Colorless,,Players can't score here until their third turn.,Envar Studio,landscape,sfd-209-221.png,False,False,False,False
sfd-210-221,Hall of Legends,SFD-210,SFD-210/221,SFD,Spiritforged,210,Uncommon,Battlefield,,,,Colorless,,"When you conquer here, you may pay {energy:1} to ready your legend.",Kudos Productions,landscape,sfd-210-221.png,False,False,False,False
sfd-211-221,Marai Spire,SFD-211,SFD-211/221,SFD,Spiritforged,211,Uncommon,Battlefield,,,,Colorless,,"While you control this battlefield, friendly [Repeat] costs cost {energy:1} less.",Envar Studio,landscape,sfd-211-221.png,False,False,False,False
sfd-212-221,Minefield,SFD-212,SFD-212/221,SFD,Spiritforged,212,Uncommon,Battlefield,,,,Colorless,,"When you conquer here, put the top 2 cards of your Main Deck into your trash.",Kudos Productions,landscape,sfd-212-221.png,False,False,False,False
sfd-213-221,Ornn's Forge,SFD-213,SFD-213/221,SFD,Spiritforged,213,Uncommon,Battlefield,,,,Colorless,,"While you control this battlefield, the first friendly non-token gear played each turn costs {energy:1} less.",Envar Studio,landscape,sfd-213-221.png,False,False,False,False
sfd-214-221,Power Nexus,SFD-214,SFD-214/221,SFD,Spiritforged,214,Uncommon,Battlefield,,,,Colorless,,"When you hold here, you may pay {power:any}{power:any}{power:any}{power:any} to score 1 point.",Kudos Productions,landscape,sfd-214-221.png,False,False,False,False
sfd-215-221,Ravenbloom Conservatory,SFD-215,SFD-215/221,SFD,Spiritforged,215,Uncommon,Battlefield,,,,Colorless,,"When you defend here, reveal the top card of your Main Deck. If it's a spell, put it in your hand. Otherwise, recycle it.",Will Gist,landscape,sfd-215-221.png,False,False,False,False
sfd-216-221,Rockfall Path,SFD-216,SFD-216/221,SFD,Spiritforged,216,Uncommon,Battlefield,,,,Colorless,,Units can't be played here.,Polar Engine Studio,landscape,sfd-216-221.png,False,False,False,False
sfd-217-221,Seat of Power,SFD-217,SFD-217/221,SFD,Spiritforged,217,Uncommon,Battlefield,,,,Colorless,,"When you conquer here, draw 1 for each other battlefield you or allies control..",Kudos Productions,landscape,sfd-217-221.png,False,False,False,False
sfd-218-221,Sunken Temple,SFD-218,SFD-218/221,SFD,Spiritforged,218,Uncommon,Battlefield,,,,Colorless,,"When you conquer here with one or more [Mighty] units, you may pay {energy:1} to draw 1. (A unit is Mighty while it has 5+ {might}.)",Envar Studio,landscape,sfd-218-221.png,False,False,False,False
sfd-219-221,The Papertree,SFD-219,SFD-219/221,SFD,Spiritforged,219,Uncommon,Battlefield,,,,Colorless,,"When you hold here, each player channels 1 rune exhausted.",Kudos Productions,landscape,sfd-219-221.png,False,False,False,False
sfd-220-221,Treasure Hoard,SFD-220,SFD-220/221,SFD,Spiritforged,220,Uncommon,Battlefield,,,,Colorless,,"When you conquer here, you may pay {energy:1} to play a Gold gear token exhausted.",Caravan Studio,landscape,sfd-220-221.png,False,False,False,False
sfd-221-221,Veiled Temple,SFD-221,SFD-221/221,SFD,Spiritforged,221,Uncommon,Battlefield,,,,Colorless,,"When you conquer here, you may ready a friendly gear. If it's an Equipment, you may detach it.",Kudos Productions,landscape,sfd-221-221.png,False,False,False,False
sfd-222-221,Seal of Rage,SFD-222,SFD-222/221,SFD,Spiritforged,222,Showcase,Gear,0,,1,Fury,,{exhaust}: [Reaction] — [Add] {power:fury}. (Abilities that add resources can't be reacted to.),Envar Studio,portrait,sfd-222-221.png,False,False,True,False
sfd-223-star-221,Vayne,SFD-223,SFD-223*/221,SFD,Spiritforged,223,Showcase,Unit,4,2,1,Fury,Vayne|Demacia|Sentinel,"[Assault 3] (+3 {might} while I'm an attacker.)
If an opponent controls a battlefield, I enter ready.
When I conquer, you may pay {energy:1} to return me to my owner's hand.",John Kafka,portrait,sfd-223-star-221.png,False,True,True,True
sfd-223-221,Vayne,SFD-223,SFD-223/221,SFD,Spiritforged,223,Showcase,Unit,4,2,1,Fury,Vayne|Demacia|Sentinel,"[Assault 3] (+3 {might} while I'm an attacker.)
If an opponent controls a battlefield, I enter ready.
When I conquer, you may pay {energy:1} to return me to my owner's hand.",John Kafka,portrait,sfd-223-221.png,False,False,True,False
sfd-224-star-221,Aphelios,SFD-224,SFD-224*/221,SFD,Spiritforged,224,Showcase,Unit,4,4,1,Calm,Aphelios|Mount Targon,"When you attach an Equipment to me, choose one that hasn't been chosen this turn —Ready 2 runes.Channel 1 rune exhausted.Buff a friendly unit.",Masaki Hsu,portrait,sfd-224-star-221.png,False,True,True,True
sfd-224-221,Aphelios,SFD-224,SFD-224/221,SFD,Spiritforged,224,Showcase,Unit,4,4,1,Calm,Aphelios|Mount Targon,"When you attach an Equipment to me, choose one that hasn't been chosen this turn —Ready 2 runes.Channel 1 rune exhausted.Buff a friendly unit.",Masaki Hsu,portrait,sfd-224-221.png,False,False,True,False
sfd-225-star-221,Irelia,SFD-225,SFD-225*/221,SFD,Spiritforged,225,Showcase,Unit,5,4,,Calm,Irelia|Ionia,"[Deflect] (Opponents must pay {power:any} to choose me with a spell or ability.)
When you choose or ready me, give me +1 {might} this turn.",Bo Chen,portrait,sfd-225-star-221.png,False,True,True,True
sfd-225-221,Irelia,SFD-225,SFD-225/221,SFD,Spiritforged,225,Showcase,Unit,5,4,,Calm,Irelia|Ionia,"[Deflect] (Opponents must pay {power:any} to choose me with a spell or ability.)
When you choose or ready me, give me +1 {might} this turn.",Bo Chen,portrait,sfd-225-221.png,False,False,True,False
sfd-226-221,Seal of Focus,SFD-226,SFD-226/221,SFD,Spiritforged,226,Showcase,Gear,0,,1,Calm,,{exhaust}: [Reaction] — [Add] {power:calm}. (Abilities that add resources can't be reacted to.),Envar Studio,portrait,sfd-226-221.png,False,False,True,False
sfd-227-star-221,Ahri,SFD-227,SFD-227*/221,SFD,Spiritforged,227,Showcase,Unit,3,3,1,Mind,Ahri,"When I attack or defend, give an enemy unit here -2 {might} this turn, to a minimum of 1 {might}.",Shawn Tan,portrait,sfd-227-star-221.png,False,True,True,True
sfd-227-221,Ahri,SFD-227,SFD-227/221,SFD,Spiritforged,227,Showcase,Unit,3,3,1,Mind,Ahri,"When I attack or defend, give an enemy unit here -2 {might} this turn, to a minimum of 1 {might}.",Shawn Tan,portrait,sfd-227-221.png,False,False,True,False
sfd-228-star-221,Bard,SFD-228,SFD-228*/221,SFD,Spiritforged,228,Showcase,Unit,4,4,1,Mind,Bard,"You may exhaust your legend as an additional cost to play me.
When you play me, if you paid the additional cost, move any number of your units to an open battlefield.",Felicia Chen,portrait,sfd-228-star-221.png,False,True,True,True
sfd-228-221,Bard,SFD-228,SFD-228/221,SFD,Spiritforged,228,Showcase,Unit,4,4,1,Mind,Bard,"You may exhaust your legend as an additional cost to play me.
When you play me, if you paid the additional cost, move any number of your units to an open battlefield.",Felicia Chen,portrait,sfd-228-221.png,False,False,True,False
sfd-229-221,Seal of Insight,SFD-229,SFD-229/221,SFD,Spiritforged,229,Showcase,Gear,0,,1,Mind,,{exhaust}: [Reaction] — [Add] {power:mind}. (Abilities that add resources can't be reacted to.),Envar Studio,portrait,sfd-229-221.png,False,False,True,False
sfd-230-star-221,Teemo,SFD-230,SFD-230*/221,SFD,Spiritforged,230,Showcase,Unit,2,2,1,Mind,Yordle|Teemo,"[Hidden] (Hide now for {power:any} to react with later for {energy:0}.)
When I defend or I'm played from [Hidden], reveal the top 5 cards of your Main Deck. Deal 1 to an enemy unit here for each card with [Hidden], then recycle them.",Mo Yan,portrait,sfd-230-star-221.png,False,True,True,True
sfd-230-221,Teemo,SFD-230,SFD-230/221,SFD,Spiritforged,230,Showcase,Unit,2,2,1,Mind,Yordle|Teemo,"[Hidden] (Hide now for {power:any} to react with later for {energy:0}.)
When I defend or I'm played from [Hidden], reveal the top 5 cards of your Main Deck. Deal 1 to an enemy unit here for each card with [Hidden], then recycle them.",Mo Yan,portrait,sfd-230-221.png,False,False,True,False
sfd-231-221,Seal of Strength,SFD-231,SFD-231/221,SFD,Spiritforged,231,Showcase,Gear,0,,1,Body,,{exhaust}: [Reaction] — [Add] {power:body}. (Abilities that add resources can't be reacted to.),Envar Studio,portrait,sfd-231-221.png,False,False,True,False
sfd-232-star-221,Sett,SFD-232,SFD-232*/221,SFD,Spiritforged,232,Showcase,Unit,5,4,1,Body,Sett,"When I'm played and when I conquer, buff me. (If I don't have a buff, I get a +1 {might} buff.)
Spend my buff: Give me +4 {might} this turn.",Andie Tong,portrait,sfd-232-star-221.png,False,True,True,True
sfd-232-221,Sett,SFD-232,SFD-232/221,SFD,Spiritforged,232,Showcase,Unit,5,4,1,Body,Sett,"When I'm played and when I conquer, buff me. (If I don't have a buff, I get a +1 {might} buff.)
Spend my buff: Give me +4 {might} this turn.",Andie Tong,portrait,sfd-232-221.png,False,False,True,False
sfd-233-star-221,Yone,SFD-233,SFD-233*/221,SFD,Spiritforged,233,Showcase,Unit,5,5,1,Body,Yone|Ionia|Demon,"[Weaponmaster] (When you play me, you may [Equip] one of your Equipment to me for {power:any} less, even if it's already attached.)
When I conquer an open battlefield, deal damage equal to my Might to an enemy unit in a base.",Anson Tan,portrait,sfd-233-star-221.png,False,True,True,True
sfd-233-221,Yone,SFD-233,SFD-233/221,SFD,Spiritforged,233,Showcase,Unit,5,5,1,Body,Yone|Ionia|Demon,"[Weaponmaster] (When you play me, you may [Equip] one of your Equipment to me for {power:any} less, even if it's already attached.)
When I conquer an open battlefield, deal damage equal to my Might to an enemy unit in a base.",Anson Tan,portrait,sfd-233-221.png,False,False,True,False
sfd-234-221,Seal of Discord,SFD-234,SFD-234/221,SFD,Spiritforged,234,Showcase,Gear,0,,1,Chaos,,{exhaust}: [Reaction] — [Add] {power:chaos}. (Abilities that add resources can't be reacted to.),Envar Studio,portrait,sfd-234-221.png,False,False,True,False
sfd-235-star-221,Yasuo,SFD-235,SFD-235*/221,SFD,Spiritforged,235,Showcase,Unit,5,4,1,Chaos,Yasuo,"[Ganking] (I can move from battlefield to battlefield.)
The third time I move in a turn, you score 1 point.",Jennifer Wuestling,portrait,sfd-235-star-221.png,False,True,True,True
sfd-235-221,Yasuo,SFD-235,SFD-235/221,SFD,Spiritforged,235,Showcase,Unit,5,4,1,Chaos,Yasuo,"[Ganking] (I can move from battlefield to battlefield.)
The third time I move in a turn, you score 1 point.",Jennifer Wuestling,portrait,sfd-235-221.png,False,False,True,False
sfd-236-star-221,Darius,SFD-236,SFD-236*/221,SFD,Spiritforged,236,Showcase,Unit,6,6,1,Order,Trifarian|Darius,"[Legion] — When you play me, ready me. (Get the effect if you've played another card this turn)
Other friendly units have +1 {might} here.",Shishizaru,portrait,sfd-236-star-221.png,False,True,True,True
sfd-236-221,Darius,SFD-236,SFD-236/221,SFD,Spiritforged,236,Showcase,Unit,6,6,1,Order,Trifarian|Darius,"[Legion] — When you play me, ready me. (Get the effect if you've played another card this turn)
Other friendly units have +1 {might} here.",Shishizaru,portrait,sfd-236-221.png,False,False,True,False
sfd-237-star-221,Karma,SFD-237,SFD-237*/221,SFD,Spiritforged,237,Showcase,Unit,6,6,1,Order,Karma,"[Vision] (When you play me, look at the top card of your Main Deck. You may recycle it.)
When you recycle one or more cards, buff a friendly unit. (If it doesn't have a buff, it gets a +1 {might} buff. Runes aren't cards.)",Andres Blanco,portrait,sfd-237-star-221.png,False,True,True,True
sfd-237-221,Karma,SFD-237,SFD-237/221,SFD,Spiritforged,237,Showcase,Unit,6,6,1,Order,Karma,"[Vision] (When you play me, look at the top card of your Main Deck. You may recycle it.)
When you recycle one or more cards, buff a friendly unit. (If it doesn't have a buff, it gets a +1 {might} buff. Runes aren't cards.)",Andres Blanco,portrait,sfd-237-221.png,False,False,True,False
sfd-238-221,Seal of Unity,SFD-238,SFD-238/221,SFD,Spiritforged,238,Showcase,Gear,0,,1,Order,,{exhaust}: [Reaction] — [Add] {power:order}. (Abilities that add resources can't be reacted to.),Envar Studio,portrait,sfd-238-221.png,False,False,True,False
sfd-239-star-221,Soraka,SFD-239,SFD-239*/221,SFD,Spiritforged,239,Showcase,Unit,4,4,1,Order,Soraka|Mount Targon,"I must be assigned combat damage last.
If another unit you control here would die, if it has less Might than me, instead heal it, exhaust it, and recall it. (Send it to base. This isn't a move.)",Loiza Chen,portrait,sfd-239-star-221.png,False,True,True,True
sfd-239-221,Soraka,SFD-239,SFD-239/221,SFD,Spiritforged,239,Showcase,Unit,4,4,1,Order,Soraka|Mount Targon,"I must be assigned combat damage last.
If another unit you control here would die, if it has less Might than me, instead heal it, exhaust it, and recall it. (Send it to base. This isn't a move.)",Loiza Chen,portrait,sfd-239-221.png,False,False,True,False
sfd-240-221,Mechanized Menace,SFD-240,SFD-240/221,SFD,Spiritforged,240,Showcase,Legend,,,,Fury|Mind,Rumble,Your Mechs have [Shield]. (+1 {might} while they're defenders.),Envar Studio,portrait,sfd-240-221.png,False,False,True,False
sfd-241-221,Purifier,SFD-241,SFD-241/221,SFD,Spiritforged,241,Showcase,Legend,,,,Fury|Body,Lucian,Your Equipment each give [Assault]. (+1 {might} while equipped unit is an attacker.),Envar Studio,portrait,sfd-241-221.png,False,False,True,False
sfd-242-221,Glorious Executioner,SFD-242,SFD-242/221,SFD,Spiritforged,242,Showcase,Legend,,,,Fury|Chaos,Draven,"When you win a combat, draw 1. (You win if only your units remain after combat.)",Envar Studio,portrait,sfd-242-221.png,False,False,True,False
sfd-243-221,Void Burrower,SFD-243,SFD-243/221,SFD,Spiritforged,243,Showcase,Legend,,,,Fury|Order,Rek'Sai,"When you conquer, you may exhaust me to reveal the top 2 cards of your Main Deck. You may banish one, then play it. Recycle the rest.",TSWCK逍,portrait,sfd-243-221.png,False,False,True,False
sfd-244-221,Fire Below the Mountain,SFD-244,SFD-244/221,SFD,Spiritforged,244,Showcase,Legend,,,,Calm|Mind,Ornn,{exhaust}: [Reaction] — [Add] {power:any}. Use only to play gear or use gear abilities. (Abilities that add resources can't be reacted to.),叫我小董就好了,portrait,sfd-244-221.png,False,False,True,False
sfd-245-221,Grandmaster at Arms,SFD-245,SFD-245/221,SFD,Spiritforged,245,Showcase,Legend,,,,Calm|Body,Jax,"{energy:1}, {exhaust}: Attach a detached Equipment you control to a unit you control.
{exhaust}: Attach an attached Equipment you control to a unit you control.",Sugar Free,portrait,sfd-245-221.png,False,False,True,False
sfd-246-221,Blade Dancer,SFD-246,SFD-246/221,SFD,Spiritforged,246,Showcase,Legend,,,,Calm|Chaos,Irelia,"When you choose a friendly unit, you may exhaust me and pay {power:any} to ready it.
When you conquer, you may pay {energy:1} to ready me.",Grafit Studio,portrait,sfd-246-221.png,False,False,True,False
sfd-247-221,Emperor of the Sands,SFD-247,SFD-247/221,SFD,Spiritforged,247,Showcase,Legend,,,,Calm|Order,Azir,"Sand Soldiers you play have [Weaponmaster]. (When they're played, you may [Equip] one of your Equipment to them for {power:any} less.)
{energy:1}, {exhaust}: Play a 2 {might} Sand Soldier unit token to your base. Use only if you've played an Equipment this turn.",Envar Studio,portrait,sfd-247-221.png,False,False,True,False
sfd-248-221,Prodigal Explorer,SFD-248,SFD-248/221,SFD,Spiritforged,248,Showcase,Legend,,,,Mind|Chaos,Ezreal,{exhaust}: [Reaction] — Draw 1. Use only if you've chosen enemy units and/or gear twice this turn with spells or unit abilities.,Grafit Studio,portrait,sfd-248-221.png,False,False,True,False
sfd-249-221,Chem-Baroness,SFD-249,SFD-249/221,SFD,Spiritforged,249,Showcase,Legend,,,,Mind|Order,Renata Glasc,"When you or an ally hold, you may exhaust me to play a Gold gear token exhausted.
While your score is within 3 points of the Victory Score, your Gold [ADD] an additional {energy:1}.",Envar Studio,portrait,sfd-249-221.png,False,False,True,False
sfd-250-221,Battle Mistress,SFD-250,SFD-250/221,SFD,Spiritforged,250,Showcase,Legend,,,,Body|Chaos,Sivir,"When you recycle a rune, you may exhaust me to play a Gold gear token exhausted.
When one or more enemy units die, ready me.",Envar Studio,portrait,sfd-250-221.png,False,False,True,False
sfd-251-221,Grand Duelist,SFD-251,SFD-251/221,SFD,Spiritforged,251,Showcase,Legend,,,,Body|Order,Fiora,"When one of your units becomes [Mighty], you may exhaust me to channel 1 rune exhausted. (A unit is Mighty while it has 5+ {might}.)",Grafit Studio,portrait,sfd-251-221.png,False,False,True,False
unl-001-219,Arena Kingpin,UNL-001,UNL-001/219,UNL,Unleashed,1,Common,Unit,5,3,,Fury,Yordle|Noxus,"I enter ready.
{exhaust}: Give a unit +3 {might} this turn.",Kudos Productions,portrait,unl-001-219.png,False,False,False,False
unl-t01,Baron Pit,UNL-T01,UNL-T01,UNL,Unleashed,1,Common,Battlefield,,,,Colorless,,"(You can't start the game with a token battlefield.)
Units can move here from anywhere.",Fish Art Studio,landscape,unl-t01.png,False,False,False,False
unl-002-219,Inferna,UNL-002,UNL-002/219,UNL,Unleashed,2,Common,Unit,2,1,,Fury,Bilgewater,"[Ambush] (You may play me as a [Reaction] to a battlefield where you have units.)
[Assault 2] (+2 {might} while I'm an attacker.)",Kudos Productions,portrait,unl-002-219.png,False,False,False,False
unl-t02,Bird,UNL-T02,UNL-T02,UNL,Unleashed,2,Common,Unit,,1,,Colorless,Bird,[Deflect] (Opponents must pay {power:any} to choose me with a spell or ability.),Six More Vodka,portrait,unl-t02.png,False,False,False,False
unl-003-219,Mischievous Marai,UNL-003,UNL-003/219,UNL,Unleashed,3,Common,Unit,2,2,,Fury,Bilgewater,"[Hidden] (Hide now for {power:any} to react with later for {energy:0}.)
When you play me to a battlefield, deal 2 to an enemy unit here.",Envar Studio,portrait,unl-003-219.png,False,False,False,False
unl-t03,Brush,UNL-T03,UNL-T03,UNL,Unleashed,3,Common,Battlefield,,,,Colorless,,"Bird, Cat, Dog, Poro, and Ivern units here have +1 {might}.
When you score here, you may replace this with the battlefield it replaced.",Kudos Productions,landscape,unl-t03.png,False,False,False,False
unl-004-219,Prepared Neophyte,UNL-004,UNL-004/219,UNL,Unleashed,4,Common,Unit,3,1,,Fury,Shadow Isles,"If you've spent {energy:4} or more to play a spell this turn, I have +4 {might}.",Kudos Productions,portrait,unl-004-219.png,False,False,False,False
unl-t04,Buff,UNL-T04,UNL-T04,UNL,Unleashed,4,Common,,,,,Colorless,,A unit may have no more than one buff at a time.,League Splash Team,portrait,unl-t04.png,False,False,False,False
unl-005-219,Revna the Lorekeeper,UNL-005,UNL-005/219,UNL,Unleashed,5,Common,Unit,7,7,1,Fury,Freljord,"[Ganking] (I can move from battlefield to battlefield.)
When you play a spell, if you spent {energy:4} or more, ready me.",Envar Studio,portrait,unl-005-219.png,False,False,False,False
unl-t05,Gold,UNL-T05,UNL-T05,UNL,Unleashed,5,Common,Gear,,,,Colorless,,"[Reaction][>] Kill this, {exhaust}: [Add] {power:any}. (Abilities that add resources can't be reacted to.)",Kudos Productions,portrait,unl-t05.png,False,False,False,False
unl-006-219,Sharkling,UNL-006,UNL-006/219,UNL,Unleashed,6,Common,Unit,3,1,,Fury,Bilgewater,"[Accelerate] (You may pay {energy:1}{power:fury} as an additional cost to have me enter ready.)
[Assault 4] (+4 {might} while I'm an attacker.)",Kudos Productions,portrait,unl-006-219.png,False,False,False,False
unl-t06,Reflection,UNL-T06,UNL-T06,UNL,Unleashed,6,Common,Unit,,0,,Colorless,,(I become a copy of something when played. I don't get that card's play effects.),Kudos Productions & 黯荧岛Dark Glow,portrait,unl-t06.png,False,False,False,False
unl-007-219,Smite,UNL-007,UNL-007/219,UNL,Unleashed,7,Common,Spell,2,,1,Fury,,"[Action] (Play on your turn or in showdowns.)
Deal 3 to a unit at a battlefield. If it would die this turn, banish it instead.",黯荧岛Dark Glow,portrait,unl-007-219.png,False,False,False,False
unl-t07,Sprite,UNL-T07,UNL-T07,UNL,Unleashed,7,Common,Unit,,3,,Colorless,Fae,"[Temporary] (Kill me at the start of your Beginning Phase, before scoring.)",Envar Studio,portrait,unl-t07.png,False,False,False,False
unl-008-219,Towering Pairofant,UNL-008,UNL-008/219,UNL,Unleashed,8,Common,Unit,6,6,,Fury,Shurima,"[Assault] (+1 {might} while I'm an attacker.)
If a unit died this turn, I enter ready.",Kudos Productions,portrait,unl-008-219.png,False,False,False,False
unl-t08,XP Tracker,UNL-T08,UNL-T08,UNL,Unleashed,8,Common,,,,,Colorless,,"Track gained XP here.
Some cards get bonuses based on your [Level].
Some cards can spend XP for powerful effects.",Rafael Zanchetin,portrait,unl-t08.png,False,False,False,False
unl-009-219,Upstage Comedy,UNL-009,UNL-009/219,UNL,Unleashed,9,Common,Spell,2,,,Fury,,"[Repeat] {energy:2} (You may pay the additional cost to repeat this spell's effect.)
Ready a unit.",莺之歌,portrait,unl-009-219.png,False,False,False,False
unl-010-219,Vault Breaker,UNL-010,UNL-010/219,UNL,Unleashed,10,Common,Spell,1,,1,Fury,,"[Action] (Play on your turn or in showdowns.)
Give a unit [Assault 2] and [Ganking] this turn. (+2 {might} while it's an attacker. It can move from battlefield to battlefield.)",Kudos Productions,portrait,unl-010-219.png,False,False,False,False
unl-011-219,Fresh Beans,UNL-011,UNL-011/219,UNL,Unleashed,11,Uncommon,Gear,2,,,Fury,,"When you play a unit during a showdown, you may exhaust this to draw 1.",Wild Blue Studios,portrait,unl-011-219.png,False,False,False,False
unl-012-219,Lord Broadmane,UNL-012,UNL-012/219,UNL,Unleashed,12,Uncommon,Unit,5,5,1,Fury,Noxus,"[Ambush] (You may play me as a [Reaction] to a battlefield where you have units.)
When you play me, give your other units here [Assault] this turn. (+1 {might} while they're attackers.)",Kudos Productions,portrait,unl-012-219.png,False,False,False,False
unl-013-219,Lotus Trap,UNL-013,UNL-013/219,UNL,Unleashed,13,Uncommon,Spell,2,,,Fury,,"[Hidden] (Hide now for {power:any} to react with later for {energy:0}.)
[Reaction] (Play any time, even before spells and abilities resolve.)
Choose a unit. Double all damage that would be dealt to it this turn.",Kudos Productions,portrait,unl-013-219.png,False,False,False,False
unl-014-219,Monster Harpoon,UNL-014,UNL-014/219,UNL,Unleashed,14,Uncommon,Spell,1,,1,Fury,,"[Action] (Play on your turn or in showdowns.)
Deal 2 to a unit at a battlefield. If you control a facedown card, deal 4 to it instead.",Kudos Productions,portrait,unl-014-219.png,False,False,False,False
unl-015-219,Right of Conquest,UNL-015,UNL-015/219,UNL,Unleashed,15,Uncommon,Spell,3,,1,Fury,,"Draw 1, then draw 1 for each battlefield you or allies control.",Kudos Productions,portrait,unl-015-219.png,False,False,False,False
unl-016-219,Scorchclaw,UNL-016,UNL-016/219,UNL,Unleashed,16,Uncommon,Unit,3,3,1,Fury,Dog|Noxus,"[Hunt 2] (When I conquer or hold, gain 2 XP.)
[Level 3][>] I have +1 {might} and enter ready. (While you have 3+ XP, get the effect.)",黯荧岛Dark Glow,portrait,unl-016-219.png,False,False,False,False
unl-017-219,Square Up,UNL-017,UNL-017/219,UNL,Unleashed,17,Uncommon,Spell,4,,,Fury,,"[Repeat] — Discard 1 (You may pay the additional cost to repeat this spell's effect.)
Give a unit [Assault 4] this turn. (+4 {might} while it's an attacker.)",Kudos Productions,portrait,unl-017-219.png,False,False,False,False
unl-018-219,Yeti Brawler,UNL-018,UNL-018/219,UNL,Unleashed,18,Uncommon,Unit,6,6,,Fury,Noxus,"When I conquer, if you assigned 3 or more excess damage, play two Gold gear tokens exhausted. (They have ""[Reaction][>] Kill this, {exhaust}: [Add] {power:any}."")",Kudos Productions,portrait,unl-018-219.png,False,False,False,False
unl-019-219,Blighted Battleaxe,UNL-019,UNL-019/219,UNL,Unleashed,19,Rare,Gear,4,4,,Fury,Equipment,[Equip] {energy:1}{power:fury} ({energy:1}{power:fury}: Attach this to a unit you control.),Caravan Studio,portrait,unl-019-219.png,False,False,False,False
unl-020-219,Dancing Grenade,UNL-020,UNL-020/219,UNL,Unleashed,20,Rare,Spell,2,,1,Fury,,"Deal 2 to a unit. Its controller may play this spell again for {power:any}. If they do, this deals 1 additional Bonus Damage for each time this spell has dealt damage this turn.",Kudos Productions,portrait,unl-020-219.png,False,False,False,False
unl-021-219,Grim Apothecary,UNL-021,UNL-021/219,UNL,Unleashed,21,Rare,Unit,3,3,,Fury,Noxus,"[Ambush] (You may play me as a [Reaction] to a battlefield where you have units.)
When you play me, you may return a friendly unit at a battlefield to its owner's hand.",Wild Blue Studios,portrait,unl-021-219.png,False,False,False,False
unl-022-219,Jhin,UNL-022,UNL-022/219,UNL,Unleashed,22,Rare,Unit,4,4,1,Fury,Jhin|Ionia,"[Deflect] (Opponents must pay {power:any} to choose me with a spell or ability.)
[Ganking] (I can move from battlefield to battlefield.)
When I move, [Add] {energy:1}{power:any}. (Abilities that add resources can't be reacted to.)",Alessandro Poli,portrait,unl-022-219.png,False,False,False,False
unl-022a-219,Jhin,UNL-022a,UNL-022a/219,UNL,Unleashed,22,Rare,Unit,4,4,1,Fury,Jhin|Ionia,"[Deflect]
[Ganking]
When I move, [Add] {energy:1}{power:any}.",League Splash Team,portrait,unl-022a-219.png,True,False,False,True
unl-023-219,Katarina,UNL-023,UNL-023/219,UNL,Unleashed,23,Rare,Unit,5,5,1,Fury,Katarina|Noxus,"When you hide a card, ready me.
When you play a card from face down, deal 2 to an enemy unit.",Six More Vodka,portrait,unl-023-219.png,False,False,False,False
unl-024-219,Rengar,UNL-024,UNL-024/219,UNL,Unleashed,24,Rare,Unit,4,4,1,Fury,Cat|Rengar|Ixtal,"[Accelerate] (You may pay {energy:1}{power:fury} as an additional cost to have me enter ready.)
[Assault 2] (+2 {might} while I'm an attacker.)
[Deflect] (Opponents must pay {power:any} to choose me with a spell or ability.)
[Ganking] (I can move from battlefield to battlefield.)",HCuu,portrait,unl-024-219.png,False,False,False,False
unl-024a-219,Rengar,UNL-024a,UNL-024a/219,UNL,Unleashed,24,Rare,Unit,4,4,1,Fury,Cat|Rengar|Ixtal,"[Accelerate]
[Assault 2]
[Deflect]
[Ganking]",League Splash Team,portrait,unl-024a-219.png,True,False,False,True
unl-025-219,Undying Legion,UNL-025,UNL-025/219,UNL,Unleashed,25,Rare,Unit,3,3,,Fury,Spirit|Shadow Isles,[Legion][>] You may play me from your trash for {energy:3}{power:fury}. (Get the effect if you've played another card this turn.),Six More Vodka,portrait,unl-025-219.png,False,False,False,False
unl-026-219,Xerath,UNL-026,UNL-026/219,UNL,Unleashed,26,Rare,Unit,5,5,,Fury,Shurima|Xerath,"{power:fury}, {exhaust}: Deal 3 to a unit. Use this ability only while I'm at a battlefield.",Six More Vodka,portrait,unl-026-219.png,False,False,False,False
unl-027-219,Inviolus Vox,UNL-027,UNL-027/219,UNL,Unleashed,27,Epic,Unit,8,8,2,Fury,Dragon|Mount Targon,"When I conquer, give a friendly unit +8 {might} this turn.",Six More Vodka,portrait,unl-027-219.png,False,False,False,False
unl-028-219,Pyke,UNL-028,UNL-028/219,UNL,Unleashed,28,Epic,Unit,3,2,,Fury,Pyke|Bilgewater,"[Hidden] (Hide now for {power:any} to react with later for {energy:0}.)
[Ganking] (I can move from battlefield to battlefield.)
You may pay {power:fury} as an additional cost to play me.
When you play me, if you paid the additional cost, ready me and give me +2 {might} this turn.",Six More Vodka,portrait,unl-028-219.png,False,False,False,False
unl-028a-219,Pyke,UNL-028a,UNL-028a/219,UNL,Unleashed,28,Epic,Unit,3,2,,Fury,Pyke|Bilgewater,"[Hidden]
[Ganking]
You may pay {power:fury} as an additional cost to play me.
When you play me, if you paid the additional cost, ready me and give me +2 {might} this turn.",League Splash Team,portrait,unl-028a-219.png,True,False,False,True
unl-029-219,Red Brambleback,UNL-029,UNL-029/219,UNL,Unleashed,29,Epic,Unit,4,4,1,Fury,Ionia,"[Accelerate] (You may pay {energy:1}{power:fury} as an additional cost to have me enter ready.)
Your conquer effects for conquering here trigger an additional time.
When I conquer, [Buff] a friendly unit. (Give it a +1 {might} buff if it doesn't have one.)",JunHuan,portrait,unl-029-219.png,False,False,False,False
unl-029a-219,Red Brambleback,UNL-029a,UNL-029a/219,UNL,Unleashed,29,Epic,Unit,4,4,1,Fury,,"[Accelerate]
Your conquer effects for conquering here trigger an additional time.
When I conquer, [Buff] a friendly unit.",JunHuan,portrait,unl-029a-219.png,True,False,False,True
unl-030-219,Vi,UNL-030,UNL-030/219,UNL,Unleashed,30,Epic,Unit,4,3,,Fury,Vi|Zaun,"[Deflect] (Opponents must pay {power:any} to choose me with a spell or ability.)
{energy:2}{power:fury}: Double my Might this turn.",Envar Studio,portrait,unl-030-219.png,False,False,False,False
unl-030a-219,Vi,UNL-030a,UNL-030a/219,UNL,Unleashed,30,Epic,Unit,4,3,,Fury,Vi|Zaun,"[Deflect]
{energy:2}{power:fury}: Double my Might this turn.",League Splash Team,portrait,unl-030a-219.png,True,False,False,True
unl-031-219,Combat Experience,UNL-031,UNL-031/219,UNL,Unleashed,31,Common,Spell,1,,,Calm,,"[Reaction] (Play any time, even before spells and abilities resolve.)
Give a unit +1 {might} this turn.
[Level 6][>] Give it +3 {might} this turn instead. (While you have 6+ XP, get the effect.)",Kudos Productions,portrait,unl-031-219.png,False,False,False,False
unl-032-219,Double Trouble,UNL-032,UNL-032/219,UNL,Unleashed,32,Common,Spell,2,,,Calm,,"[Repeat] {energy:2} (You may pay the additional cost to repeat this spell's effect.)
Look at the top 3 cards of your Main Deck. You may reveal a unit from among them and draw it. Recycle the rest.",Kudos Productions,portrait,unl-032-219.png,False,False,False,False
unl-033-219,Frisky Hunter,UNL-033,UNL-033/219,UNL,Unleashed,33,Common,Unit,4,3,,Calm,Cat|Zaun,"When you play me, play a 1 {might} Bird unit token with [Deflect] here. (Opponents must pay {power:any} to choose it with a spell or ability.)",Kudos Productions,portrait,unl-033-219.png,False,False,False,False
unl-034-219,Herald of Spring,UNL-034,UNL-034/219,UNL,Unleashed,34,Common,Unit,4,4,1,Calm,Ionia,"[Hunt] (When I conquer or hold, gain 1 XP.)
When you play me, gain 2 XP.",Six More Vodka,portrait,unl-034-219.png,False,False,False,False
unl-035-219,Monch,UNL-035,UNL-035/219,UNL,Unleashed,35,Common,Unit,6,6,,Calm,Bandle City,"If an opponent controls a stunned unit, I cost {energy:2} less and enter ready.",Envar Studio,portrait,unl-035-219.png,False,False,False,False
unl-036-219,Mutated Mouser,UNL-036,UNL-036/219,UNL,Unleashed,36,Common,Unit,2,1,,Calm,Cat|Bilgewater,"[Shield 2] (+2 {might} while I'm a defender.)
[Tank] (I must be assigned combat damage first.)",Caravan Studio,portrait,unl-036-219.png,False,False,False,False
unl-037-219,Shadow Watcher,UNL-037,UNL-037/219,UNL,Unleashed,37,Common,Unit,4,5,1,Calm,Ionia,"If a friendly unit died during your Beginning Phase this turn, I enter ready.",Dao Trong Le,portrait,unl-037-219.png,False,False,False,False
unl-038-219,Skyward Strike,UNL-038,UNL-038/219,UNL,Unleashed,38,Common,Spell,2,,1,Calm,,"Move an enemy unit.
[Level 6][>] [Stun] an enemy unit. (While you have 6+ XP, get the effect. A stunned unit doesn't deal combat damage this turn.)",Kudos Productions,portrait,unl-038-219.png,False,False,False,False
unl-039-219,Soul Sword,UNL-039,UNL-039/219,UNL,Unleashed,39,Common,Gear,1,1,,Calm,Equipment,[Equip] {power:calm} ({power:calm}: Attach this to a unit you control.),Kudos Productions,portrait,unl-039-219.png,False,False,False,False
unl-040-219,Wuju Apprentice,UNL-040,UNL-040/219,UNL,Unleashed,40,Common,Unit,2,2,,Calm,Ionia,"[Hunt] (When I conquer or hold, gain 1 XP.)
[Level 6][>] When you play me, draw 1. (While you have 6+ XP, get the effect.)",Polar Engine Studio,portrait,unl-040-219.png,False,False,False,False
unl-041-219,"Allay, Eager Admirer",UNL-041,UNL-041/219,UNL,Unleashed,41,Uncommon,Unit,3,3,,Calm,Yordle|Bandle City,"[Deflect] (Opponents must pay {power:any} to choose me with a spell or ability.)
While I'm at a battlefield, your other units here have [Deflect].",Envar Studio,portrait,unl-041-219.png,False,False,False,False
unl-042-219,Back Off,UNL-042,UNL-042/219,UNL,Unleashed,42,Uncommon,Spell,3,,,Calm,,"[Hidden] (Hide now for {power:any} to react with later for {energy:0}.)
[Action] (Play on your turn or in showdowns.)
[Stun] a unit. (It doesn't deal combat damage this turn.)
If you played this from your hand, draw 1.",Caravan Studio,portrait,unl-042-219.png,False,False,False,False
unl-043-219,Enthusiastic Promoter,UNL-043,UNL-043/219,UNL,Unleashed,43,Uncommon,Unit,3,2,,Calm,Yordle|Bandle City,"[Backline] (I must be assigned combat damage last.)
When I hold, [Buff] all units here. (Give each a +1 {might} buff if it doesn't have one.)",Valentin Gloaguen,portrait,unl-043-219.png,False,False,False,False
unl-044-219,Flurry of Feathers,UNL-044,UNL-044/219,UNL,Unleashed,44,Uncommon,Spell,4,,2,Calm,,"[Reaction]
Choose one —Counter a spell.Play four 1 {might} Bird unit tokens with [Deflect]. (Opponents must pay {power:any} to choose them with a spell or ability.)",Polar Engine Studio,portrait,unl-044-219.png,False,False,False,False
unl-045-219,Forgotten Signpost,UNL-045,UNL-045/219,UNL,Unleashed,45,Uncommon,Gear,2,,,Calm,,"[Action][>] Exhaust a unit you control, {exhaust}: Move a different unit you control to the location of the unit you exhausted to pay for this ability.",Kudos Productions,portrait,unl-045-219.png,False,False,False,False
unl-046-219,Friendship,UNL-046,UNL-046/219,UNL,Unleashed,46,Uncommon,Spell,1,,,Calm,,"[Reaction] (Play any time, even before spells and abilities resolve.)
Choose a unit. Give it +1 {might} this turn for each of the following tags among your units — Bird, Cat, Dog, and Poro.",Kudos Productions,portrait,unl-046-219.png,False,False,False,False
unl-047-219,Mosstomper,UNL-047,UNL-047/219,UNL,Unleashed,47,Uncommon,Unit,3,3,1,Calm,Dog|Ixtal,"[Hunt 2] (When I conquer or hold, gain 2 XP.)
[Level 3][>] I have +1 {might} and [Deflect]. (While you have 3+ XP, get the effect. Opponents must pay {power:any} to choose a [Deflect] unit with a spell or ability.)",黯荧岛Dark Glow,portrait,unl-047-219.png,False,False,False,False
unl-048-219,Trevor Snoozebottom,UNL-048,UNL-048/219,UNL,Unleashed,48,Uncommon,Unit,3,3,,Calm,Yordle|Ionia,"[Shield] (+1 {might} while I'm a defender.)
When I hold, play a ready 3 {might} Sprite unit token with [Temporary] here. (Kill it at the start of its controller's next Beginning Phase, before scoring.)",Six More Vodka,portrait,unl-048-219.png,False,False,False,False
unl-049-219,Honeyfruit,UNL-049,UNL-049/219,UNL,Unleashed,49,Rare,Gear,2,,,Calm,,"This enters exhausted.
[Reaction][>] {exhaust}: [Add] {power:any}. (Abilities that add resources can't be reacted to.)
[Level 6][>] [>>][Reaction][>] {exhaust}: [Add] {energy:1}{power:any}. (Use this ability only while you have 6+ XP.)",黯荧岛Dark Glow,portrait,unl-049-219.png,False,False,False,False
unl-050-219,Iascylla,UNL-050,UNL-050/219,UNL,Unleashed,50,Rare,Unit,7,6,1,Calm,Bilgewater,"When I hold, at the start of your next Main Phase, you may move an enemy unit to this battlefield.",Envar Studio,portrait,unl-050-219.png,False,False,False,False
unl-051-219,Ivern,UNL-051,UNL-051/219,UNL,Unleashed,51,Rare,Unit,5,4,1,Calm,Ivern|Ionia,"When you play me or when I hold, look at the top 3 cards of your Main Deck. You may reveal a unit from among them and draw it. Recycle the rest. Then if you revealed a Bird, Cat, Dog, or Poro, do this: [Buff] a friendly unit. (Give it a +1 {might} buff if it doesn't have one.)",League Splash Team,portrait,unl-051-219.png,False,False,False,False
unl-051a-219,Ivern,UNL-051a,UNL-051a/219,UNL,Unleashed,51,Rare,Unit,5,4,1,Calm,Ivern|Ionia,"When you play me or when I hold, look at the top 3 cards of your Main Deck. You may reveal a unit from among them and draw it. Recycle the rest. Then if you revealed a Bird, Cat, Dog, or Poro, do this: [Buff] a friendly unit.",League Splash Team,portrait,unl-051a-219.png,True,False,False,True
unl-052-219,Nami,UNL-052,UNL-052/219,UNL,Unleashed,52,Rare,Unit,3,3,,Calm,Mount Targon|Nami,"You may pay {power:calm} as an additional cost to play me.
When you play me, if you paid the additional cost, [Stun] an enemy unit. (It doesn't deal combat damage this turn.)
When I hold, the next time you play a unit this turn, ready it and [Buff] it.",Six More Vodka,portrait,unl-052-219.png,False,False,False,False
unl-053-219,Scuttle Crab,UNL-053,UNL-053/219,UNL,Unleashed,53,Rare,Unit,2,0,,Calm,Bilgewater,"(Units with 0 {might} can conquer and hold.)
When you play me, draw 1.
[Deathknell][>] Choose an opponent. They reveal their hand. You can look at their facedown cards this turn. Gain 1 XP. (When I die, get the effects.)",黯荧岛Dark Glow,portrait,unl-053-219.png,False,False,False,False
unl-054-219,Tricksy Tentacles,UNL-054,UNL-054/219,UNL,Unleashed,54,Rare,Spell,4,,1,Calm,,Move any number of enemy units with the same controller and a total Might of 8 or less to a single location.,Kudos Productions,portrait,unl-054-219.png,False,False,False,False
unl-055-219,Vex,UNL-055,UNL-055/219,UNL,Unleashed,55,Rare,Unit,5,5,1,Calm,Yordle|Vex|Shadow Isles,"[Shield] (+1 {might} while I'm a defender.)
[Tank] (I must be assigned combat damage first.)
When you [Stun] an enemy unit at a battlefield, you may move me to that battlefield.",Envar Studio,portrait,unl-055-219.png,False,False,False,False
unl-055a-219,Vex,UNL-055a,UNL-055a/219,UNL,Unleashed,55,Rare,Unit,5,5,1,Calm,Yordle|Vex|Shadow Isles,"[Shield]
[Tank]
When you [Stun] an enemy unit at a battlefield, you may move me to that battlefield.",League Splash Team,portrait,unl-055a-219.png,True,False,False,True
unl-056-219,Yuumi,UNL-056,UNL-056/219,UNL,Unleashed,56,Rare,Unit,3,1,1,Calm,Fae|Cat|Bandle City|Yuumi,"When I attack or defend, give one of your other units here +3 {might} and [Tank] this turn. (It must be assigned combat damage first.)",Six More Vodka,portrait,unl-056-219.png,False,False,False,False
unl-057-219,Alpha Wildclaw,UNL-057,UNL-057/219,UNL,Unleashed,57,Epic,Unit,6,7,2,Calm,Cat|Freljord,"[Tank] (I must be assigned combat damage first.)
Your units here with less Might than me can't be chosen by enemy spells and abilities.",Six More Vodka,portrait,unl-057-219.png,False,False,False,False
unl-058-219,Lillia,UNL-058,UNL-058/219,UNL,Unleashed,58,Epic,Unit,5,4,,Calm,Fae|Lillia|Ionia,"When you play a token unit, give me +1 {might} this turn.
Your token units have [Tank]. (They must be assigned combat damage first.)",League Splash Team,portrait,unl-058-219.png,False,False,False,False
unl-058a-219,Lillia,UNL-058a,UNL-058a/219,UNL,Unleashed,58,Epic,Unit,5,4,,Calm,Fae|Lillia|Ionia,"When you play a token unit, give me +1 {might} this turn.
Your token units have [Tank].",League Splash Team,portrait,unl-058a-219.png,True,False,False,True
unl-059-219,Master Yi,UNL-059,UNL-059/219,UNL,Unleashed,59,Epic,Unit,12,12,3,Calm,Master Yi|Ionia,"[Level 3][>] I cost {energy:2}{power:calm} less. (While you have 3+ XP, get the effect.)
[Level 6][>] I cost {energy:4}{power:calm}{power:calm} less instead.
[Level 11][>] I cost {energy:6}{power:calm}{power:calm}{power:calm} less instead.
[Level 16][>] I can't be chosen by enemy spells and abilities.",Ziyan Lin,portrait,unl-059-219.png,False,False,False,False
unl-059a-219,Master Yi,UNL-059a,UNL-059a/219,UNL,Unleashed,59,Epic,Unit,12,12,3,Calm,Master Yi|Ionia,"[Level 3][>] I cost {energy:2}{power:calm} less.
[Level 6][>] I cost {energy:4}{power:calm}{power:calm} less instead.
[Level 11][>] I cost {energy:6}{power:calm}{power:calm}{power:calm} less instead.
[Level 16][>] I can't be chosen by enemy spells and abilities.",League Splash Team,portrait,unl-059a-219.png,True,False,False,True
unl-060-219,Vilemaw,UNL-060,UNL-060/219,UNL,Unleashed,60,Epic,Unit,8,8,2,Calm,Shadow Isles|Spider,"[Ambush] (You may play me as a [Reaction] to a battlefield where you have units.)
Enemy units here with less Might than me don't deal combat damage.
When I hold, draw 1.",Envar Studio,portrait,unl-060-219.png,False,False,False,False
unl-060a-219,Vilemaw,UNL-060a,UNL-060a/219,UNL,Unleashed,60,Epic,Unit,8,8,2,Calm,Shadow Isles|Spider,"[Ambush]
Enemy units here with less Might than me don't deal combat damage.
When I hold, draw 1.",Envar Studio,portrait,unl-060a-219.png,True,False,False,True
unl-061-219,Downstage Dramatics,UNL-061,UNL-061/219,UNL,Unleashed,61,Common,Spell,2,,,Mind,,"[Reaction] (Play any time, even before spells and abilities resolve.)
[Repeat] {energy:2} (You may pay the additional cost to repeat this spell's effect.)
Draw 1.",莺之歌,portrait,unl-061-219.png,False,False,False,False
unl-062-219,Dramatic Visionary,UNL-062,UNL-062/219,UNL,Unleashed,62,Common,Unit,4,4,,Mind,Ionia,"[Deathknell][>] [Predict 2]. (When I die, look at the top two cards of your Main Deck. Recycle any of them and put the rest back in any order.)",Envar Studio,portrait,unl-062-219.png,False,False,False,False
unl-063-219,Eclipse,UNL-063,UNL-063/219,UNL,Unleashed,63,Common,Spell,3,,,Mind,,"[Reaction] (Play any time, even before spells and abilities resolve.)
Give a unit -4 {might} this turn.
[Predict]. (Look at the top card of your Main Deck. You may recycle it.)",Kudos Productions,portrait,unl-063-219.png,False,False,False,False
unl-064-219,Fate Weaver,UNL-064,UNL-064/219,UNL,Unleashed,64,Common,Unit,5,4,,Mind,Ionia,"When you play me, look at the top 4 cards of your Main Deck. You may reveal a spell with Energy cost {energy:4} or more from among them and draw it. Recycle the rest.",Valentin Gloaguen,portrait,unl-064-219.png,False,False,False,False
unl-065-219,Icevale Archer,UNL-065,UNL-065/219,UNL,Unleashed,65,Common,Unit,2,2,,Mind,Freljord,"When I attack, you may pay {energy:1} to give a unit here -1 {might} this turn.",Six More Vodka,portrait,unl-065-219.png,False,False,False,False
unl-066-219,Moonlight Affliction,UNL-066,UNL-066/219,UNL,Unleashed,66,Common,Spell,7,,,Mind,,"[Reaction] (Play any time, even before spells and abilities resolve.)
Give a unit -10 {might} this turn.",Kudos Productions,portrait,unl-066-219.png,False,False,False,False
unl-067-219,Ruined Rex,UNL-067,UNL-067/219,UNL,Unleashed,67,Common,Unit,6,6,1,Mind,Bilgewater,"[Deathknell][>] Deal 4 to an enemy unit. (When I die, get the effect.)",Kudos Productions,portrait,unl-067-219.png,False,False,False,False
unl-068-219,Spectral Centaur,UNL-068,UNL-068/219,UNL,Unleashed,68,Common,Unit,6,5,,Mind,Spirit|Shadow Isles,"When another friendly unit dies, give me +2 {might} this turn.",Kudos Productions,portrait,unl-068-219.png,False,False,False,False
unl-069-219,Sprite Burst,UNL-069,UNL-069/219,UNL,Unleashed,69,Common,Spell,5,,,Mind,,"Play two ready 3 {might} Sprite unit tokens with [Temporary]. (Kill each at the start of its controller's Beginning Phase, before scoring.)",Envar Studio,portrait,unl-069-219.png,False,False,False,False
unl-070-219,Turn to Dust,UNL-070,UNL-070/219,UNL,Unleashed,70,Common,Spell,2,,,Mind,,"Give a gear [Temporary]. (Kill it at the start of its controller's Beginning Phase, before scoring.)",Kudos Productions,portrait,unl-070-219.png,False,False,False,False
unl-071-219,Chakram Dancer,UNL-071,UNL-071/219,UNL,Unleashed,71,Uncommon,Unit,3,3,,Mind,Bilgewater,"[Ambush] (You may play me as a [Reaction] to a battlefield where you have units.)
When you play me, give your other units here [Shield] this turn. (+1 {might} while they're defenders.)",Wild Blue Studios,portrait,unl-071-219.png,False,False,False,False
unl-072-219,Crescent Strike,UNL-072,UNL-072/219,UNL,Unleashed,72,Uncommon,Spell,3,,1,Mind,,"[Action] (Play on your turn or in showdowns.)
Choose a battlefield and an enemy unit there. Deal 4 to that unit and 1 to each other enemy unit there.",Kudos Productions,portrait,unl-072-219.png,False,False,False,False
unl-073-219,Deadly Flourish,UNL-073,UNL-073/219,UNL,Unleashed,73,Uncommon,Spell,4,,,Mind,,"Deal 3 to an enemy unit. When it dies this turn, play a Gold gear token exhausted. (It has ""[Reaction][>] Kill this, {exhaust}: [Add] {power:any}."")",Kudos Productions,portrait,unl-073-219.png,False,False,False,False
unl-074-219,Frigid Jewel,UNL-074,UNL-074/219,UNL,Unleashed,74,Uncommon,Gear,2,,,Mind,,"When you draw your second card each turn, give a friendly unit +2 {might} this turn.",Kudos Productions,portrait,unl-074-219.png,False,False,False,False
unl-075-219,Gustwalker,UNL-075,UNL-075/219,UNL,Unleashed,75,Uncommon,Unit,3,3,1,Mind,Dog|Ionia,"[Hunt 2] (When I conquer or hold, gain 2 XP.)
[Level 3][>] I have +1 {might} and [Ganking]. (While you have 3+ XP, get the effect. A [Ganking] unit can move from battlefield to battlefield.)",黯荧岛Dark Glow,portrait,unl-075-219.png,False,False,False,False
unl-076-219,Petal Pixie,UNL-076,UNL-076/219,UNL,Unleashed,76,Uncommon,Unit,2,2,,Mind,Fae|Ionia,I have +1 {might} for each of your units with [Temporary] at my battlefield.,Envar Studio,portrait,unl-076-219.png,False,False,False,False
unl-077-219,Soul Shepherd,UNL-077,UNL-077/219,UNL,Unleashed,77,Uncommon,Unit,5,3,,Mind,Shadow Isles,Your token units have +1 {might}.,Six More Vodka,portrait,unl-077-219.png,False,False,False,False
unl-078-219,Sprite Fountain,UNL-078,UNL-078/219,UNL,Unleashed,78,Uncommon,Gear,2,,1,Mind,,"[Temporary] (Kill this at the start of its controller's Beginning Phase, before scoring.)
When you play this, play a ready 3 {might} Sprite unit token with [Temporary] to your base.
[Deathknell][>] Repeat this gear's play effect. (When this dies, get the effect.)",Envar Studio,portrait,unl-078-219.png,False,False,False,False
unl-079-219,Diana,UNL-079,UNL-079/219,UNL,Unleashed,79,Rare,Unit,3,3,,Mind,Diana|Mount Targon,"When a showdown begins here, you may pay {energy:1}. If you do, [Predict], then reveal the top card of your Main Deck. If it's a spell, draw it. (To Predict, look at the top card of your Main Deck. You may recycle it.)",Six More Vodka,portrait,unl-079-219.png,False,False,False,False
unl-079a-219,Diana,UNL-079a,UNL-079a/219,UNL,Unleashed,79,Rare,Unit,3,3,,Mind,Diana|Mount Targon,"When a showdown begins here, you may pay {energy:1}. If you do, [Predict], then reveal the top card of your Main Deck. If it's a spell, draw it.",League Splash Team,portrait,unl-079a-219.png,True,False,False,True
unl-080-219,Hwei,UNL-080,UNL-080/219,UNL,Unleashed,80,Rare,Unit,5,5,1,Mind,Ionia|Hwei,"When I move, draw 1, then discard 1. Then, do the following based on the discarded card's type:Spell — Draw 1.Gear — Ready up to 2 runes.Unit — Give me +3 {might} this turn.",League Splash Team,portrait,unl-080-219.png,False,False,False,False
unl-081-219,Keeper of Masks,UNL-081,UNL-081/219,UNL,Unleashed,81,Rare,Unit,2,1,,Mind,Ionia,"[Hidden] (Hide now for {power:any} to react with later for {energy:0}.)
[Temporary] (Kill me at the start of my controller's Beginning Phase, before scoring.)
When you play me, play two Reflection unit tokens here. They become copies of me.",Six More Vodka,portrait,unl-081-219.png,False,False,False,False
unl-082-219,Lillia,UNL-082,UNL-082/219,UNL,Unleashed,82,Rare,Unit,3,3,,Mind,Fae|Lillia|Ionia,"[Accelerate] (You may pay {energy:1}{power:mind} as an additional cost to have me enter ready.)
When I move from a location, play a 3 {might} Sprite unit token with [Temporary] there. (Kill it at the start of its controller's Beginning Phase, before scoring.)",Envar Studio,portrait,unl-082-219.png,False,False,False,False
unl-082a-219,Lillia,UNL-082a,UNL-082a/219,UNL,Unleashed,82,Rare,Unit,3,3,,Mind,Fae|Lillia|Ionia,"[Accelerate]
When I move from a location, play a 3 {might} Sprite unit token with [Temporary] there.",League Splash Team,portrait,unl-082a-219.png,True,False,False,True
unl-083-219,Smoke and Mirrors,UNL-083,UNL-083/219,UNL,Unleashed,83,Rare,Spell,2,,,Mind,,"[Hidden] (Hide now for {power:any} to react with later for {energy:0}.)
[Action] (Play on your turn or in showdowns.)
Choose a unit you control and another unit you control at a different location. If at least one of them has [Temporary], move each to the other's location. Draw 1.",Wild Blue Studios,portrait,unl-083-219.png,False,False,False,False
unl-084-219,Sprite Queen,UNL-084,UNL-084/219,UNL,Unleashed,84,Rare,Unit,7,6,1,Mind,Fae|Ionia,"When you play me or at the start of your Beginning Phase, play a ready 3 {might} Sprite unit token with [Temporary] to your base. (Kill them at the start of their controller's next Beginning Phase, before scoring.)",Envar Studio,portrait,unl-084-219.png,False,False,False,False
unl-085-219,Sumpworks Map,UNL-085,UNL-085/219,UNL,Unleashed,85,Rare,Gear,2,,,Mind,,"[Reaction] (Play any time, even before spells and abilities resolve.)
[Temporary] (Kill this at the start of its controller's Beginning Phase, before scoring.)
When an opponent scores, draw 1.",Kudos Productions,portrait,unl-085-219.png,False,False,False,False
unl-086-219,Zilean,UNL-086,UNL-086/219,UNL,Unleashed,86,Rare,Unit,5,5,1,Mind,Icathia|Zilean,"Once each turn, if you would play a token unit while I'm at a battlefield, you may play that token and an additional copy of it instead.",Six More Vodka,portrait,unl-086-219.png,False,False,False,False
unl-087-219,Blue Sentinel,UNL-087,UNL-087/219,UNL,Unleashed,87,Epic,Unit,4,4,1,Mind,Mount Targon,"[Shield 2] (+2 {might} while I'm a defender.)
Your hold effects for holding here trigger an additional time.
When I hold, [Add] {power:any} at the start of your next Main Phase. (Abilities that add resources can't be reacted to.)",Grafit Studio,portrait,unl-087-219.png,False,False,False,False
unl-087a-219,Blue Sentinel,UNL-087a,UNL-087a/219,UNL,Unleashed,87,Epic,Unit,4,4,1,Mind,,"[Shield 2]
Your hold effects for holding here trigger an additional time.
When I hold, [Add] {power:any} at the start of your next Main Phase.",Grafit Studio,portrait,unl-087a-219.png,True,False,False,True
unl-088-219,Gutter Palace,UNL-088,UNL-088/219,UNL,Unleashed,88,Epic,Gear,4,,,Mind,,"At the start of your Beginning Phase, if you have exactly 4 cards in hand and exactly 4 units at battlefields, you win the game.
Discard 1, {exhaust}: Play a 1 {might} Bird unit token with [Deflect]. (Opponents must pay {power:any} to choose it with a spell or ability.)",Kudos Productions,portrait,unl-088-219.png,False,False,False,False
unl-089-219,Jhin,UNL-089,UNL-089/219,UNL,Unleashed,89,Epic,Unit,4,4,,Mind,Jhin|Ionia,"[Vision] (When you play me, look at the top card of your Main Deck. You may recycle it.)
If you've spent {energy:4} or more to play a spell this turn, you may play me for {power:mind}.",League Splash Team,portrait,unl-089-219.png,False,False,False,False
unl-089a-219,Jhin,UNL-089a,UNL-089a/219,UNL,Unleashed,89,Epic,Unit,4,4,,Mind,Jhin|Ionia,"[Vision]
If you've spent {energy:4} or more to play a spell this turn, you may play me for {power:mind}.",League Splash Team,portrait,unl-089a-219.png,True,False,False,True
unl-090-219,LeBlanc,UNL-090,UNL-090/219,UNL,Unleashed,90,Epic,Unit,4,4,,Mind,Noxus|LeBlanc,"[Backline] (I must be assigned combat damage last.)
Your [Temporary] effects at my battlefield don't trigger.",Envar Studio,portrait,unl-090-219.png,False,False,False,False
unl-090a-219,LeBlanc,UNL-090a,UNL-090a/219,UNL,Unleashed,90,Epic,Unit,4,4,,Mind,Noxus|LeBlanc,"[Backline]
Your [Temporary] effects at my battlefield don't trigger.",League Splash Team,portrait,unl-090a-219.png,True,False,False,True
unl-091-219,Concentrate,UNL-091,UNL-091/219,UNL,Unleashed,91,Common,Spell,5,,,Body,,"Draw 2.
[Level 6][>] This costs {energy:2} less. (While you have 6+ XP, get the effect.)
[Level 11][>] This costs {energy:4} less instead.",Kudos Productions & 黯荧岛Dark Glow,portrait,unl-091-219.png,False,False,False,False
unl-092-219,Demacian Diplomat,UNL-092,UNL-092/219,UNL,Unleashed,92,Common,Unit,2,2,,Body,Demacia,"When you play me, gain 1 XP.",Kudos Productions,portrait,unl-092-219.png,False,False,False,False
unl-093-219,Dragonsoul Sage,UNL-093,UNL-093/219,UNL,Unleashed,93,Common,Unit,2,1,,Body,Ionia,[Reaction][>] {exhaust}: [Add] {energy:1}. (Abilities that add resources can't be reacted to.),Dao Trong Le,portrait,unl-093-219.png,False,False,False,False
unl-094-219,Gemhand Hunter,UNL-094,UNL-094/219,UNL,Unleashed,94,Common,Unit,2,2,,Body,Yordle|Mount Targon,"[Hunt] (When I conquer or hold, gain 1 XP.)
[Level 6][>] I have +1 {might}. (While you have 6+ XP, get the effect.)",Kudos Productions,portrait,unl-094-219.png,False,False,False,False
unl-095-219,Grim Resolve,UNL-095,UNL-095/219,UNL,Unleashed,95,Common,Spell,2,,,Body,,"[Action] (Play on your turn or in showdowns.)
Give a friendly unit +3 {might} this turn. When it wins a combat this turn, gain 2 XP.",Kudos Productions,portrait,unl-095-219.png,False,False,False,False
unl-096-219,Hunter's Machete,UNL-096,UNL-096/219,UNL,Unleashed,96,Common,Gear,3,2,,Body,Equipment,[Equip] {power:body} ({power:body}: Attach this to a unit you control.),黯荧岛Dark Glow,portrait,unl-096-219.png,False,False,False,False
unl-097-219,Kinkou Initiate,UNL-097,UNL-097/219,UNL,Unleashed,97,Common,Unit,3,3,,Body,Ionia,"When you play me, draw 1 if your other units have total Might 5 or more.",Six More Vodka,portrait,unl-097-219.png,False,False,False,False
unl-098-219,Targonian Visionary,UNL-098,UNL-098/219,UNL,Unleashed,98,Common,Unit,6,6,,Body,Mount Targon,"[Level 11][>] I have +4 {might}. (While you have 11+ XP, get the effect.)",Kudos Productions,portrait,unl-098-219.png,False,False,False,False
unl-099-219,Towering Combatant,UNL-099,UNL-099/219,UNL,Unleashed,99,Common,Unit,4,3,,Body,Shurima,"[Shield 2] (+2 {might} while I'm a defender.)
[Tank] (I must be assigned combat damage first.)",JiHun Lee,portrait,unl-099-219.png,False,False,False,False
unl-100-219,Voracious Gromp,UNL-100,UNL-100/219,UNL,Unleashed,100,Common,Unit,5,5,,Body,Freljord,"[Hunt 3] (When I conquer or hold, gain 3 XP.)",Polar Engine Studio,portrait,unl-100-219.png,False,False,False,False
unl-101-219,Call to Battle,UNL-101,UNL-101/219,UNL,Unleashed,101,Uncommon,Spell,3,,,Body,,"Move a unit you control to a battlefield you control. Then, choose an opponent. They move a unit they control to the same battlefield.",Kudos Productions,portrait,unl-101-219.png,False,False,False,False
unl-102-219,Crowd Favorite,UNL-102,UNL-102/219,UNL,Unleashed,102,Uncommon,Unit,3,3,,Body,Noxus,"[Hunt] (When I conquer or hold, gain 1 XP.)
Spend 2 XP: [Buff] me. (Give me a +1 {might} buff if I don't have one.)",Six More Vodka,portrait,unl-102-219.png,False,False,False,False
unl-103-219,Disposal Order,UNL-103,UNL-103/219,UNL,Unleashed,103,Uncommon,Spell,2,,,Body,,"[Reaction] (Play any time, even before spells and abilities resolve.)
Choose one —Choose up to 3 cards from opponents' trashes. Their owners recycle them.Draw 1.",Kudos Productions,portrait,unl-103-219.png,False,False,False,False
unl-104-219,Gentle Gemdragon,UNL-104,UNL-104/219,UNL,Unleashed,104,Uncommon,Unit,8,8,,Body,Dragon|Mount Targon,"When you play me or another Dragon, ready up to 2 runes.",Polar Engine Studio,portrait,unl-104-219.png,False,False,False,False
unl-105-219,Imposing Challenger,UNL-105,UNL-105/219,UNL,Unleashed,105,Uncommon,Unit,5,5,,Body,Ionia,"When I move, you may move an enemy unit here with less Might than me to a different battlefield.",Kudos Productions,portrait,unl-105-219.png,False,False,False,False
unl-106-219,Repulse,UNL-106,UNL-106/219,UNL,Unleashed,106,Uncommon,Spell,1,,1,Body,,"[Reaction] (Play any time, even before spells and abilities resolve.)
Choose a friendly unit at a battlefield. Counter an enemy spell or ability that chooses it and no other friendly unit.",Kudos Productions,portrait,unl-106-219.png,False,False,False,False
unl-107-219,Stare Down,UNL-107,UNL-107/219,UNL,Unleashed,107,Uncommon,Spell,2,,,Body,,Choose a friendly unit and a battlefield. Move all enemy units at that battlefield with less Might than the chosen unit to their base. Gain 1 XP.,Polar Engine Studio,portrait,unl-107-219.png,False,False,False,False
unl-108-219,Wily Newtfish,UNL-108,UNL-108/219,UNL,Unleashed,108,Uncommon,Unit,4,4,,Body,Bilgewater,"If you've gained XP this turn, I have +1 {might} and [Ganking]. (I can move from battlefield to battlefield.)",Kudos Productions,portrait,unl-108-219.png,False,False,False,False
unl-109-219,Blood Rose,UNL-109,UNL-109/219,UNL,Unleashed,109,Rare,Gear,1,,,Body,,"When you play a unit, you may pay {energy:1} to gain 1 XP.
Spend 3 XP, {exhaust}: Ready a unit.",黯荧岛Dark Glow,portrait,unl-109-219.png,False,False,False,False
unl-110-219,Clash of Giants,UNL-110,UNL-110/219,UNL,Unleashed,110,Rare,Spell,6,,2,Body,,Choose two units. They deal damage equal to their Mights to each other.,Polar Engine Studio,portrait,unl-110-219.png,False,False,False,False
unl-111-219,Determined Sentry,UNL-111,UNL-111/219,UNL,Unleashed,111,Rare,Unit,1,1,,Body,Yordle|Bandle City,I can't move to base.,Kudos Productions,portrait,unl-111-219.png,False,False,False,False
unl-112-219,Irresistible Faefolk,UNL-112,UNL-112/219,UNL,Unleashed,112,Rare,Unit,2,1,,Body,Fae|Ionia,"When I move to a battlefield, you may move an enemy unit to that battlefield.",Six More Vodka,portrait,unl-112-219.png,False,False,False,False
unl-113-219,Master Yi,UNL-113,UNL-113/219,UNL,Unleashed,113,Rare,Unit,4,4,,Body,Master Yi|Ionia,"[Hunt 2] (When I conquer or hold, gain 2 XP.)
[Level 6][>] I have [Deflect] and [Ganking]. (While you have 6+ XP, opponents must pay {power:any} to choose me with a spell or ability and I can move from battlefield to battlefield.)",HXY,portrait,unl-113-219.png,False,False,False,False
unl-113a-219,Master Yi,UNL-113a,UNL-113a/219,UNL,Unleashed,113,Rare,Unit,4,4,,Body,Master Yi|Ionia,"[Hunt 2]
[Level 6][>] I have [Deflect] and [Ganking].",League Splash Team,portrait,unl-113a-219.png,True,False,False,True
unl-114-219,Nidalee,UNL-114,UNL-114/219,UNL,Unleashed,114,Rare,Unit,3,4,1,Body,Cat|Ixtal|Nidalee,"[Ambush] (You may play me as a [Reaction] to a battlefield where you have units.)
When I win a combat, draw 1. (I win if I remain after combat.)",Envar Studio,portrait,unl-114-219.png,False,False,False,False
unl-115-219,Nilah,UNL-115,UNL-115/219,UNL,Unleashed,115,Rare,Unit,3,4,1,Body,Nilah|Kathkan|Demon,"[Accelerate] (You may pay {energy:1}{power:body} as an additional cost to have me enter ready.)
[Ganking] (I can move from battlefield to battlefield.)
When I move, gain 1 XP.",Envar Studio,portrait,unl-115-219.png,False,False,False,False
unl-116-219,Poppy,UNL-116,UNL-116/219,UNL,Unleashed,116,Rare,Unit,5,5,,Body,Yordle|Demacia|Poppy,"[Deflect] (Opponents must pay {power:any} to choose me with a spell or ability.)
When you play me, if an opponent's score is within 3 points of the Victory Score, ready me and gain 3 XP.",League Splash Team,portrait,unl-116-219.png,False,False,False,False
unl-116a-219,Poppy,UNL-116a,UNL-116a/219,UNL,Unleashed,116,Rare,Unit,5,5,,Body,Yordle|Demacia|Poppy,"[Deflect]
When you play me, if an opponent's score is within 3 points of the Victory Score, ready me and gain 3 XP.",League Splash Team,portrait,unl-116a-219.png,True,False,False,True
unl-117-219,Arachnoid Horror,UNL-117,UNL-117/219,UNL,Unleashed,117,Epic,Unit,6,6,1,Body,Shadow Isles|Spider,"[Hunt 2] (When I conquer or hold, gain 2 XP.)
I can be played to an occupied battlefield if an enemy unit is alone there.
Friendly units can be played to an occupied battlefield if an enemy unit is alone there.",Six More Vodka,portrait,unl-117-219.png,False,False,False,False
unl-118-219,Elder Dragon,UNL-118,UNL-118/219,UNL,Unleashed,118,Epic,Unit,12,10,4,Body,Dragon|Demacia,"Any amount of your damage is enough to kill enemy units.
When you play me, choose up to one enemy unit at each location. Deal 1 to them.",Sugar Free,portrait,unl-118-219.png,False,False,False,False
unl-118a-219,Elder Dragon,UNL-118a,UNL-118a/219,UNL,Unleashed,118,Epic,Unit,12,10,4,Body,Dragon,"Any amount of your damage is enough to kill enemy units.
When you play me, choose up to one enemy unit at each location. Deal 1 to them.",TUTU,portrait,unl-118a-219.png,True,False,False,True
unl-119-219,Kha'Zix,UNL-119,UNL-119/219,UNL,Unleashed,119,Epic,Unit,5,5,1,Body,Kha'Zix|The Void,"[Hunt] (When I conquer or hold, gain 1 XP.)
When I attack, you may spend 3 XP to deal damage equal to my Might to an enemy unit here.",League Splash Team,portrait,unl-119-219.png,False,False,False,False
unl-119a-219,Kha'Zix,UNL-119a,UNL-119a/219,UNL,Unleashed,119,Epic,Unit,5,5,1,Body,Kha'Zix|The Void,"[Hunt]
When I attack, you may spend 3 XP to deal damage equal to my Might to an enemy unit here.",League Splash Team,portrait,unl-119a-219.png,True,False,False,True
unl-120-219,Rengar,UNL-120,UNL-120/219,UNL,Unleashed,120,Epic,Unit,5,6,1,Body,Cat|Rengar|Ixtal,"[Ambush] (You may play me as a [Reaction] to a battlefield where you have units.)
I can be played to a battlefield where there are enemy units (even if you don't have units there).",TSWCK逍,portrait,unl-120-219.png,False,False,False,False
unl-120a-219,Rengar,UNL-120a,UNL-120a/219,UNL,Unleashed,120,Epic,Unit,5,6,1,Body,Cat|Rengar|Ixtal,"[Ambush]
I can be played to a battlefield where there are enemy units.",League Splash Team,portrait,unl-120a-219.png,True,False,False,True
unl-121-219,Bewitching Spirit,UNL-121,UNL-121/219,UNL,Unleashed,121,Common,Unit,3,2,,Chaos,Spirit|Shadow Isles,"When you play me, choose a player. They discard 1.",Wild Blue Studios,portrait,unl-121-219.png,False,False,False,False
unl-122-219,Crescent Guardian,UNL-122,UNL-122/219,UNL,Unleashed,122,Common,Unit,4,4,,Chaos,Mount Targon,"If you've played a spell this turn, you may pay {power:chaos} as an additional cost to play me. If you do, I enter ready.",Aron Elekes,portrait,unl-122-219.png,False,False,False,False
unl-123-219,Evershade Stalker,UNL-123,UNL-123/219,UNL,Unleashed,123,Common,Unit,3,3,,Chaos,Shadow Isles,"When you play me, discard 1, then draw 1.",Six More Vodka,portrait,unl-123-219.png,False,False,False,False
unl-124-219,Isolate,UNL-124,UNL-124/219,UNL,Unleashed,124,Common,Spell,2,,,Chaos,,"Move an enemy unit from a battlefield to its base. Then, if there's an enemy unit alone at that battlefield, draw 1.",Kudos Productions,portrait,unl-124-219.png,False,False,False,False
unl-125-219,Lunar Boon,UNL-125,UNL-125/219,UNL,Unleashed,125,Common,Spell,3,,,Chaos,,"[Reaction] (Play any time, even before spells and abilities resolve.)
Discard 1, then draw 2.",Kudos Productions,portrait,unl-125-219.png,False,False,False,False
unl-126-219,Megatusk,UNL-126,UNL-126/219,UNL,Unleashed,126,Common,Unit,6,6,,Chaos,Bilgewater,Spend 3 XP: Give your units here [Ganking] this turn. (We can move from battlefield to battlefield.),Kudos Productions,portrait,unl-126-219.png,False,False,False,False
unl-127-219,Mister Root,UNL-127,UNL-127/219,UNL,Unleashed,127,Common,Unit,2,1,,Chaos,Fae|Ionia,"[Accelerate] (You may pay {energy:1}{power:chaos} as an additional cost to have me enter ready.)
When I move to a battlefield, gain 2 XP.",Caravan Studio,portrait,unl-127-219.png,False,False,False,False
unl-128-219,Star-Crossed,UNL-128,UNL-128/219,UNL,Unleashed,128,Common,Spell,3,,1,Chaos,,"[Reaction] (Play any time, even before spells and abilities resolve.)
Return a friendly unit and an enemy unit to their owners' hands.",Kudos Productions,portrait,unl-128-219.png,False,False,False,False
unl-129-219,Vicious Snapjaws,UNL-129,UNL-129/219,UNL,Unleashed,129,Common,Unit,5,5,,Chaos,Bilgewater,"When another friendly unit dies, gain 1 XP.",JiHun Lee,portrait,unl-129-219.png,False,False,False,False
unl-130-219,Walking Roost,UNL-130,UNL-130/219,UNL,Unleashed,130,Common,Unit,5,6,,Chaos,Shadow Isles,"[Deflect] (Opponents must pay {power:any} to choose me with a spell or ability.)
When you play me, choose an opponent. They play a 1 {might} Bird unit token with [Deflect].",Xavier Leroux,portrait,unl-130-219.png,False,False,False,False
unl-131-219,Abandon,UNL-131,UNL-131/219,UNL,Unleashed,131,Uncommon,Spell,2,,,Chaos,,"[Reaction] (Play any time, even before spells and abilities resolve.)
Counter a spell. Return it to its owner's hand instead of putting it in their trash.
[Predict]. (Look at the top card of your Main Deck. You may recycle it.)",Kudos Productions,portrait,unl-131-219.png,False,False,False,False
unl-132-219,Angler Beast,UNL-132,UNL-132/219,UNL,Unleashed,132,Uncommon,Unit,5,5,1,Chaos,Bilgewater,"When you play me, return all units with 2 {might} or less to their owners' hands.",Kudos Productions,portrait,unl-132-219.png,False,False,False,False
unl-133-219,Blast Cone,UNL-133,UNL-133/219,UNL,Unleashed,133,Uncommon,Gear,4,,1,Chaos,,"When you play this, you may move an enemy unit.
When you move an enemy unit, you may exhaust this to [Stun] it. (It doesn't deal combat damage this turn.)",黯荧岛Dark Glow,portrait,unl-133-219.png,False,False,False,False
unl-134-219,Existential Dread,UNL-134,UNL-134/219,UNL,Unleashed,134,Uncommon,Spell,1,,1,Chaos,,"[Action] (Play on your turn or in showdowns.)
[Repeat] {energy:2} (You may pay the additional cost to repeat this spell's effect.)
[Stun] an attacking enemy unit. If it's already stunned, return it to its owner's hand instead. (A stunned unit doesn't deal combat damage this turn.)",Caravan Studio,portrait,unl-134-219.png,False,False,False,False
unl-135-219,Insightful Investigator,UNL-135,UNL-135/219,UNL,Unleashed,135,Uncommon,Unit,3,3,,Chaos,Piltover,"When you play me, choose an opponent. They reveal their hand. You may pay 2 XP to choose a card from their hand. If you do, they discard that card and draw 1.",Six More Vodka,portrait,unl-135-219.png,False,False,False,False
unl-136-219,Scryer's Bloom,UNL-136,UNL-136/219,UNL,Unleashed,136,Uncommon,Gear,1,,,Chaos,,"This enters exhausted.
Kill this, {energy:1}, {exhaust}: [Predict 2], then draw 1. Gain 1 XP.  (To Predict 2, look at the top two cards of your Main Deck. Recycle any of them and put the rest back in any order.)",黯荧岛Dark Glow,portrait,unl-136-219.png,False,False,False,False
unl-137-219,Sinister Poro,UNL-137,UNL-137/219,UNL,Unleashed,137,Uncommon,Unit,2,1,1,Chaos,Poro|Shadow Isles,"When I attack, you may pay {energy:1} to move an enemy unit here to its base.",Six More Vodka,portrait,unl-137-219.png,False,False,False,False
unl-138-219,The List,UNL-138,UNL-138/219,UNL,Unleashed,138,Uncommon,Gear,1,,,Chaos,,"As you play this, name a tag. (For example, Miss Fortune, Demacia, and Poro are tags.)
{exhaust}: Give a unit with the named tag -2 {might} this turn.",Kudos Productions,portrait,unl-138-219.png,False,False,False,False
unl-139-219,Bone Skewer,UNL-139,UNL-139/219,UNL,Unleashed,139,Rare,Spell,2,,1,Chaos,,"[Hidden] (Hide now for {power:any} to react with later for {energy:0}.)
Choose a battlefield. An opponent reveals their hand. You may choose a unit from it. They play that unit to that battlefield, ignoring any and all costs. When they do, [Stun] it. (It doesn't deal combat damage this turn.)",Kudos Productions,portrait,unl-139-219.png,False,False,False,False
unl-140-219,Conscription,UNL-140,UNL-140/219,UNL,Unleashed,140,Rare,Spell,5,,2,Chaos,,"You may spend 5 XP as an additional cost to play this.
Choose an enemy unit at a battlefield with 3 {might} or less. If you paid the additional cost, choose any enemy unit at a battlefield instead. Take control of it, exhaust it, and recall it.",Kudos Productions,portrait,unl-140-219.png,False,False,False,False
unl-141-219,Evelynn,UNL-141,UNL-141/219,UNL,Unleashed,141,Rare,Unit,2,2,,Chaos,Evelynn|Demon,"[Hidden] (Hide now for {power:any} to react with later for {energy:0}.)
[Backline] (I must be assigned combat damage last.)
When you play me from face down on your turn, you may move an enemy unit at a different location to my battlefield.",Kudos Productions,portrait,unl-141-219.png,False,False,False,False
unl-142-219,Heedless Resurrection,UNL-142,UNL-142/219,UNL,Unleashed,142,Rare,Spell,2,,1,Chaos,,"[Reaction] (Play any time, even before spells and abilities resolve.)
As an additional cost to play this, kill a friendly unit.
Play a unit from your trash that costs no more Energy and no more Power than the killed unit, ignoring its cost.",Kudos Productions,portrait,unl-142-219.png,False,False,False,False
unl-143-219,Kha'Zix,UNL-143,UNL-143/219,UNL,Unleashed,143,Rare,Unit,4,4,1,Chaos,Kha'Zix|The Void,"[Ambush] (You may play me as a [Reaction] to a battlefield where you have units.)
When I attack or defend, if an enemy unit is alone here, give me +2 {might} this turn and gain 2 XP.",蛋费鸡丁,portrait,unl-143-219.png,False,False,False,False
unl-143a-219,Kha'Zix,UNL-143a,UNL-143a/219,UNL,Unleashed,143,Rare,Unit,4,4,1,Chaos,Kha'Zix|The Void,"[Ambush]
When I attack or defend, if an enemy unit is alone here, give me +2 {might} this turn and gain 2 XP.",League Splash Team,portrait,unl-143a-219.png,True,False,False,True
unl-144-219,Maduli the Gatekeeper,UNL-144,UNL-144/219,UNL,Unleashed,144,Rare,Unit,7,6,1,Chaos,Bandle City,"I can't be readied.
{power:chaos}: Move me to an occupied enemy battlefield if my Might is greater than the total Might of enemy units there.",Caravan Studio,portrait,unl-144-219.png,False,False,False,False
unl-145-219,Pyke,UNL-145,UNL-145/219,UNL,Unleashed,145,Rare,Unit,3,3,,Chaos,Pyke|Bilgewater,"[Hidden] (Hide now for {power:any} to react with later for {energy:0}.)
[Backline] (I must be assigned combat damage last.)
Once each turn, when an enemy unit dies while I'm at a battlefield, play a Gold gear token exhausted. (It has ""[Reaction][>] Kill this, {exhaust}: [Add] {power:any}."")",Six More Vodka,portrait,unl-145-219.png,False,False,False,False
unl-145a-219,Pyke,UNL-145a,UNL-145a/219,UNL,Unleashed,145,Rare,Unit,3,3,,Chaos,Pyke|Bilgewater,"[Hidden]
[Backline]
Once each turn, when an enemy unit dies while I'm at a battlefield, play a Gold gear token exhausted.",Six More Vodka,portrait,unl-145a-219.png,True,False,False,True
unl-146-219,Syndra,UNL-146,UNL-146/219,UNL,Unleashed,146,Rare,Unit,6,6,1,Chaos,Ionia|Syndra,"While I'm in a showdown, your spells have [Repeat] {energy:2}{power:chaos}. (You may pay the additional cost to repeat the spell's effect.)",Naifan Zhang,portrait,unl-146-219.png,False,False,False,False
unl-147-219,Baron Nashor,UNL-147,UNL-147/219,UNL,Unleashed,147,Epic,Unit,10,12,3,Chaos,The Void,"As you play me, add the Baron Pit battlefield token to the board if it's not there already. If you do, I enter there. (It has ""Units can move here from anywhere."")
I can't be chosen by enemy spells and abilities.
Other friendly units have +2 {might}.",黯荧岛Dark Glow,portrait,unl-147-219.png,False,False,False,False
unl-147a-219,Baron Nashor,UNL-147a,UNL-147a/219,UNL,Unleashed,147,Epic,Unit,10,12,3,Chaos,The Void,"As you play me, add the Baron Pit battlefield token to the board if it's not there already. If you do, I enter there.
I can't be chosen by enemy spells and abilities.
Other friendly units have +2 {might}.",黯荧岛Dark Glow,portrait,unl-147a-219.png,True,False,False,True
unl-148-219,Cursed Sarcophagus,UNL-148,UNL-148/219,UNL,Unleashed,148,Epic,Gear,4,,1,Chaos,,"When you play this, banish all units from your trash.
{exhaust}: Play a unit banished with this. (You must pay its costs.)",Polar Engine Studio/华锐,portrait,unl-148-219.png,False,False,False,False
unl-149-219,Diana,UNL-149,UNL-149/219,UNL,Unleashed,149,Epic,Unit,4,3,1,Chaos,Diana|Mount Targon,"[Ambush] (You may play me as a [Reaction] to a battlefield where you have units.)
When you play a spell, give me +2 {might} this turn.",Six More Vodka,portrait,unl-149-219.png,False,False,False,False
unl-149a-219,Diana,UNL-149a,UNL-149a/219,UNL,Unleashed,149,Epic,Unit,4,3,1,Chaos,Diana|Mount Targon,"[Ambush]
When you play a spell, give me +2 {might} this turn.",League Splash Team,portrait,unl-149a-219.png,True,False,False,True
unl-150-219,Vex,UNL-150,UNL-150/219,UNL,Unleashed,150,Epic,Unit,4,4,,Chaos,Yordle|Vex|Shadow Isles,"[Deflect] (Opponents must pay {power:any} to choose me with a spell or ability.)
When an opponent plays a unit while I'm at a battlefield, [Stun] it. They can't move it this turn. (It doesn't deal combat damage this turn.)",League Splash Team,portrait,unl-150-219.png,False,False,False,False
unl-150a-219,Vex,UNL-150a,UNL-150a/219,UNL,Unleashed,150,Epic,Unit,4,4,,Chaos,Yordle|Vex|Shadow Isles,"[Deflect]
When an opponent plays a unit while I'm at a battlefield, [Stun] it. They can't move it this turn.",League Splash Team,portrait,unl-150a-219.png,True,False,False,True
unl-151-219,Bandle Soldier,UNL-151,UNL-151/219,UNL,Unleashed,151,Common,Unit,4,5,1,Order,Yordle|Bandle City,"[Level 3][>] I enter ready. (While you have 3+ XP, get the effect.)",Caravan Studio,portrait,unl-151-219.png,False,False,False,False
unl-152-219,Black Rose Dignitary,UNL-152,UNL-152/219,UNL,Unleashed,152,Common,Unit,3,2,,Order,Noxus,"[Assault] (+1 {might} while I'm an attacker.)
[Deathknell][>] Channel 1 rune exhausted. (When I die, get the effect.)",Grafit Studio,portrait,unl-152-219.png,False,False,False,False
unl-153-219,Carrion Dredger,UNL-153,UNL-153/219,UNL,Unleashed,153,Common,Unit,2,1,,Order,Mech|Zaun,"[Deathknell][>] Play a 1 {might} Bird unit token with [Deflect] to your base. (When I die, get the effect. Opponents must pay {power:any} to choose a [Deflect] unit with a spell or ability.)",Six More Vodka,portrait,unl-153-219.png,False,False,False,False
unl-154-219,Crimson Pigeons,UNL-154,UNL-154/219,UNL,Unleashed,154,Common,Unit,3,3,,Order,Bird|Noxus,I have +2 {might} while I'm attacking with another unit.,Kudos Productions,portrait,unl-154-219.png,False,False,False,False
unl-155-219,Heroic Charge,UNL-155,UNL-155/219,UNL,Unleashed,155,Common,Spell,3,,,Order,,"[Action] (Play on your turn or in showdowns.)
Give a friendly unit +1 {might} this turn and [Stun] an enemy unit at its location. (A stunned unit doesn't deal combat damage this turn.)",Kudos Productions,portrait,unl-155-219.png,False,False,False,False
unl-156-219,Loyal Poro,UNL-156,UNL-156/219,UNL,Unleashed,156,Common,Unit,3,3,,Order,Poro|Freljord,"[Deathknell][>] If I didn't die alone, draw 1. (When I die, get the effect. I wasn't alone if there were other friendly units here.)",Six More Vodka,portrait,unl-156-219.png,False,False,False,False
unl-157-219,Scrutinizing Sergeant,UNL-157,UNL-157/219,UNL,Unleashed,157,Common,Unit,6,6,,Order,Elite|Demacia,"When you play me, gain 1 XP for each friendly unit.",Kudos Productions,portrait,unl-157-219.png,False,False,False,False
unl-158-219,Shepherd's Heirloom,UNL-158,UNL-158/219,UNL,Unleashed,158,Common,Gear,2,2,,Order,Equipment,"When you play this, gain 1 XP.
[Equip] — Spend 1 XP (Pay the cost: Attach this to a unit you control.)",Kudos Productions,portrait,unl-158-219.png,False,False,False,False
unl-159-219,Soul Harvest,UNL-159,UNL-159/219,UNL,Unleashed,159,Common,Spell,2,,1,Order,,Kill a unit at a battlefield with 3 {might} or less.,Kudos Productions,portrait,unl-159-219.png,False,False,False,False
unl-160-219,Ultrasoft Poro,UNL-160,UNL-160/219,UNL,Unleashed,160,Common,Unit,5,5,,Order,Poro|Freljord,{exhaust}: Play two {energy:1} {might} Bird unit tokens with [Deflect]. Use this ability only while I'm at a battlefield. (Opponents must pay {power:any} to choose a [Deflect] unit with a spell or ability.),Caravan Studio,portrait,unl-160-219.png,False,False,False,False
unl-161-219,Divining Shells,UNL-161,UNL-161/219,UNL,Unleashed,161,Uncommon,Gear,2,,,Order,,"[Vision] (When you play this, look at the top card of your Main Deck. You may recycle it.)
[Action][>] Kill this, {exhaust}: Give a unit +2 {might} this turn.",Kudos Productions,portrait,unl-161-219.png,False,False,False,False
unl-162-219,Enthralling Protector,UNL-162,UNL-162/219,UNL,Unleashed,162,Uncommon,Unit,2,2,,Order,Fae|Ionia,"[Hunt] (When I conquer or hold, gain 1 XP.)
Spend 2 XP: [Buff] me. (Give me a +1 {might} buff if I don't have one.)",Dao Trong Le,portrait,unl-162-219.png,False,False,False,False
unl-163-219,Mageseeker Investigator,UNL-163,UNL-163/219,UNL,Unleashed,163,Uncommon,Unit,4,4,,Order,Demacia,Opponents must pay {power:any} for each unit beyond the first to move multiple units to my battlefield at the same time.,Six More Vodka,portrait,unl-163-219.png,False,False,False,False
unl-164-219,Safety Inspector,UNL-164,UNL-164/219,UNL,Unleashed,164,Uncommon,Unit,5,3,1,Order,Yordle|Bandle City,"You may spend 3 XP as an additional cost to play me.
When you play me, each player must kill one of their units. If you paid my additional cost, you don't kill a unit this way.",Kudos Productions,portrait,unl-164-219.png,False,False,False,False
unl-165-219,Shadow's Call,UNL-165,UNL-165/219,UNL,Unleashed,165,Uncommon,Spell,2,,,Order,,"Choose a friendly unit without [Temporary]. Give it [Temporary]. Draw 2. (Kill it at the start of its controller's Beginning Phase, before scoring.)",Kudos Productions,portrait,unl-165-219.png,False,False,False,False
unl-166-219,Stalking Wolf,UNL-166,UNL-166/219,UNL,Unleashed,166,Uncommon,Unit,4,6,1,Order,Dog|Freljord,"[Ambush] (You may play me as a [Reaction] to a battlefield where you have units.)
As an additional cost to play me, kill a Bird, Cat, Dog, or Poro you control. You may play me to its battlefield (even if you don't have other units there).",Six More Vodka,portrait,unl-166-219.png,False,False,False,False
unl-167-219,Starhound,UNL-167,UNL-167/219,UNL,Unleashed,167,Uncommon,Unit,5,6,1,Order,Dog|Mount Targon,"When you play me, return a Bird, Cat, Dog, or Poro from your trash to your hand.",Kudos Productions,portrait,unl-167-219.png,False,False,False,False
unl-168-219,Undying Loyalty,UNL-168,UNL-168/219,UNL,Unleashed,168,Uncommon,Spell,2,,1,Order,,"This costs {energy:2} less if you choose a Bird, Cat, Dog, or Poro.
Play a unit with cost no more than {energy:2} and no more than {power:any} from your trash, ignoring its cost.",Max Grecke,portrait,unl-168-219.png,False,False,False,False
unl-169-219,Ashe,UNL-169,UNL-169/219,UNL,Unleashed,169,Rare,Unit,5,4,1,Order,Freljord|Ashe,"When you play me, choose an opponent. They reveal their hand. Choose a card revealed this way and banish it. When they hold, return it to their hand (even if I'm no longer on the board).",Six More Vodka,portrait,unl-169-219.png,False,False,False,False
unl-170-219,Atakhan,UNL-170,UNL-170/219,UNL,Unleashed,170,Rare,Unit,10,7,3,Order,Noxus|Demon,"You may kill a friendly unit as an additional cost to play me. If you do, I cost {energy:1} less for each Energy it costs and {power:order} less for each Power it costs.
[Ganking] (I can move from battlefield to battlefield.)
When I attack, the defender must kill one of their units here.",Grafit Studio,portrait,unl-170-219.png,False,False,False,False
unl-171-219,Galio,UNL-171,UNL-171/219,UNL,Unleashed,171,Rare,Unit,3,6,1,Order,Demacia|Galio,"[Deflect] (Opponents must pay {power:any} to choose me with a spell or ability.)
[Tank] (I must be assigned combat damage first.)
I don't deal combat damage.",Six More Vodka,portrait,unl-171-219.png,False,False,False,False
unl-172-219,LeBlanc,UNL-172,UNL-172/219,UNL,Unleashed,172,Rare,Unit,3,3,1,Order,Noxus|LeBlanc,"[Assault] (+1 {might} while I'm an attacker.)
[Deathknell][>] Draw 1. If it's your Beginning Phase, draw 2 instead. (When I die, get the effect.)",League Splash Team,portrait,unl-172-219.png,False,False,False,False
unl-172a-219,LeBlanc,UNL-172a,UNL-172a/219,UNL,Unleashed,172,Rare,Unit,3,3,1,Order,Noxus|LeBlanc,"[Assault]
[Deathknell][>] Draw 1. If it's your Beginning Phase, draw 2 instead.",League Splash Team,portrait,unl-172a-219.png,True,False,False,True
unl-173-219,Sacrifice,UNL-173,UNL-173/219,UNL,Unleashed,173,Rare,Spell,1,,,Order,,"[Reaction] (Play any time, even before spells and abilities resolve.)
As an additional cost to play this, kill a friendly [Mighty] unit. (A unit is Mighty while it has 5+ {might}.)
Draw 2 and channel 1 rune exhausted.",Kudos Productions,portrait,unl-173-219.png,False,False,False,False
unl-174-219,Shard of Undoing,UNL-174,UNL-174/219,UNL,Unleashed,174,Rare,Gear,6,,,Order,,"The first time a friendly unit dies during your Beginning Phase each turn, each opponent must kill one of their units.",Kudos Productions,portrait,unl-174-219.png,False,False,False,False
unl-175-219,Tactical Retreat,UNL-175,UNL-175/219,UNL,Unleashed,175,Rare,Spell,2,,,Order,,"[Reaction] (Play any time, even before spells and abilities resolve.)
Choose a friendly unit. The next time it would die this turn, heal it, exhaust it, and recall it instead. (Send it to base. This isn't a move.)",Kudos Productions,portrait,unl-175-219.png,False,False,False,False
unl-176-219,Vi,UNL-176,UNL-176/219,UNL,Unleashed,176,Rare,Unit,5,5,1,Order,Vi|Piltover,"[Ambush] (You may play me as a [Reaction] to a battlefield where you have units.)
When I attack, [Stun] an enemy unit here. (It doesn't deal combat damage this turn.)",Envar Studio,portrait,unl-176-219.png,False,False,False,False
unl-176a-219,Vi,UNL-176a,UNL-176a/219,UNL,Unleashed,176,Rare,Unit,5,5,1,Order,Vi|Piltover,"[Ambush]
When I attack, [Stun] an enemy unit here.",League Splash Team,portrait,unl-176a-219.png,True,False,False,True
unl-177-219,Ivern,UNL-177,UNL-177/219,UNL,Unleashed,177,Epic,Unit,6,6,,Order,Ivern|Ionia,"As you play me, choose Bird, Cat, Dog, or Poro. I gain that tag.
When I conquer or hold, score 1 point if your units have all of the following tags among them — Bird, Cat, Dog, and Poro.",Zhongqi Li,portrait,unl-177-219.png,False,False,False,False
unl-177a-219,Ivern,UNL-177a,UNL-177a/219,UNL,Unleashed,177,Epic,Unit,6,6,,Order,Ivern|Ionia,"As you play me, choose Bird, Cat, Dog, or Poro. I gain that tag.
When I conquer or hold, score 1 point if your units have all of the following tags among them — Bird, Cat, Dog, and Poro.",League Splash Team,portrait,unl-177a-219.png,True,False,False,True
unl-178-219,Poppy,UNL-178,UNL-178/219,UNL,Unleashed,178,Epic,Unit,6,5,1,Order,Yordle|Demacia|Poppy,"You may spend 3 XP as an additional cost to play me. If you do, I cost {energy:3} less.
[Ambush] (You may play me as a [Reaction] to a battlefield where you have units.)
[Tank] (I must be assigned combat damage first.)",Dao Trong Le,portrait,unl-178-219.png,False,False,False,False
unl-178a-219,Poppy,UNL-178a,UNL-178a/219,UNL,Unleashed,178,Epic,Unit,6,5,1,Order,Yordle|Demacia|Poppy,"You may spend 3 XP as an additional cost to play me. If you do, I cost {energy:3} less.
[Ambush]
[Tank]",League Splash Team,portrait,unl-178a-219.png,True,False,False,True
unl-179-219,Rift Herald,UNL-179,UNL-179/219,UNL,Unleashed,179,Epic,Unit,8,7,1,Order,The Void,"When I move to a battlefield, look at the top 3 cards of your Main Deck. You may reveal a unit from among them and draw it. Recycle the rest.
[Deathknell][>] Play a unit from your hand to your base, ignoring its Energy cost. (When I die, get the effect. You must still pay its Power cost.)",Grafit Studio,portrait,unl-179-219.png,False,False,False,False
unl-179a-219,Rift Herald,UNL-179a,UNL-179a/219,UNL,Unleashed,179,Epic,Unit,8,7,1,Order,The Void,"When I move to a battlefield, look at the top 3 cards of your Main Deck. You may reveal a unit from among them and draw it. Recycle the rest.
[Deathknell][>] Play a unit from your hand to your base, ignoring its Energy cost.",Grafit Studio,portrait,unl-179a-219.png,True,False,False,True
unl-180-219,The Ruination,UNL-180,UNL-180/219,UNL,Unleashed,180,Epic,Spell,9,,3,Order,,Kill all units.,Oliver Chipping,portrait,unl-180-219.png,False,False,False,False
unl-181-219,Virtuoso,UNL-181,UNL-181/219,UNL,Unleashed,181,Rare,Legend,,,,Fury|Mind,Jhin,"When you play a spell, if you spent {energy:4} or more, you may banish it. Then, if there are four spells banished with me, put each in its trash, channel 4 runes, and draw 1.",Pandart Studio,portrait,unl-181-219.png,False,False,False,False
unl-182-219,Curtain Call,UNL-182,UNL-182/219,UNL,Unleashed,182,Epic,Spell,4,,,Fury|Mind,Jhin,"[Repeat] — {energy:1} / {power:any} / {energy:1}{power:any} (You may pay each additional cost to repeat this spell's effect.)
Choose one you haven't already chosen —Draw 1.Deal 2 to a unit at a battlefield.Deal 3 to a unit at a base.Give a unit at a battlefield -4 {might} this turn.",华锐,portrait,unl-182-219.png,False,False,False,False
unl-183-219,Pridestalker,UNL-183,UNL-183/219,UNL,Unleashed,183,Rare,Legend,,,,Fury|Body,Rengar,"When you play a unit, give a unit +1 {might} this turn.",Envar Studio,portrait,unl-183-219.png,False,False,False,False
unl-184-219,Thrill of the Hunt,UNL-184,UNL-184/219,UNL,Unleashed,184,Epic,Spell,2,,1,Fury|Body,Rengar,"[Reaction] (Play any time, even before spells and abilities resolve.)
Banish a friendly unit, then its owner plays it to any battlefield, ignoring its cost.",华锐,portrait,unl-184-219.png,False,False,False,False
unl-185-219,Bloodharbor Ripper,UNL-185,UNL-185/219,UNL,Unleashed,185,Rare,Legend,,,,Fury|Chaos,Pyke,"{energy:1}, {exhaust}: Return a friendly unit at a battlefield to its owner's hand. Play a Gold gear token exhausted. (It has ""[Reaction][>] Kill this, {exhaust}: [Add] {power:any}."")",TSWCK逍,portrait,unl-185-219.png,False,False,False,False
unl-186-219,Death from Below,UNL-186,UNL-186/219,UNL,Unleashed,186,Epic,Spell,4,,1,Fury|Chaos,Pyke,"Kill a unit at a battlefield. Then, if it had 3 {might} or less, you may play this from your trash for {power:any}.",莺之歌,portrait,unl-186-219.png,False,False,False,False
unl-187-219,Piltover Enforcer,UNL-187,UNL-187/219,UNL,Unleashed,187,Rare,Legend,,,,Fury|Order,Vi,"When you conquer, if you assigned 3 or more excess damage, you may exhaust me to ready a unit.",Pandart Studio,portrait,unl-187-219.png,False,False,False,False
unl-188-219,Hextech Gauntlets,UNL-188,UNL-188/219,UNL,Unleashed,188,Epic,Gear,3,3,,Fury|Order,Vi|Equipment,[Equip] {energy:3}{power:any}. This ability's Energy cost is reduced by the Might of the unit you choose. (Pay the cost: Attach this to a unit you control.),Grafit Studio,portrait,unl-188-219.png,False,False,False,False
unl-189-219,Bashful Bloom,UNL-189,UNL-189/219,UNL,Unleashed,189,Rare,Legend,,,,Calm|Mind,Lillia,"{energy:4}, {exhaust}: Play a ready 3 {might} Sprite unit token with [Temporary]. This ability costs {energy:1} less for each friendly unit with [Temporary].",Pandart Studio,portrait,unl-189-219.png,False,False,False,False
unl-190-219,Lilting Lullaby,UNL-190,UNL-190/219,UNL,Unleashed,190,Epic,Spell,2,,2,Calm|Mind,Lillia,"[Reaction] (Play any time, even before spells and abilities resolve.)
Counter a spell. Its controller can't play spells this turn.",Wild Blue Studio/莺之歌,portrait,unl-190-219.png,False,False,False,False
unl-191-219,Wuju Master,UNL-191,UNL-191/219,UNL,Unleashed,191,Rare,Legend,,,,Calm|Body,Master Yi,"[Level 6][>] Your units have +1 {might}. (While you have 6+ XP, get the effect.)
[Level 11][>] Your units enter ready.",Envar Studio,portrait,unl-191-219.png,False,False,False,False
unl-192-219,Alpha Strike,UNL-192,UNL-192/219,UNL,Unleashed,192,Epic,Spell,3,,1,Calm|Body,Master Yi,"[Action] (Play on your turn or in showdowns.)
Choose a friendly unit. It deals damage equal to its Might split among enemy units at battlefields. Then for each unit this kills, do this: Gain 1 XP.",莺之歌,portrait,unl-192-219.png,False,False,False,False
unl-193-219,Gloomist,UNL-193,UNL-193/219,UNL,Unleashed,193,Rare,Legend,,,,Calm|Chaos,Vex,"When you or an ally hold, you may exhaust me to draw 1.",Pandart Studio,portrait,unl-193-219.png,False,False,False,False
unl-194-219,Shadow,UNL-194,UNL-194/219,UNL,Unleashed,194,Epic,Unit,3,3,,Calm|Chaos,Vex|Shadow Isles,"If you play me to a battlefield, I enter ready.
[Action][>] {energy:1}{power:any}, {exhaust}: [Stun] an enemy unit attacking here. (It doesn't deal combat damage this turn.)",莺之歌,portrait,unl-194-219.png,False,False,False,False
unl-195-219,Green Father,UNL-195,UNL-195/219,UNL,Unleashed,195,Rare,Legend,,,,Calm|Order,Ivern,"When you conquer or hold, you may exhaust me to replace that battlefield with a Brush battlefield token. (Bird, Cat, Dog, Poro, and Ivern units have +1 {might} in Brush. It can be swapped back when scored.)",Envar Studio,portrait,unl-195-219.png,False,False,False,False
unl-196-219,Daisy!,UNL-196,UNL-196/219,UNL,Unleashed,196,Epic,Unit,9,8,2,Calm|Order,Ivern|Ionia,"I enter ready.
Reduce my cost by {energy:1} for each of the following tags among your units — Bird, Cat, Dog, and Poro.
When I attack while your units have all 4 tags, [Stun] an enemy unit here. (It doesn't deal combat damage this turn.)",Polar Engine Studio,portrait,unl-196-219.png,False,False,False,False
unl-197-219,Scorn of the Moon,UNL-197,UNL-197/219,UNL,Unleashed,197,Rare,Legend,,,,Mind|Chaos,Diana,[Reaction][>] {exhaust}: [Add] {energy:1}. Spend this Energy only during showdowns. (Abilities that add resources can't be reacted to.),Envar Studio,portrait,unl-197-219.png,False,False,False,False
unl-198-219,Moonfall,UNL-198,UNL-198/219,UNL,Unleashed,198,Epic,Spell,3,,1,Mind|Chaos,Diana,"[Action] (Play on your turn or in showdowns.)
Choose a battlefield where you have units. You may move up to one enemy unit to that battlefield. Then give enemy units there -2 {might} this turn.",Grafit Studio,portrait,unl-198-219.png,False,False,False,False
unl-199-219,Deceiver,UNL-199,UNL-199/219,UNL,Unleashed,199,Rare,Legend,,,,Mind|Order,LeBlanc,"When you conquer or hold, you may discard 1 and exhaust me to play a ready Reflection unit token there. It becomes a copy of another unit there. Give it [Temporary].",黯荧岛Dark Glow,portrait,unl-199-219.png,False,False,False,False
unl-200-219,Mirror Image,UNL-200,UNL-200/219,UNL,Unleashed,200,Epic,Spell,3,,2,Mind|Order,LeBlanc,"Choose a unit. Play a ready Reflection unit token to your base. It becomes a copy of that unit. Give it [Temporary]. (Kill it at the start of its controller's Beginning Phase, before scoring.)",华锐,portrait,unl-200-219.png,False,False,False,False
unl-201-219,Voidreaver,UNL-201,UNL-201/219,UNL,Unleashed,201,Rare,Legend,,,,Body|Chaos,Kha'Zix,"When you win a combat, gain 1 XP.
Spend 1 XP, {exhaust}: [Buff] a unit.
Spend 2 XP, {exhaust}: Move an exhausted friendly unit from a battlefield to its base.",Envar Studio,portrait,unl-201-219.png,False,False,False,False
unl-202-219,Void Assault,UNL-202,UNL-202/219,UNL,Unleashed,202,Epic,Spell,2,,1,Body|Chaos,Kha'Zix,"Move a friendly unit, then move an enemy unit. (If they both move to a battlefield you don't control, you're the attacker.)",莺之歌,portrait,unl-202-219.png,False,False,False,False
unl-203-219,Keeper of the Hammer,UNL-203,UNL-203/219,UNL,Unleashed,203,Rare,Legend,,,,Body|Order,Poppy,"When you hold, gain 1 XP.
Spend 3 XP, {exhaust}: Draw 1.",Pandart Studio,portrait,unl-203-219.png,False,False,False,False
unl-204-219,Keeper's Verdict,UNL-204,UNL-204/219,UNL,Unleashed,204,Epic,Spell,2,,2,Body|Order,Poppy,"[Action] (Play on your turn or in showdowns.)
Choose an enemy unit at a battlefield. Its owner places it on the top or bottom of their Main Deck.",莺之歌,portrait,unl-204-219.png,False,False,False,False
unl-205-219,Abandoned Hall,UNL-205,UNL-205/219,UNL,Unleashed,205,Uncommon,Battlefield,,,,Colorless,,"When a player plays a spell, they may give a unit they control here +1 {might} this turn.",Envar Studio,landscape,unl-205-219.png,False,False,False,False
unl-206-219,Altar of Blood,UNL-206,UNL-206/219,UNL,Unleashed,206,Uncommon,Battlefield,,,,Colorless,,"If a unit here would die during combat, its controller may pay {power:any}{power:any}{power:any} to heal it, exhaust it, and recall it instead.",Kudos Productions,landscape,unl-206-219.png,False,False,False,False
unl-207-219,Amateur Recital,UNL-207,UNL-207/219,UNL,Unleashed,207,Uncommon,Battlefield,,,,Colorless,,"When you hold here, you may move a unit at a battlefield to its base.",Envar Studio,landscape,unl-207-219.png,False,False,False,False
unl-208-219,Black Flame Altar,UNL-208,UNL-208/219,UNL,Unleashed,208,Uncommon,Battlefield,,,,Colorless,,Units here with [Temporary] have [Shield]. (+1 {might} while they're defenders.),Envar Studio,landscape,unl-208-219.png,False,False,False,False
unl-209-219,Dusk Rose Lab,UNL-209,UNL-209/219,UNL,Unleashed,209,Uncommon,Battlefield,,,,Colorless,,"At the start of your Beginning Phase, you may kill a unit you control here to draw 1. (This happens before scoring.)",Envar Studio,landscape,unl-209-219.png,False,False,False,False
unl-210-219,Forbidding Waste,UNL-210,UNL-210/219,UNL,Unleashed,210,Uncommon,Battlefield,,,,Colorless,,"While a unit here is defending alone, it has -2 {might}. (It's alone if there are no other friendly units here.)",Six More Vodka,landscape,unl-210-219.png,False,False,False,False
unl-211-219,Forgotten Library,UNL-211,UNL-211/219,UNL,Unleashed,211,Uncommon,Battlefield,,,,Colorless,,"While you control this battlefield, when you play a spell, if you spent {energy:4} or more, [Predict]. (Look at the top card of your Main Deck. You may recycle it.)",Chris Kintner,landscape,unl-211-219.png,False,False,False,False
unl-212-219,Frozen Fortress,UNL-212,UNL-212/219,UNL,Unleashed,212,Uncommon,Battlefield,,,,Colorless,,"At the start of each player's Beginning Phase, deal 1 to each unit here. (This happens before scoring.)",Kudos Productions,landscape,unl-212-219.png,False,False,False,False
unl-213-219,Gardens of Becoming,UNL-213,UNL-213/219,UNL,Unleashed,213,Uncommon,Battlefield,,,,Colorless,,"Units here have ""{exhaust}: Gain 1 XP.""",Polar Engine Studio,landscape,unl-213-219.png,False,False,False,False
unl-214-219,Ripper's Bay,UNL-214,UNL-214/219,UNL,Unleashed,214,Uncommon,Battlefield,,,,Colorless,,"When a unit here is returned to a player's hand, that player may pay {energy:1} to channel 1 rune exhausted.",MAR Studio,landscape,unl-214-219.png,False,False,False,False
unl-215-219,Star Spring,UNL-215,UNL-215/219,UNL,Unleashed,215,Uncommon,Battlefield,,,,Colorless,,"The first time a player plays a non-token unit here each turn, they may move another unit they control here to its base.",Six More Vodka,landscape,unl-215-219.png,False,False,False,False
unl-216-219,The Academy,UNL-216,UNL-216/219,UNL,Unleashed,216,Uncommon,Battlefield,,,,Colorless,,"When you hold here, give your next spell this turn [Repeat] equal to its base cost. (You may pay the additional cost to repeat the spell's effect.)",Six More Vodka,landscape,unl-216-219.png,False,False,False,False
unl-217-219,Trapping Grounds,UNL-217,UNL-217/219,UNL,Unleashed,217,Uncommon,Battlefield,,,,Colorless,,"When you conquer here, if you assigned 3 or more excess damage, play a 1 {might} Bird unit token with [Deflect].",Kudos Productions,landscape,unl-217-219.png,False,False,False,False
unl-218-219,Valley of Idols,UNL-218,UNL-218/219,UNL,Unleashed,218,Uncommon,Battlefield,,,,Colorless,,"When a player plays a unit here, they may pay {energy:1} to [Buff] it. (Give it a +1 {might} buff if it doesn't have one.)",Caravan Studio,landscape,unl-218-219.png,False,False,False,False
unl-219-219,Vaults of Helia,UNL-219,UNL-219/219,UNL,Unleashed,219,Uncommon,Battlefield,,,,Colorless,,"When you hold here, your non-token units cost {energy:1} more to play this turn.",Six More Vodka,landscape,unl-219-219.png,False,False,False,False
unl-220-219,Pouty Poro,UNL-220,UNL-220/219,UNL,Unleashed,220,Common,Unit,2,2,,Fury,Poro,[Deflect],FOREDAWN,portrait,unl-220-219.png,False,False,True,False
unl-221-219,Lonely Poro,UNL-221,UNL-221/219,UNL,Unleashed,221,Common,Unit,2,2,,Calm,Poro|Freljord,"[Deathknell][>] If I died alone, draw 1.",FOREDAWN,portrait,unl-221-219.png,False,False,True,False
unl-222-219,Plundering Poro,UNL-222,UNL-222/219,UNL,Unleashed,222,Common,Unit,2,2,,Mind,Poro|Pirate|Bilgewater,"When I conquer, play a Gold gear token exhausted.",FOREDAWN,portrait,unl-222-219.png,False,False,True,False
unl-223-219,Veteran Poro,UNL-223,UNL-223/219,UNL,Unleashed,223,Common,Unit,2,2,,Body,Poro|Freljord,[Weaponmaster],FOREDAWN,portrait,unl-223-219.png,False,False,True,False
unl-224-219,Mystic Poro,UNL-224,UNL-224/219,UNL,Unleashed,224,Common,Unit,2,2,,Chaos,Poro,[Vision],FOREDAWN,portrait,unl-224-219.png,False,False,True,False
unl-225-219,Daring Poro,UNL-225,UNL-225/219,UNL,Unleashed,225,Common,Unit,2,2,,Order,Poro,[Assault],FOREDAWN,portrait,unl-225-219.png,False,False,True,False
unl-226-star-219,Virtuoso,UNL-226,UNL-226*/219,UNL,Unleashed,226,Rare,Legend,,,,Fury|Mind,Jhin,"When you play a spell, if you spent {energy:4} or more, you may banish it. Then, if there are four spells banished with me, put each in its trash, channel 4 runes, and draw 1.",Blaine Burgos,portrait,unl-226-star-219.png,False,True,True,True
unl-226-219,Virtuoso,UNL-226,UNL-226/219,UNL,Unleashed,226,Rare,Legend,,,,Fury|Mind,Jhin,"When you play a spell, if you spent {energy:4} or more, you may banish it. Then, if there are four spells banished with me, put each in its trash, channel 4 runes, and draw 1.",Blaine Burgos,portrait,unl-226-219.png,False,False,True,False
unl-227-star-219,Pridestalker,UNL-227,UNL-227*/219,UNL,Unleashed,227,Rare,Legend,,,,Fury|Body,Rengar,"When you play a unit, give a unit +1 {might} this turn.",Duy Nguyen,portrait,unl-227-star-219.png,False,True,True,True
unl-227-219,Pridestalker,UNL-227,UNL-227/219,UNL,Unleashed,227,Rare,Legend,,,,Fury|Body,Rengar,"When you play a unit, give a unit +1 {might} this turn.",Duy Nguyen,portrait,unl-227-219.png,False,False,True,False
unl-228-star-219,Bloodharbor Ripper,UNL-228,UNL-228*/219,UNL,Unleashed,228,Rare,Legend,,,,Fury|Chaos,Pyke,"{energy:1}, {exhaust}: Return a friendly unit at a battlefield to its owner's hand. Play a Gold gear token exhausted.",Kindlejack,portrait,unl-228-star-219.png,False,True,True,True
unl-228-219,Bloodharbor Ripper,UNL-228,UNL-228/219,UNL,Unleashed,228,Rare,Legend,,,,Fury|Chaos,Pyke,"{energy:1}, {exhaust}: Return a friendly unit at a battlefield to its owner's hand. Play a Gold gear token exhausted.",Kindlejack,portrait,unl-228-219.png,False,False,True,False
unl-229-star-219,Piltover Enforcer,UNL-229,UNL-229*/219,UNL,Unleashed,229,Rare,Legend,,,,Fury|Order,Vi,"When you conquer, if you assigned 3 or more excess damage, you may exhaust me to ready a unit.",Jonathan Santoro,portrait,unl-229-star-219.png,False,True,True,True
unl-229-219,Piltover Enforcer,UNL-229,UNL-229/219,UNL,Unleashed,229,Rare,Legend,,,,Fury|Order,Vi,"When you conquer, if you assigned 3 or more excess damage, you may exhaust me to ready a unit.",Jonathan Santoro,portrait,unl-229-219.png,False,False,True,False
unl-230-star-219,Bashful Bloom,UNL-230,UNL-230*/219,UNL,Unleashed,230,Rare,Legend,,,,Calm|Mind,Lillia,"{energy:4}, {exhaust}: Play a ready 3 {might} Sprite unit token with [Temporary]. This ability costs {energy:1} less for each friendly unit with [Temporary].",Oussama Agazzoum,portrait,unl-230-star-219.png,False,True,True,True
unl-230-219,Bashful Bloom,UNL-230,UNL-230/219,UNL,Unleashed,230,Rare,Legend,,,,Calm|Mind,Lillia,"{energy:4}, {exhaust}: Play a ready 3 {might} Sprite unit token with [Temporary]. This ability costs {energy:1} less for each friendly unit with [Temporary].",Oussama Agazzoum,portrait,unl-230-219.png,False,False,True,False
unl-231-star-219,Wuju Master,UNL-231,UNL-231*/219,UNL,Unleashed,231,Rare,Legend,,,,Calm|Body,Master Yi,"[Level 6][>] Your units have +1 {might}.
[Level 11][>] Your units enter ready.",Shawn Lee,portrait,unl-231-star-219.png,False,True,True,True
unl-231-219,Wuju Master,UNL-231,UNL-231/219,UNL,Unleashed,231,Rare,Legend,,,,Calm|Body,Master Yi,"[Level 6][>] Your units have +1 {might}.
[Level 11][>] Your units enter ready.",Shawn Lee,portrait,unl-231-219.png,False,False,True,False
unl-232-star-219,Gloomist,UNL-232,UNL-232*/219,UNL,Unleashed,232,Rare,Legend,,,,Calm|Chaos,Vex,"When you or an ally hold, you may exhaust me to draw 1.",Hozure,portrait,unl-232-star-219.png,False,True,True,True
unl-232-219,Gloomist,UNL-232,UNL-232/219,UNL,Unleashed,232,Rare,Legend,,,,Calm|Chaos,Vex,"When you or an ally hold, you may exhaust me to draw 1.",Hozure,portrait,unl-232-219.png,False,False,True,False
unl-233-star-219,Green Father,UNL-233,UNL-233*/219,UNL,Unleashed,233,Rare,Legend,,,,Calm|Order,Ivern,"When you conquer or hold, you may exhaust me to replace that battlefield with a Brush battlefield token.",Michelle Mauk,portrait,unl-233-star-219.png,False,True,True,True
unl-233-219,Green Father,UNL-233,UNL-233/219,UNL,Unleashed,233,Rare,Legend,,,,Calm|Order,Ivern,"When you conquer or hold, you may exhaust me to replace that battlefield with a Brush battlefield token.",Michelle Mauk,portrait,unl-233-219.png,False,False,True,False
unl-234-star-219,Scorn of the Moon,UNL-234,UNL-234*/219,UNL,Unleashed,234,Rare,Legend,,,,Mind|Chaos,Diana,[Reaction][>] {exhaust}: [Add] {energy:1}. Spend this Energy only during showdowns.,Lisha Du,portrait,unl-234-star-219.png,False,True,True,True
unl-234-219,Scorn of the Moon,UNL-234,UNL-234/219,UNL,Unleashed,234,Rare,Legend,,,,Mind|Chaos,Diana,[Reaction][>] {exhaust}: [Add] {energy:1}. Spend this Energy only during showdowns.,Lisha Du,portrait,unl-234-219.png,False,False,True,False
unl-235-star-219,Deceiver,UNL-235,UNL-235*/219,UNL,Unleashed,235,Rare,Legend,,,,Mind|Order,LeBlanc,"When you conquer or hold, you may discard 1 and exhaust me to play a ready Reflection unit token there. It becomes a copy of another unit there. Give it [Temporary].",Valentine Tran,portrait,unl-235-star-219.png,False,True,True,True
unl-235-219,Deceiver,UNL-235,UNL-235/219,UNL,Unleashed,235,Rare,Legend,,,,Mind|Order,LeBlanc,"When you conquer or hold, you may discard 1 and exhaust me to play a ready Reflection unit token there. It becomes a copy of another unit there. Give it [Temporary].",Valentine Tran,portrait,unl-235-219.png,False,False,True,False
unl-236-star-219,Voidreaver,UNL-236,UNL-236*/219,UNL,Unleashed,236,Rare,Legend,,,,Body|Chaos,Kha'Zix,"When you win a combat, gain 1 XP.
Spend 1 XP, {exhaust}: [Buff] a unit.
Spend 2 XP, {exhaust}: Move an exhausted friendly unit from a battlefield to its base.",Jeffrey Chen,portrait,unl-236-star-219.png,False,True,True,True
unl-236-219,Voidreaver,UNL-236,UNL-236/219,UNL,Unleashed,236,Rare,Legend,,,,Body|Chaos,Kha'Zix,"When you win a combat, gain 1 XP.
Spend 1 XP, {exhaust}: [Buff] a unit.
Spend 2 XP, {exhaust}: Move an exhausted friendly unit from a battlefield to its base.",Jeffrey Chen,portrait,unl-236-219.png,False,False,True,False
unl-237-star-219,Keeper of the Hammer,UNL-237,UNL-237*/219,UNL,Unleashed,237,Rare,Legend,,,,Body|Order,Poppy,"When you hold, gain 1 XP.
Spend 3 XP, {exhaust}: Draw 1.",KK Zhang,portrait,unl-237-star-219.png,False,True,True,True
unl-237-219,Keeper of the Hammer,UNL-237,UNL-237/219,UNL,Unleashed,237,Rare,Legend,,,,Body|Order,Poppy,"When you hold, gain 1 XP.
Spend 3 XP, {exhaust}: Draw 1.",KK Zhang,portrait,unl-237-219.png,False,False,True,False
unl-238-219,Baron Nashor,UNL-238,UNL-238/219,UNL,Unleashed,238,Epic,Unit,10,12,3,Chaos,The Void,"As you play me, add the Baron Pit battlefield token to the board if it's not there already. If you do, I enter there.
I can't be chosen by enemy spells and abilities.
Other friendly units have +2 {might}.",張漁 ·ZHANG YU,portrait,unl-238-219.png,False,False,True,False
ven-001-166,Baccai Sandspinner,VEN-001,VEN-001/166,VEN,Vendetta,1,Common,Unit,6,6,,Fury,Shurima,"[Empower] {energy:5}. This ability costs {energy:3} less if you control 4 or fewer runes. (Pay the cost: Empower me. Use only if not Empowered.)
[Empowered][>] I have [Deflect] and [Assault 2]. (Opponents must pay {power:any} to choose me with a spell or ability. +2 {might} while I'm an attacker.)",Kudos Productions,portrait,ven-001-166.png,False,False,False,False
ven-r01,Fury Rune,VEN-R01,VEN-R01,VEN,Vendetta,1,Common,Rune,,,,Fury,,,Greg Ghielmetti & Leah Chen,portrait,ven-r01.png,False,False,False,False
ven-sp1-006,Kai'Sa,VEN-SP1,VEN-SP1/006,VEN,Vendetta,1,Epic,Unit,4,4,,Fury,Kai'Sa,"[Accelerate]
When I conquer, draw 1.",Wild Rift Splash Team,portrait,ven-sp1-006.png,False,False,False,False
ven-002-166,Blade Twirler,VEN-002,VEN-002/166,VEN,Vendetta,2,Common,Unit,4,4,,Fury,Yordle|Ionia,"The first time I move each turn, choose a player. They [Burn 1]. (They put the top card of their Main Deck into their trash.)",Six More Vodka,portrait,ven-002-166.png,False,False,False,False
ven-r02,Calm Rune,VEN-R02,VEN-R02,VEN,Vendetta,2,Common,Rune,,,,Calm,,,Greg Ghielmetti & Leah Chen,portrait,ven-r02.png,False,False,False,False
ven-sp2-006,Sona,VEN-SP2,VEN-SP2/006,VEN,Vendetta,2,Epic,Unit,4,4,1,Calm,Sona,"At the end of your turn, if I'm at a battlefield, ready up to 4 friendly runes.",Wild Rift Splash Team,portrait,ven-sp2-006.png,False,False,False,False
ven-003-166,Brittle Steel,VEN-003,VEN-003/166,VEN,Vendetta,3,Common,Spell,2,,1,Fury,,"Kill a gear.
[Flow] {energy:4}{power:fury} (You may play this from your trash for its Flow cost. Then banish it.)",Six More Vodka,portrait,ven-003-166.png,False,False,False,False
ven-r03,Mind Rune,VEN-R03,VEN-R03,VEN,Vendetta,3,Common,Rune,,,,Mind,,,Greg Ghielmetti & Leah Chen,portrait,ven-r03.png,False,False,False,False
ven-sp3-006,Ahri,VEN-SP3,VEN-SP3/006,VEN,Vendetta,3,Epic,Unit,3,3,1,Mind,Ahri|Ionia,"When I attack or defend, give an enemy unit here -2 {might} this turn, to a minimum of 1 {might}.",Wild Rift Splash Team,portrait,ven-sp3-006.png,False,False,False,False
ven-004-166,Dune Surfer,VEN-004,VEN-004/166,VEN,Vendetta,4,Common,Unit,3,3,,Fury,Shurima,You ignore [Tank] while assigning combat damage here.,Dao Trong Le,portrait,ven-004-166.png,False,False,False,False
ven-r04,Body Rune,VEN-R04,VEN-R04,VEN,Vendetta,4,Common,Rune,,,,Body,,,Greg Ghielmetti & Leah Chen,portrait,ven-r04.png,False,False,False,False
ven-sp4-006,Sett,VEN-SP4,VEN-SP4/006,VEN,Vendetta,4,Epic,Unit,5,4,1,Body,Sett,"When you play me or when I conquer, buff me.
Spend my buff: Give me +4 {might} this turn.",Wild Rift Splash Team,portrait,ven-sp4-006.png,False,False,False,False
ven-t04,Recruit,VEN-T04,VEN-T04,VEN,Vendetta,4,Common,Unit,,1,,Colorless,Recruit,,Six More Vodka,portrait,ven-t04.png,False,False,False,False
ven-005-166,Forsaken Baccai,VEN-005,VEN-005/166,VEN,Vendetta,5,Common,Unit,2,2,,Fury,Shurima,"If you control fewer runes than an opponent at the start of your Beginning Phase, give me +1 {might} this turn.",Kudos Productions,portrait,ven-005-166.png,False,False,False,False
ven-r05,Chaos Rune,VEN-R05,VEN-R05,VEN,Vendetta,5,Common,Rune,,,,Chaos,,,Greg Ghielmetti & Leah Chen,portrait,ven-r05.png,False,False,False,False
ven-sp5-006,Ezreal,VEN-SP5,VEN-SP5/006,VEN,Vendetta,5,Epic,Unit,3,3,1,Chaos,Ezreal|Piltover,"When you play me, discard 1, then draw 2.
Optional additional costs you pay cost {energy:1} or {power:any} less.",Wild Rift Splash Team,portrait,ven-sp5-006.png,False,False,False,False
ven-006-166,Oasis Raider,VEN-006,VEN-006/166,VEN,Vendetta,6,Common,Unit,4,4,,Fury,Shurima,"If you control fewer runes than an opponent at the start of your Beginning Phase, give me +2 {might} and [Ganking] this turn. (I can move from battlefield to battlefield.)",JiHun Lee,portrait,ven-006-166.png,False,False,False,False
ven-r06,Order Rune,VEN-R06,VEN-R06,VEN,Vendetta,6,Common,Rune,,,,Order,,,Greg Ghielmetti & Leah Chen,portrait,ven-r06.png,False,False,False,False
ven-sp6-006,Lux,VEN-SP6,VEN-SP6/006,VEN,Vendetta,6,Epic,Unit,4,2,,Order,Lux,{exhaust}: [Reaction] — [Add] {energy:2}. Spend this Energy only to play spells.,Envar Studio,portrait,ven-sp6-006.png,False,False,False,False
ven-007-166,Punching Poro,VEN-007,VEN-007/166,VEN,Vendetta,7,Common,Unit,2,2,,Fury,Poro|Ionia,"[Empower] — Discard 1 (Pay the cost: Empower me. Use only if not Empowered.)
[Empowered][>] I have +1 {might}.",Six More Vodka,portrait,ven-007-166.png,False,False,False,False
ven-008-166,Ruthless Strike,VEN-008,VEN-008/166,VEN,Vendetta,8,Common,Spell,3,,,Fury,,"[Action] (Play on your turn or in showdowns.)
As an additional cost to play this, you may discard 1.
Deal 3 to a unit at a battlefield. If you paid the additional cost, deal 5 to it instead.",Kudos Productions,portrait,ven-008-166.png,False,False,False,False
ven-009-166,Baccai Reaper,VEN-009,VEN-009/166,VEN,Vendetta,9,Uncommon,Unit,3,4,1,Fury,Shurima,"When I attack, you may pay {power:fury} to give me [Assault 2] this turn. (+2 {might} while I'm an attacker.)",Kudos Productions,portrait,ven-009-166.png,False,False,False,False
ven-010-166,Consuming Curse,VEN-010,VEN-010/166,VEN,Vendetta,10,Uncommon,Spell,2,,,Fury,,"[Action] (Play on your turn or in showdowns.)
Deal 2 to a unit at a battlefield. This deals 1 Bonus Damage for each card with this name in your trash.",Kudos Productions,portrait,ven-010-166.png,False,False,False,False
ven-011-166,Pendulum Blade,VEN-011,VEN-011/166,VEN,Vendetta,11,Uncommon,Gear,3,1,,Fury,Equipment,[Equip] {power:fury} ({power:fury}: Attach this to a unit you control.),Kudos Productions,portrait,ven-011-166.png,False,False,False,False
ven-012-166,Perfect Execution,VEN-012,VEN-012/166,VEN,Vendetta,12,Uncommon,Spell,3,,1,Fury,,"Ready a unit and give it [Assault 3] this turn. (+3 {might} while it's an attacker.)
[Flow] {energy:3}{power:fury} (You may play this from your trash for its Flow cost. Then banish it.)",莺之歌,portrait,ven-012-166.png,False,False,False,False
ven-013-166,Shadow Assassin,VEN-013,VEN-013/166,VEN,Vendetta,13,Uncommon,Unit,5,5,,Fury,Ionia,I enter ready if you have a card with my name in your trash.,JiHun Lee,portrait,ven-013-166.png,False,False,False,False
ven-014-166,Shadow Fiend,VEN-014,VEN-014/166,VEN,Vendetta,14,Uncommon,Unit,2,2,,Fury,Ionia,"[Empower] {energy:2}{power:fury} ({energy:2}{power:fury}: Empower me. Use only if not Empowered.)
[Empowered][>] I have [Assault 3]. (+3 {might} while I'm an attacker.)",Six More Vodka,portrait,ven-014-166.png,False,False,False,False
ven-015-166,Decree of Rage,VEN-015,VEN-015/166,VEN,Vendetta,15,Rare,Spell,1,,1,Fury,,"[Action] (Play on your turn or in showdowns.)
This can't be countered.
Deal 4 to an enemy Calm ({power:calm}) unit.",Envar Studio,portrait,ven-015-166.png,False,False,False,False
ven-016-166,Eclipse Dragon,VEN-016,VEN-016/166,VEN,Vendetta,16,Rare,Unit,8,8,,Fury,Dragon|Mount Targon,"[Accelerate] (You may pay {energy:1}{power:fury} as an additional cost to have me enter ready.)
When I move, if you control 4 or fewer runes, draw 1.",Six More Vodka,portrait,ven-016-166.png,False,False,False,False
ven-017-166,Morgana,VEN-017,VEN-017/166,VEN,Vendetta,17,Rare,Unit,5,5,1,Fury,Demacia|Morgana,"[Ambush] (You may play me as a [Reaction] to a battlefield where you have units.)
When you play me, deal damage to a unit equal to the damage marked on it.",Envar Studio,portrait,ven-017-166.png,False,False,False,False
ven-018-166,Rage Amplifier,VEN-018,VEN-018/166,VEN,Vendetta,18,Rare,Gear,4,,1,Fury,,"[Empower] {energy:6}{power:fury} ({energy:6}{power:fury}: Empower this. Use only if not Empowered.)
Your units have +1 {might}. If I'm [Empowered], they have +2 {might} instead.",Kudos Productions,portrait,ven-018-166.png,False,False,False,False
ven-019-166,Renekton,VEN-019,VEN-019/166,VEN,Vendetta,19,Rare,Unit,6,6,,Fury,Shurima|Renekton,"[Accelerate] (You may pay {energy:1}{power:fury} as an additional cost to have me enter ready.)
When I attack, if you control 4 or fewer runes, deal 2 to all enemy units here.",Six More Vodka,portrait,ven-019-166.png,False,False,False,False
ven-019a-166,Renekton,VEN-019a,VEN-019a/166,VEN,Vendetta,19,Rare,Unit,6,6,,Fury,Renekton,"[Accelerate]
When I attack, if you control 4 or fewer runes, deal 2 to all enemy units here.",League Splash Team,portrait,ven-019a-166.png,True,False,False,True
ven-020-166,Twilight Reveler,VEN-020,VEN-020/166,VEN,Vendetta,20,Rare,Unit,3,3,,Fury,Ionia,"When I attack, ready another friendly unit.",Kudos Productions,portrait,ven-020-166.png,False,False,False,False
ven-021-166,Akali,VEN-021,VEN-021/166,VEN,Vendetta,21,Epic,Unit,3,3,,Fury,Ionia|Akali,"[Empower] {energy:2}{power:fury} ({energy:2}{power:fury}: Empower me. Use only if not Empowered.)
When I move, you may deal 1 to a unit at a battlefield I moved to or from. If I'm [Empowered], deal 2 instead.
[Empowered][>] I have +1 {might}.",莺之歌,portrait,ven-021-166.png,False,False,False,False
ven-021a-166,Akali,VEN-021a,VEN-021a/166,VEN,Vendetta,21,Epic,Unit,3,3,,Fury,Akali,"[Empower] {energy:2}{power:fury}
When I move, you may deal 1 to a unit at a battlefield I moved to or from. If I'm [Empowered], deal 2 instead.
[Empowered][>] I have +1 {might}..",Wild Rift Splash Team,portrait,ven-021a-166.png,True,False,False,True
ven-022-166,Endless Riches,VEN-022,VEN-022/166,VEN,Vendetta,22,Epic,Gear,5,,1,Fury,,"When you play this, banish your hand and trash, then [Burn 7].
Skip your Draw Phase.
You may play cards from your trash.
If a card would go to your trash from anywhere other than your Main Deck, banish it instead.",Kudos Productions,portrait,ven-022-166.png,False,False,False,False
ven-023-166,Zed,VEN-023,VEN-023/166,VEN,Vendetta,23,Epic,Unit,4,4,1,Fury,Ionia|Zed,"You may discard 1 as an additional cost to play me.
When you play me, if you paid the additional cost, play a 0 {might} Shadow Clone unit token. (It has ""When I attack, you may banish a unit from your trash. If you do, give me [Assault 4] this turn."")",Six More Vodka,portrait,ven-023-166.png,False,False,False,False
ven-023a-166,Zed,VEN-023a,VEN-023a/166,VEN,Vendetta,23,Epic,Unit,4,4,1,Fury,Zed,"You may discard 1 as an additional cost to play me.
When you play me, if you paid the additional cost, play a 0 {might} Shadow Clone unit token.",League Splash Team,portrait,ven-023a-166.png,True,False,False,True
ven-024-166,Affectionate Poro,VEN-024,VEN-024/166,VEN,Vendetta,24,Common,Unit,3,3,,Calm,Poro|Noxus,"When a combat that I was in ends, if I haven't been dealt damage this turn, draw 1.",Six More Vodka,portrait,ven-024-166.png,False,False,False,False
ven-025-166,Esteemed Hierophant,VEN-025,VEN-025/166,VEN,Vendetta,25,Common,Unit,5,5,,Calm,Shurima,"While you control 7 or more runes, prevent all damage that enemy spells and abilities would deal to me.",Kudos Productions,portrait,ven-025-166.png,False,False,False,False
ven-026-166,Field Musicians,VEN-026,VEN-026/166,VEN,Vendetta,26,Common,Unit,4,3,,Calm,Ionia,"When you play me, give a unit +3 {might} this turn.",Six More Vodka,portrait,ven-026-166.png,False,False,False,False
ven-027-166,Hand Hammer,VEN-027,VEN-027/166,VEN,Vendetta,27,Common,Gear,2,1,,Calm,Equipment,[Equip] {power:calm} ({power:calm}: Attach this to a unit you control.),Kudos Productions,portrait,ven-027-166.png,False,False,False,False
ven-028-166,Mournful Witness,VEN-028,VEN-028/166,VEN,Vendetta,28,Common,Unit,2,2,,Calm,Fae|Ionia,"When a combat that I was in ends, empower me. (I become Empowered if I'm not already.)
[Empowered][>] I have +2 {might}.",Kudos Productions,portrait,ven-028-166.png,False,False,False,False
ven-029-166,Ol' Poro,VEN-029,VEN-029/166,VEN,Vendetta,29,Common,Unit,2,4,,Calm,Poro|Bandle City,"I can't be played on your first, second, or third turns.",Kudos Productions,portrait,ven-029-166.png,False,False,False,False
ven-030-166,Serene Ascetic,VEN-030,VEN-030/166,VEN,Vendetta,30,Common,Unit,3,3,,Calm,Ionia,"[Empower] {energy:3} ({energy:3}: Empower me. Use only if not Empowered.)
[Empowered][>] I have [Deflect] and [Shield 3]. (Opponents must pay {power:any} to choose me with a spell or ability.+3 {might} while I'm a defender.)",Kudos Productions,portrait,ven-030-166.png,False,False,False,False
ven-031-166,Twilight Shroud,VEN-031,VEN-031/166,VEN,Vendetta,31,Common,Spell,1,,,Calm,,"Give a friendly unit +1 {might} this turn. It can't be chosen by enemy spells and abilities this turn.
[Flow] {energy:2} (You may play this from your trash for its Flow cost. Then banish it.)",小牛设计,portrait,ven-031-166.png,False,False,False,False
ven-032-166,Frostcoat Mother,VEN-032,VEN-032/166,VEN,Vendetta,32,Uncommon,Unit,3,3,,Calm,Dog|Freljord,"[Empower] {energy:12}. This ability costs {energy:1} less for each rune you control. (Pay the cost: Empower me. Use only if not Empowered.)
[Empowered][>] I have +3 {might}.",Caravan Studio,portrait,ven-032-166.png,False,False,False,False
ven-033-166,Pakaa Protector,VEN-033,VEN-033/166,VEN,Vendetta,33,Uncommon,Unit,5,4,,Calm,Cat|Shurima,"When I move, reveal the top card of your Main Deck. If it's a unit, draw it. Otherwise, put it in your trash and give me +2 {might} this turn.",Bubble Cat Studio,portrait,ven-033-166.png,False,False,False,False
ven-034-166,Resonating Strike,VEN-034,VEN-034/166,VEN,Vendetta,34,Uncommon,Spell,2,,1,Calm,,"[Hidden] (Hide now for {power:any} to react with later for {energy:0}.)
[Reaction] (Play on your turn or in showdowns.)
Choose a battlefield you control and a unit you control at a different location. Move that unit to that battlefield and give it +2 {might} this turn.",Kudos Productions,portrait,ven-034-166.png,False,False,False,False
ven-035-166,Sanction,VEN-035,VEN-035/166,VEN,Vendetta,35,Uncommon,Spell,3,,1,Calm,,"[Reaction] (Play any time, even before spells and abilities resolve.)
Choose one —Empower a unit. Disempower it at end of turn.Disempower a unit that's [Empowered]. Empower it at end of turn.",Wild Blue Studios,portrait,ven-035-166.png,False,False,False,False
ven-036-166,Sandstone Chimera,VEN-036,VEN-036/166,VEN,Vendetta,36,Uncommon,Unit,7,8,2,Calm,Shurima,"While I'm at a battlefield, players only channel 1 rune at the start of their Channel Phase.",Kudos Productions,portrait,ven-036-166.png,False,False,False,False
ven-037-166,Tomb-Raider Barbara,VEN-037,VEN-037/166,VEN,Vendetta,37,Uncommon,Unit,4,4,,Calm,Shurima,"When you play me, if you control 7 or more runes, choose an enemy gear. If it's [Empowered], disempower it. Otherwise, kill it.",Caravan Studio,portrait,ven-037-166.png,False,False,False,False
ven-038-166,Akali,VEN-038,VEN-038/166,VEN,Vendetta,38,Rare,Unit,4,4,1,Calm,Ionia|Akali,"I can't be chosen by enemy spells and abilities unless I'm in combat.
When I move to a battlefield, give me +2 {might} this turn.",League Splash Team,portrait,ven-038-166.png,False,False,False,False
ven-038a-166,Akali,VEN-038a,VEN-038a/166,VEN,Vendetta,38,Rare,Unit,4,4,1,Calm,Akali,"I can't be chosen by enemy spells and abilities unless I'm in combat.
When I move to a battlefield, give me +2 {might} this turn.",League Splash Team,portrait,ven-038a-166.png,True,False,False,True
ven-039-166,Crumbling Sands,VEN-039,VEN-039/166,VEN,Vendetta,39,Rare,Spell,1,,1,Calm,,"[Reaction] (Play any time, even before spells and abilities resolve.)
Counter a spell if an opponent has played another spell this turn.",Kudos Productions,portrait,ven-039-166.png,False,False,False,False
ven-040-166,Decree of Focus,VEN-040,VEN-040/166,VEN,Vendetta,40,Rare,Spell,1,,,Calm,,"[Reaction] (Play any time, even before spells and abilities resolve.)
Choose a friendly unit that's in combat with an enemy Fury ({power:fury}) unit or that's being chosen by an enemy Fury spell. Give it +4 {might} this turn.",Envar Studio,portrait,ven-040-166.png,False,False,False,False
ven-041-166,Riven,VEN-041,VEN-041/166,VEN,Vendetta,41,Rare,Unit,3,3,1,Calm,Noxus|Riven,"[Weaponmaster] (When you play me, you may [Equip] one of your Equipment to me for {power:any} less, even if it's already attached.)
When I attack, choose an enemy unit here. Deal 2 to it for each Equipment attached to me.",Envar Studio,portrait,ven-041-166.png,False,False,False,False
ven-042-166,Shen,VEN-042,VEN-042/166,VEN,Vendetta,42,Rare,Unit,5,6,1,Calm,Shen|Ionia,"When I hold, if there is exactly one other unit you control here, draw 1.",Six More Vodka,portrait,ven-042-166.png,False,False,False,False
ven-042a-166,Shen,VEN-042a,VEN-042a/166,VEN,Vendetta,42,Rare,Unit,5,6,1,Calm,Shen,"When I hold, if there is exactly one other unit you control here, draw 1.",League Splash Team,portrait,ven-042a-166.png,True,False,False,True
ven-043-166,Steel Paws,VEN-043,VEN-043/166,VEN,Vendetta,43,Rare,Unit,1,0,,Calm,Cat|Piltover,"[Deflect] (Opponents must pay {power:any} to choose me with a spell or ability.)
[Empower] {energy:7} ({energy:7}: Empower me. Use only if not Empowered.)
[Empowered][>] I have +7 {might}.",Six More Vodka,portrait,ven-043-166.png,False,False,False,False
ven-044-166,Astral Heron,VEN-044,VEN-044/166,VEN,Vendetta,44,Epic,Unit,7,7,,Calm,Bird|Mount Targon,"When you play your first card each turn, if I'm at a battlefield, your next card costs {energy:2}{power:any}{power:any} less.",Kudos Productions,portrait,ven-044-166.png,False,False,False,False
ven-045-166,Helm of Suppression,VEN-045,VEN-045/166,VEN,Vendetta,45,Epic,Gear,4,,1,Calm,,"[Empower] {energy:4}{power:calm} ({energy:4}{power:calm}: Empower this. Use only if not Empowered.)
Opponents' spells cost {energy:1} more. If this is [Empowered], they cost {energy:1}{power:any} more instead.",Kudos Productions,portrait,ven-045-166.png,False,False,False,False
ven-046-166,Nasus,VEN-046,VEN-046/166,VEN,Vendetta,46,Epic,Unit,8,8,1,Calm,Dog|Shurima|Nasus,"[Deflect 2] (Opponents must pay {power:any}{power:any} to choose me with a spell or ability.)
[Empower] {energy:8} ({energy:8}: Empower me. Use only if not Empowered.)
[Empowered][>] When I conquer, you score 1 point.",Six More Vodka,portrait,ven-046-166.png,False,False,False,False
ven-046a-166,Nasus,VEN-046a,VEN-046a/166,VEN,Vendetta,46,Epic,Unit,8,8,1,Calm,Dog|Nasus,"[Deflect 2]
[Empower] {energy:8}
[Empowered][>] When I conquer, you score 1 point.",League Splash Team,portrait,ven-046a-166.png,True,False,False,True
ven-047-166,Apprentice Mage,VEN-047,VEN-047/166,VEN,Vendetta,47,Common,Unit,3,3,,Mind,Bilgewater,"[Empower] {energy:2} ({energy:2}: Empower me. Use only if not Empowered.)
When I become [Empowered], [Predict 2]. (Look at the top 2 cards of your Main Deck. Recycle any of them and put the rest back in any order.)
[Empowered][>] I have +1 {might}.",Envar Studio,portrait,ven-047-166.png,False,False,False,False
ven-048-166,Cloud Drake,VEN-048,VEN-048/166,VEN,Vendetta,48,Common,Unit,6,5,,Mind,Dragon|Demacia,"When you play me, draw 1.",Wild Blue Studios,portrait,ven-048-166.png,False,False,False,False
ven-049-166,Dredge Up,VEN-049,VEN-049/166,VEN,Vendetta,49,Common,Spell,2,,,Mind,,"Draw 1.
[Flow] {energy:2} (You may play this from your trash for its Flow cost. Then banish it.)",Kudos Productions,portrait,ven-049-166.png,False,False,False,False
ven-050-166,Grumpy Rockbear,VEN-050,VEN-050/166,VEN,Vendetta,50,Common,Unit,4,4,,Mind,Shurima,"[Empower] {energy:12}. This ability costs {energy:1} less for each rune you control. (Pay the cost: Empower me. Use only if not Empowered.)
[Empowered][>] I have [Deflect] and [Shield 3]. (Opponents must pay {power:any} to choose me with a spell or ability.+3 {might} while I'm a defender.)",Dao Trong Le,portrait,ven-050-166.png,False,False,False,False
ven-051-166,Iterative Design,VEN-051,VEN-051/166,VEN,Vendetta,51,Common,Spell,4,,,Mind,,"Play a 3 {might} Mech unit token.
[Flow] {energy:2}{power:mind} (You may play this from your trash for its Flow cost. Then banish it.)",Kudos Productions,portrait,ven-051-166.png,False,False,False,False
ven-052-166,Mesmerize,VEN-052,VEN-052/166,VEN,Vendetta,52,Common,Spell,1,,1,Mind,,"[Reaction] (Play any time, even before spells and abilities resolve.)
Choose one —Return a friendly unit to its owner's hand.Give an enemy unit -2 {might} this turn.",小牛设计,portrait,ven-052-166.png,False,False,False,False
ven-053-166,Otterpus,VEN-053,VEN-053/166,VEN,Vendetta,53,Uncommon,Unit,2,2,,Mind,Bandle City,"If a player would score 1 point from conquering or holding during their first or second turn, they draw 1 instead.",Kudos Productions,portrait,ven-053-166.png,False,False,False,False
ven-054-166,Questionable Tome,VEN-054,VEN-054/166,VEN,Vendetta,54,Common,Gear,3,,,Mind,,"[Empower] —  {exhaust} (Pay the cost: Empower me. Use only if not Empowered.)
Disempower this, {energy:1}, {exhaust}: Draw 1.",Kudos Productions,portrait,ven-054-166.png,False,False,False,False
ven-055-166,Applied Researchers,VEN-055,VEN-055/166,VEN,Vendetta,55,Uncommon,Unit,4,4,,Mind,Shurima,"[Empower] {energy:3} ({energy:3}: Empower me. Use only if not Empowered.)
[Empowered][>] Your spells cost {energy:1}{power:any} less, to a minimum of {energy:1}.",Polar Engine Studio,portrait,ven-055-166.png,False,False,False,False
ven-056-166,Clairvoyance,VEN-056,VEN-056/166,VEN,Vendetta,56,Uncommon,Spell,7,,,Mind,,"[Reaction] (Play any time, even before spells and abilities resolve.)
[Predict 5]. (Look at the top 5 cards of your Main Deck. Recycle any of them and put the rest back in any order.)
Draw 2.",Max Grecke,portrait,ven-056-166.png,False,False,False,False
ven-057-166,Covert Informant,VEN-057,VEN-057/166,VEN,Vendetta,57,Uncommon,Unit,3,4,1,Mind,Noxus,"[Empower] {energy:3} ({energy:3}: Empower me. Use only if not Empowered.)
[Empowered][>] When I move, draw 1.",Grafit Studio,portrait,ven-057-166.png,False,False,False,False
ven-058-166,Patched Porobot,VEN-058,VEN-058/166,VEN,Vendetta,58,Common,Unit,2,2,,Mind,Mech|Poro|Piltover,"(I enter exhausted.)
When you play me, if you control 3 or more other gear, draw 1.",Six More Vodka,portrait,ven-058-166.png,False,False,False,False
ven-059-166,Shock Blast,VEN-059,VEN-059/166,VEN,Vendetta,59,Uncommon,Spell,3,,1,Mind,,"[Action] (Play on your turn or in showdowns.)
This costs {energy:2} less if you control something that's [Empowered].
Deal 4 to a unit at a battlefield.",Kudos Productions,portrait,ven-059-166.png,False,False,False,False
ven-060-166,Sky Crusier,VEN-060,VEN-060/166,VEN,Vendetta,60,Uncommon,Unit,4,3,1,Mind,Piltover,"Discard a gear, {energy:1}, {exhaust}: Deal 4 to a unit at a battlefield.",Kudos Productions,portrait,ven-060-166.png,False,False,False,False
ven-061-166,Decree of Insight,VEN-061,VEN-061/166,VEN,Vendetta,61,Rare,Spell,1,,,Mind,,"[Reaction] (Play any time, even before spells and abilities resolve.)
Ignore [Deflect] while paying this spell's cost.
Give an enemy Body ({power:body}) unit -5 {might} this turn.",Envar Studio,portrait,ven-061-166.png,False,False,False,False
ven-062-166,Hextech Formula,VEN-062,VEN-062/166,VEN,Vendetta,62,Rare,Gear,2,,,Mind,,"This enters exhausted.
{exhaust}: Empower another gear. (It becomes Empowered if it's not already.)",Kudos Productions,portrait,ven-062-166.png,False,False,False,False
ven-063-166,Nasus,VEN-063,VEN-063/166,VEN,Vendetta,63,Rare,Unit,5,6,1,Mind,Dog|Shurima|Nasus,"Once each turn, when an enemy unit here dies, channel 1 rune exhausted.",Six More Vodka,portrait,ven-063-166.png,False,False,False,False
ven-063a-166,Nasus,VEN-063a,VEN-063a/166,VEN,Vendetta,63,Rare,Unit,5,6,1,Mind,Dog|Nasus,"Once each turn, when an enemy unit here dies, channel 1 rune exhausted.",League Splash Team,portrait,ven-063a-166.png,True,False,False,True
ven-064-166,Plaza Guardian,VEN-064,VEN-064/166,VEN,Vendetta,64,Rare,Unit,10,8,,Mind,Mech|Piltover,"I cost {energy:1} less for each gear you control.
[Deflect] (Opponents must pay {power:any} to choose me with a spell or ability.)",Six More Vodka,portrait,ven-064-166.png,False,False,False,False
ven-065-166,Swain,VEN-065,VEN-065/166,VEN,Vendetta,65,Rare,Unit,6,6,1,Mind,Noxus|Swain|Demon,"[Vision] (When you play me, look at the top card of your Main Deck. You may recycle it.)
When I conquer, if you've played a non-token unit, a non-token gear, and a spell this turn, you score 1 point.",Six More Vodka,portrait,ven-065-166.png,False,False,False,False
ven-066-166,Temporal Breach,VEN-066,VEN-066/166,VEN,Vendetta,66,Rare,Spell,2,,1,Mind,,"[Hidden] (Hide now for {power:any} to react with later for {energy:0}.)
Banish a unit, then its owner plays it to the same location, ignoring its cost.",Kudos Productions,portrait,ven-066-166.png,False,False,False,False
ven-067-166,Bottled Constellation,VEN-067,VEN-067/166,VEN,Vendetta,67,Epic,Gear,10,,2,Mind,,"At the start of your Main Phase, you may kill 3 other friendly units and/or gear to score 1 point.",Kudos Productions,portrait,ven-067-166.png,False,False,False,False
ven-068-166,Jayce,VEN-068,VEN-068/166,VEN,Vendetta,68,Epic,Unit,6,6,1,Mind,Jayce|Piltover,"When you play me or the first time you play a non-token gear each turn, you may ready something besides me that's exhausted.",Pandart Studio,portrait,ven-068-166.png,False,False,False,False
ven-068a-166,Jayce,VEN-068a,VEN-068a/166,VEN,Vendetta,68,Epic,Unit,6,6,1,Mind,Jayce,"When you play me or the first time you play a non-token gear each turn, you may ready something besides me that's exhausted.",League Splash Team,portrait,ven-068a-166.png,True,False,False,True
ven-069-166,Mel,VEN-069,VEN-069/166,VEN,Vendetta,69,Epic,Unit,4,4,1,Mind,Noxus|Mel,"When you play me, draw 1.
[Empower] {energy:3} ({energy:3}: Empower me. Use only if not Empowered.)
[Empowered][>] Your spells and abilities can't be countered. If a spell or ability you control would give -{might} to a unit it chooses, it gives an additional -1 {might}.",Pandart Studio,portrait,ven-069-166.png,False,False,False,False
ven-069a-166,Mel,VEN-069a,VEN-069a/166,VEN,Vendetta,69,Epic,Unit,4,4,1,Mind,Mel,"When you play me, draw 1.
[Empower] {energy:3}
[Empowered][>] Your spells and abilities can't be countered. If a spell or ability you control would give -{might} to a unit it chooses, it gives an additional -1 {might}.",Envar Studio,portrait,ven-069a-166.png,True,False,False,True
ven-070-166,Brutal Hunter,VEN-070,VEN-070/166,VEN,Vendetta,70,Common,Unit,3,4,1,Body,Noxus,"[Empower] {energy:3} ({energy:3}: Empower me. Use only if not Empowered.)
[Empowered][>] I have +2 {might} and [Ganking]. (I can move from battlefield to battlefield.)",Six More Vodka,portrait,ven-070-166.png,False,False,False,False
ven-071-166,Fretful Feline,VEN-071,VEN-071/166,VEN,Vendetta,71,Common,Unit,6,5,,Body,Cat|Piltover,"When I become ready, give me +2 {might} this turn.",Six More Vodka,portrait,ven-071-166.png,False,False,False,False
ven-072-166,Guttural Roar,VEN-072,VEN-072/166,VEN,Vendetta,72,Common,Spell,2,,,Body,,"[Action] (Play on your turn or in showdowns.)
Give a unit +2 {might} this turn. If it's [Empowered], give it +4 {might} this turn instead.",Kudos Productions,portrait,ven-072-166.png,False,False,False,False
ven-073-166,Jagged Cutlass,VEN-073,VEN-073/166,VEN,Vendetta,73,Common,Gear,3,2,,Body,Equipment,Equip {power:body} ({power:body}: Attach this to a unit you control.),Kudos Productions,portrait,ven-073-166.png,False,False,False,False
ven-074-166,Legion Marauder,VEN-074,VEN-074/166,VEN,Vendetta,74,Common,Unit,2,2,,Body,Trifarian|Noxus,"[Empower] — {energy:1} or {power:body} (Pay either cost: Empower me. Use only if not Empowered.)
[Empowered][>] I have +1 {might}.",Six More Vodka,portrait,ven-074-166.png,False,False,False,False
ven-075-166,Platewyrm Egg,VEN-075,VEN-075/166,VEN,Vendetta,75,Common,Gear,3,,,Body,,"This enters exhausted.
[Empower] — {energy:1}, {exhaust} (Pay the cost: Empower this. Use only if not Empowered.)
[Reaction][>] {exhaust}: [Add] {energy:1}. If this is [Empowered], [Add] {energy:2} instead.",Kudos Productions,portrait,ven-075-166.png,False,False,False,False
ven-076-166,Repair Specialist,VEN-076,VEN-076/166,VEN,Vendetta,76,Common,Unit,3,3,,Body,Zaun,I have [Assault] equal to the number of gear you control. (+1 {might} while I'm an attacker for each instance of Assault.),Dao Trong Le,portrait,ven-076-166.png,False,False,False,False
ven-077-166,Tools of Empire,VEN-077,VEN-077/166,VEN,Vendetta,77,Common,Gear,4,,,Body,,"[Empower] {energy:2} ({energy:2}: Empower this. Use only if not Empowered.)
{exhaust}: Give a unit +2 {might} this turn. If this is [Empowered], give that unit +4 {might} this turn instead.",Wild Blue Studios,portrait,ven-077-166.png,False,False,False,False
ven-078-166,Baccai Witherclaw,VEN-078,VEN-078/166,VEN,Vendetta,78,Uncommon,Unit,4,4,,Body,Shurima,"[Empower] {energy:1}{power:any}{power:any} ({energy:1}{power:any}{power:any}: Empower me. Use only if not Empowered.)
[Empowered][>] I have +2 {might}.
[Empowered][>][>>][Deathknell][>] Channel 2 runes exhausted. (When I die while Empowered, get the effect.)",Will Gist,portrait,ven-078-166.png,False,False,False,False
ven-079-166,Dame the Despoiler,VEN-079,VEN-079/166,VEN,Vendetta,79,Uncommon,Unit,5,5,,Body,Noxus,"[Empower] {energy:5}{power:body} ({energy:5}{power:body}: Empower me. Use only if not Empowered.)
[Empowered][>] When I attack or defend, choose a unit here. Increase my Might to its Might this turn, then give me +1 {might} this turn.",Kudos Productions,portrait,ven-079-166.png,False,False,False,False
ven-080-166,Noxian Demolitionist,VEN-080,VEN-080/166,VEN,Vendetta,80,Uncommon,Unit,2,1,,Body,Noxus,"When I conquer, you may kill a gear with Energy cost no more than my Might.",Dao Trong Le,portrait,ven-080-166.png,False,False,False,False
ven-081-166,Onslaught,VEN-081,VEN-081/166,VEN,Vendetta,81,Uncommon,Spell,4,,,Body,,"Give a unit +6 {might} this turn.
[Flow] {energy:4} (You may play this from your trash for its Flow cost. Then banish it.)",Kudos Productions,portrait,ven-081-166.png,False,False,False,False
ven-082-166,Profiteer,VEN-082,VEN-082/166,VEN,Vendetta,82,Uncommon,Unit,4,4,,Body,Shurima,"When you play me, you may disempower something you control to empower a legend, unit, or gear.",Grafit Studio,portrait,ven-082-166.png,False,False,False,False
ven-083-166,Rampage,VEN-083,VEN-083/166,VEN,Vendetta,83,Uncommon,Spell,3,,,Body,,"As you play this, you may pay {power:body} as an additional cost.
Choose a friendly unit and an enemy unit. If you paid the additional cost, give the friendly unit +2 {might} this turn. They deal damage equal to their Mights to each other.",Kudos Productions,portrait,ven-083-166.png,False,False,False,False
ven-084-166,Ambessa,VEN-084,VEN-084/166,VEN,Vendetta,84,Rare,Unit,4,4,,Body,Noxus|Ambessa,"[Empower] {energy:3}{power:body} ({energy:3}{power:body}: Empower me. Use only if not Empowered.)
[Empowered][>] I have +3 {might} and can't be dealt damage unless I'm in combat.",Pandart Studio,portrait,ven-084-166.png,False,False,False,False
ven-084a-166,Ambessa,VEN-084a,VEN-084a/166,VEN,Vendetta,84,Rare,Unit,4,4,,Body,Ambessa,"[Empower] {energy:3}{power:body}
[Empowered][>] I have +3 {might} and can't be dealt damage unless I'm in combat.",League Splash Team,portrait,ven-084a-166.png,True,False,False,True
ven-085-166,Decree of Strength,VEN-085,VEN-085/166,VEN,Vendetta,85,Rare,Spell,1,,,Body,,Choose an opponent. They reveal their hand and you choose a Mind ({power:mind}) card from it. They recycle that card.,Envar Studio,portrait,ven-085-166.png,False,False,False,False
ven-086-166,Gangplank,VEN-086,VEN-086/166,VEN,Vendetta,86,Rare,Unit,6,6,,Body,Bilgewater|Gangplank,"[Empower] {power:body}{power:body} ({power:body}{power:body}: Empower me. Use only if not Empowered.)
[Empowered][>] If a spell or ability that chooses me would stun me, give me -{might}, or return me to hand, give me +3 {might} instead.",Six More Vodka,portrait,ven-086-166.png,False,False,False,False
ven-087-166,Hextech Disc,VEN-087,VEN-087/166,VEN,Vendetta,87,Rare,Gear,4,,1,Body,,"[Empower] — {exhaust} (Pay the cost: Empower this. Use only if not Empowered.)
Disempower this, {energy:1}, {exhaust}: Play a 3 {might} Mech unit token to your base.",Polar Engine Studio,portrait,ven-087-166.png,False,False,False,False
ven-088-166,Jayce,VEN-088,VEN-088/166,VEN,Vendetta,88,Rare,Unit,4,5,1,Body,Jayce|Piltover,"When I become ready, choose one to give me this turn —[Assault 2] (+2 {might} while I'm an attacker.)[Deflect 2] (Opponents must pay {power:any}{power:any} to choose me with a spell or ability.)[Ganking] (I can move from battlefield to battlefield.)",League of Legends,portrait,ven-088-166.png,False,False,False,False
ven-088a-166,Jayce,VEN-088a,VEN-088a/166,VEN,Vendetta,88,Rare,Unit,4,5,1,Body,Jayce,"When I become ready, choose one to give me this turn —[Assault 2][Deflect 2][Ganking]",League Splash Team,portrait,ven-088a-166.png,True,False,False,True
ven-089-166,Wild Claw,VEN-089,VEN-089/166,VEN,Vendetta,89,Rare,Spell,7,,1,Body,,"Look at the top 5 cards of your Main Deck. You may banish a unit or gear from among them and play it, reducing its Energy cost by {energy:5}. Recycle the rest. Then you may do this: Empower it. (It becomes Empowered if it's not already.)",Kudos Productions,portrait,ven-089-166.png,False,False,False,False
ven-090-166,Cataclysmic Duel,VEN-090,VEN-090/166,VEN,Vendetta,90,Epic,Spell,8,,3,Body,,Each player chooses a unit they control. Kill the rest.,Kudos Productions,portrait,ven-090-166.png,False,False,False,False
ven-091-166,Corrupted Dragon,VEN-091,VEN-091/166,VEN,Vendetta,91,Epic,Unit,10,10,2,Body,Dragon|Shadow Isles,"If your score is not within 3 points of the Victory Score, I enter ready.
When I attack, you may move any number of enemy units here each with 5 {might} or less to their base.",Envar Studio,portrait,ven-091-166.png,False,False,False,False
ven-092-166,Renekton,VEN-092,VEN-092/166,VEN,Vendetta,92,Epic,Unit,5,4,,Body,Shurima|Renekton,"{energy:1}: Give me +1 {might} this turn.
When my Might becomes 10 or more, empower me. (I become Empowered if I'm not already.)
[Empowered][>] I have [Deflect] and [Ganking]. (Opponents must pay {power:any} to choose me with a spell or ability. I can move from battlefield to battlefield.)",Six More Vodka,portrait,ven-092-166.png,False,False,False,False
ven-092a-166,Renekton,VEN-092a,VEN-092a/166,VEN,Vendetta,92,Epic,Unit,5,4,,Body,Renekton,"{energy:1}: Give me +1 {might} this turn.
When my Might becomes 10 or more, empower me.
[Empowered][>] I have [Deflect] and [Ganking].",League Splash Team,portrait,ven-092a-166.png,True,False,False,True
ven-093-166,Kinkou Lifeblade,VEN-093,VEN-093/166,VEN,Vendetta,93,Common,Unit,4,4,,Chaos,Ionia,"[Empower] {energy:2} ({energy:2}: Empower me. Use only if not Empowered.)
[Empowered][>] I have +1 {might} and [Ganking]. (I can move from battlefield to battlefield.)",Six More Vodka,portrait,ven-093-166.png,False,False,False,False
ven-094-166,Mask Mother,VEN-094,VEN-094/166,VEN,Vendetta,94,Uncommon,Unit,3,3,,Chaos,Spirit|Shadow Isles,"When you discard me, you may pay {energy:1} to give a friendly unit +2 {might} this turn.",Wild Blue Studios,portrait,ven-094-166.png,False,False,False,False
ven-095-166,Shadow Order Disciple,VEN-095,VEN-095/166,VEN,Vendetta,95,Common,Unit,2,2,,Chaos,Ionia,"When I move, you may [Burn 1] to give me +1 {might} this turn. (To Burn 1, put the top card of your Main Deck into your trash.)",Kudos Productions,portrait,ven-095-166.png,False,False,False,False
ven-096-166,Shadowblade Lurker,VEN-096,VEN-096/166,VEN,Vendetta,96,Common,Unit,5,5,,Chaos,Ionia,I cost {energy:2} less for each card with my name in your trash.,Six More Vodka,portrait,ven-096-166.png,False,False,False,False
ven-097-166,Spiderling,VEN-097,VEN-097/166,VEN,Vendetta,97,Common,Unit,3,1,,Chaos,Shadow Isles|Spider,"[Hidden] (Hide now for {power:any} to react with later for {energy:0}.)
I have +1 {might} for each other unit you control here with my name.
Your deck can have any number of cards named Spiderling.",Six More Vodka,portrait,ven-097-166.png,False,False,False,False
ven-098-166,Stargazer,VEN-098,VEN-098/166,VEN,Vendetta,98,Common,Unit,5,4,,Chaos,Mount Targon,"Spells with [Flow] you play from your trash cost {energy:2} less, to a minimum of {energy:1}.",Six More Vodka,portrait,ven-098-166.png,False,False,False,False
ven-099-166,Tornado Warrior,VEN-099,VEN-099/166,VEN,Vendetta,99,Common,Unit,3,3,,Chaos,Yordle|Bandle City,"[Hidden] (Hide now for {power:any} to react with later for {energy:0}.)
When you play me from face down, you may empower something here. Disempower it at end of turn.",Kudos Productions,portrait,ven-099-166.png,False,False,False,False
ven-100-166,Up from the Deep,VEN-100,VEN-100/166,VEN,Vendetta,100,Common,Spell,3,,,Chaos,,"Play two 1 {might} Tentacle unit tokens from Bilgewater.
[Flow] {energy:3} (You may play this from your trash for its Flow cost. Then banish it.)",Kudos Productions,portrait,ven-100-166.png,False,False,False,False
ven-101-166,Gust Monk,VEN-101,VEN-101/166,VEN,Vendetta,101,Uncommon,Unit,2,2,,Chaos,Yordle|Bandle City,"You may pay {energy:1} as an additional cost to play me.
When you play me, if you paid the additional cost, banish a card from any trash to give a unit [Assault 2] this turn. (+2 {might} while it's an attacker.)",Kudos Productions,portrait,ven-101-166.png,False,False,False,False
ven-102-166,Ravenbloom Prefect,VEN-102,VEN-102/166,VEN,Vendetta,102,Common,Unit,3,3,,Chaos,Noxus,"When an opponent plays a gear, you may banish me to banish it.",Polar Engine Studio,portrait,ven-102-166.png,False,False,False,False
ven-103-166,Shadows of the Past,VEN-103,VEN-103/166,VEN,Vendetta,103,Uncommon,Spell,3,,1,Chaos,,Return up to 2 units from trashes to their owners' hands.,Kudos Productions,portrait,ven-103-166.png,False,False,False,False
ven-104-166,Tail-Cloaked Matriarch,VEN-104,VEN-104/166,VEN,Vendetta,104,Uncommon,Unit,4,4,,Chaos,Ionia,"[Empower] {energy:2}{power:chaos} ({energy:2}{power:chaos}: Empower me. Use only if not Empowered.)
When I become [Empowered], you may choose a unit in your trash with Energy cost no more than {energy:3} and Power cost no more than {power:any}. Play it to your base, ignoring its cost.",Six More Vodka,portrait,ven-104-166.png,False,False,False,False
ven-105-166,Twilight Step,VEN-105,VEN-105/166,VEN,Vendetta,105,Uncommon,Spell,2,,1,Chaos,,"Move a unit with 3 {might} or less.
[Flow] {energy:4}{power:chaos} (You may play this from your trash for its Flow cost. Then banish it.)",Kudos Productions,portrait,ven-105-166.png,False,False,False,False
ven-106-166,Wind and Ghosts,VEN-106,VEN-106/166,VEN,Vendetta,106,Uncommon,Spell,3,,1,Chaos,,"[Action] (Play on your turn or in showdowns.)
Choose a unit at a battlefield. If it has 3 {might} or less, banish it. Otherwise, return it to its owner's hand.",Kudos Productions,portrait,ven-106-166.png,False,False,False,False
ven-107-166,Decree of Discord,VEN-107,VEN-107/166,VEN,Vendetta,107,Rare,Spell,1,,1,Chaos,,Return any number of enemy Order ({power:order}) units with total Might 5 or less to their owners' hands.,Envar Studio,portrait,ven-107-166.png,False,False,False,False
ven-108-166,Forgotten Relic,VEN-108,VEN-108/166,VEN,Vendetta,108,Rare,Gear,5,,,Chaos,,"When you play this or at the start of your Beginning Phase, [Burn 1]. When you burn a unit this way, do this: Give a friendly unit +{might} equal to the burned card's Might this turn. (To Burn 1, put the top card of your Main Deck into your trash.)",Wild Blue Studios,portrait,ven-108-166.png,False,False,False,False
ven-109-166,Illaoi,VEN-109,VEN-109/166,VEN,Vendetta,109,Rare,Unit,6,4,,Chaos,Bilgewater|Illaoi,"When you play me or when I score, play a {energy:1} {might} Tentacle unit token from Bilgewater.
I have +1 {might} for each token unit you control.",Michal Ivan,portrait,ven-109-166.png,False,False,False,False
ven-110-166,Mel,VEN-110,VEN-110/166,VEN,Vendetta,110,Rare,Unit,5,4,,Chaos,Noxus|Mel,"[Empower] — Discard a spell (Pay the cost: Empower me. Use only if not Empowered.)
When I become [Empowered], banish an enemy unit at a battlefield with 3 {might} or less.",Pandart Studio,portrait,ven-110-166.png,False,False,False,False
ven-110a-166,Mel,VEN-110a,VEN-110a/166,VEN,Vendetta,110,Rare,Unit,5,4,,Chaos,Mel,"[Empower] — Discard a spell
When I become [Empowered], banish an enemy unit at a battlefield with 3 {might} or less.",League Splash Team,portrait,ven-110a-166.png,True,False,False,True
ven-111-166,Minah Swiftfoot,VEN-111,VEN-111/166,VEN,Vendetta,111,Rare,Unit,6,6,1,Chaos,Ionia,"When I move to a battlefield, choose one —Each player discards 1.Each player draws 1.",Six More Vodka,portrait,ven-111-166.png,False,False,False,False
ven-112-166,Zed,VEN-112,VEN-112/166,VEN,Vendetta,112,Rare,Unit,5,5,,Chaos,Ionia|Zed,"When I conquer, play a 0 {might} Shadow Clone unit token to your base. (It has ""When I attack, you may banish a unit from your trash. If you do, give me [Assault 4] this turn."")
[Action][>] {energy:1}{power:chaos}: Move me and a Shadow Clone you control to each other's locations.",Six More Vodka,portrait,ven-112-166.png,False,False,False,False
ven-112a-166,Zed,VEN-112a,VEN-112a/166,VEN,Vendetta,112,Rare,Unit,5,5,,Chaos,Zed,"When I conquer, play a 0 {might} Shadow Clone unit token to your base.
[Action][>] {energy:1}{power:chaos}: Move me and a Shadow Clone you control to each other's locations.",League Splash Team,portrait,ven-112a-166.png,True,False,False,True
ven-113-166,Kennen,VEN-113,VEN-113/166,VEN,Vendetta,113,Epic,Unit,3,4,1,Chaos,Yordle|Kennen,"When you play me, [Burn 2]. (Put the top 2 cards of your Main Deck into your trash.)
When I conquer, give a spell in your trash [Flow] equal to its cost this turn. (You may play it from your trash for its Flow cost. Then banish it.)",Six More Vodka,portrait,ven-113-166.png,False,False,False,False
ven-113a-166,Kennen,VEN-113a,VEN-113a/166,VEN,Vendetta,113,Epic,Unit,3,4,1,Chaos,Yordle|Ionia|Kennen,"When you play me, [Burn 2].
When I conquer, give a spell in your trash [Flow] equal to its cost this turn.",Wild Rift Splash Team,portrait,ven-113a-166.png,True,False,False,True
ven-114-166,Kharox,VEN-114,VEN-114/166,VEN,Vendetta,114,Epic,Unit,6,5,,Chaos,Spirit|Shadow Isles,"[Empower] {energy:6}{power:chaos}{power:chaos} ({energy:6}{power:chaos}{power:chaos}: Empower me. Use only if not Empowered.)
When I become [Empowered], choose an opponent. They [Burn 3]. Then you may do this: Choose a unit in their trash and play it, ignoring its cost. (To Burn 3, they put the top 3 cards of their Main Deck into their trash.)",Six More Vodka,portrait,ven-114-166.png,False,False,False,False
ven-115-166,Ocean Drake,VEN-115,VEN-115/166,VEN,Vendetta,115,Epic,Unit,8,7,2,Chaos,Dragon|Ionia,"You may play me to an open battlefield.
When you play me, you may return a non-Dragon unit to its owner's hand.",Caravan Studio,portrait,ven-115-166.png,False,False,False,False
ven-116-166,Dragon Form,VEN-116,VEN-116/166,VEN,Vendetta,116,Uncommon,Spell,3,,,Order,,"Choose a unit. Its base Might becomes 5 this turn.
[Flow] {energy:3} (You may play this from your trash for its Flow cost. Then banish it.)",Kudos Productions,portrait,ven-116-166.png,False,False,False,False
ven-117-166,Disciple of Shen,VEN-117,VEN-117/166,VEN,Vendetta,117,Common,Unit,2,1,,Order,Ionia,"[Hidden] (Hide now for {power:any} to react with later for {energy:0}.)
I have [Shield 3] while I'm at a battlefield with exactly one other unit you control. (+3 {might} while I'm a defender.)",Six More Vodka,portrait,ven-117-166.png,False,False,False,False
ven-118-166,Horns of the Dragon,VEN-118,VEN-118/166,VEN,Vendetta,118,Common,Unit,6,6,,Order,Ionia,[Tank] (I must be assigned combat damage first.),JiHun Lee,portrait,ven-118-166.png,False,False,False,False
ven-119-166,Keeper of Law,VEN-119,VEN-119/166,VEN,Vendetta,119,Common,Unit,5,5,1,Order,Shurima,I cost {energy:2}{power:order} less if you control a battlefield with exactly two units there.,Envar Studio,portrait,ven-119-166.png,False,False,False,False
ven-120-166,"Masa, Crashing Thunder",VEN-120,VEN-120/166,VEN,Vendetta,120,Common,Unit,4,4,,Order,Yordle|Bandle City,"You may pay {power:order} as an additional cost to play me.
When you play me, if you paid the additional cost, [Stun] an enemy unit at a battlefield. (It doesn't deal combat damage this turn.)",Kudos Productions,portrait,ven-120-166.png,False,False,False,False
ven-121-166,Reluctant Leader,VEN-121,VEN-121/166,VEN,Vendetta,121,Common,Unit,4,3,1,Order,Ionia,"When you play another unit, give me +2 {might} this turn.",Six More Vodka,portrait,ven-121-166.png,False,False,False,False
ven-122-166,Solari Sunhawk,VEN-122,VEN-122/166,VEN,Vendetta,122,Common,Unit,3,3,,Order,Bird|Mount Targon,"[Empower] {energy:2} ({energy:2}: Empower me. Use only if not Empowered.)
[Empowered][>] I have +1 {might} and [Deflect 2]. (Opponents must pay {power:any}{power:any} to choose me with a spell or ability.)",Kudos Productions,portrait,ven-122-166.png,False,False,False,False
ven-123-166,Soulspinner,VEN-123,VEN-123/166,VEN,Vendetta,123,Common,Unit,3,3,,Order,Shadow Isles|Spider,[Ambush] (You may play me as a [Reaction] to a battlefield where you have units.),Wild Blue Studios,portrait,ven-123-166.png,False,False,False,False
ven-124-166,Escaped Grayback,VEN-124,VEN-124/166,VEN,Vendetta,124,Uncommon,Unit,3,3,,Order,Noxus,"[Empower] — Kill a friendly unit (Pay the cost: Empower me. Use only if not Empowered.)
[Empowered][>] I have +2 {might}.",Michal Ivan,portrait,ven-124-166.png,False,False,False,False
ven-125-166,Hungry Wolf,VEN-125,VEN-125/166,VEN,Vendetta,125,Uncommon,Unit,4,4,,Order,Dog|Freljord,{power:order}: Ready me and give me +1 {might} this turn. Use only if you've chosen an enemy unit this turn and only once each turn.,Six More Vodka,portrait,ven-125-166.png,False,False,False,False
ven-126-166,Ki Barrier,VEN-126,VEN-126/166,VEN,Vendetta,126,Uncommon,Spell,2,,1,Order,,"[Reaction] (Play any time, even before spells and abilities resolve.)
Choose a unit. Prevent the next 7 damage that would be dealt to it this turn. (Opponents can assign it extra combat damage to kill it.)",Kudos Productions,portrait,ven-126-166.png,False,False,False,False
ven-127-166,Lacerate,VEN-127,VEN-127/166,VEN,Vendetta,127,Common,Spell,2,,1,Order,,"Choose a unit. If it's [Empowered], disempower it. Then kill it if it has 3 {might} or less.
[Flow] {energy:4}{power:order}{power:order} (You may play this from your trash for its Flow cost. Then banish it.)",Polar Engine Studio,portrait,ven-127-166.png,False,False,False,False
ven-128-166,Noxian Emissary,VEN-128,VEN-128/166,VEN,Vendetta,128,Uncommon,Unit,2,2,,Order,Noxus,"[Empower] {energy:1}{power:order} ({energy:1}{power:order}: Empower me. Use only if not Empowered.)
[Empowered][>][>>][Deathknell][>] Play two 1 {might} Recruit unit tokens to your base. (When I die while Empowered, get the effect.)",Six More Vodka,portrait,ven-128-166.png,False,False,False,False
ven-129-166,Sacred Protector,VEN-129,VEN-129/166,VEN,Vendetta,129,Uncommon,Unit,4,6,1,Order,Fae|Ionia,I don't deal combat damage unless I'm at a battlefield with exactly one other unit you control.,Kudos Productions,portrait,ven-129-166.png,False,False,False,False
ven-130-166,Aurok General,VEN-130,VEN-130/166,VEN,Vendetta,130,Rare,Unit,5,5,,Order,Trifarian|Noxus,"[Empower] {energy:3}{power:order} ({energy:3}{power:order}: Empower me. Use only if not Empowered.)
[Empowered][>] Your units that are [Empowered] have +2 {might} (including me).",Slawomir Maniak,portrait,ven-130-166.png,False,False,False,False
ven-131-166,Decree of Unity,VEN-131,VEN-131/166,VEN,Vendetta,131,Rare,Spell,2,,1,Order,,Kill an enemy Chaos ({power:chaos}) unit or gear.,Envar Studio,portrait,ven-131-166.png,False,False,False,False
ven-132-166,Fallen Feline,VEN-132,VEN-132/166,VEN,Vendetta,132,Rare,Unit,2,3,1,Order,Cat|Piltover,"When you play me, name a spell.
While I'm at a battlefield, opponents can't play spells with that name.",Dao Trong Le,portrait,ven-132-166.png,False,False,False,False
ven-133-166,Glowstone,VEN-133,VEN-133/166,VEN,Vendetta,133,Rare,Gear,2,,,Order,,"[Empower] {power:any}{power:any} ({power:any}{power:any}: Empower me. Use only if not Empowered.)
Disempower this, {exhaust}: Choose a player. They gain control of this and recall it. (Send it to their base.)
At the end of your turn, kill this and deal 5 to all units you control.",Kudos Productions,portrait,ven-133-166.png,False,False,False,False
ven-134-166,Kayle,VEN-134,VEN-134/166,VEN,Vendetta,134,Rare,Unit,3,3,,Order,Mount Targon|Kayle,"[Empower] {energy:3} ({energy:3}: Empower me.)
I can be [Empowered] up to three times.
I have +2 {might} for each time I'm [Empowered].
While I'm [Empowered] three times, I have [Deflect 3] and [Ganking].",Michal Ivan,portrait,ven-134-166.png,False,False,False,False
ven-135-166,Kennen,VEN-135,VEN-135/166,VEN,Vendetta,135,Rare,Unit,3,2,,Order,Yordle|Ionia|Kennen,"[Hidden] (Hide now for {power:any} to react with later for {energy:0}.)
When you play me or I attack, you may pay {energy:2} to [Stun] a unit. (It doesn't deal combat damage this turn.)
While there's a stunned enemy unit here, I have +2 {might}.",Six More Vodka,portrait,ven-135-166.png,False,False,False,False
ven-135a-166,Kennen,VEN-135a,VEN-135a/166,VEN,Vendetta,135,Rare,Unit,3,2,,Order,Yordle|Kennen,"[Hidden]
When you play me or I attack, you may pay {energy:2} to [Stun] a unit.
While there's a stunned enemy unit here, I have +2 {might}.",League Splash Team,portrait,ven-135a-166.png,True,False,False,True
ven-136-166,Ambessa,VEN-136,VEN-136/166,VEN,Vendetta,136,Epic,Unit,5,5,,Order,Noxus|Ambessa,"[Empower] {energy:1}{power:order}{power:order} ({energy:1}{power:order}{power:order}: Empower me. Use only if not Empowered.)
[Empowered][>] I have [Assault 2]. (+2 {might} while I'm an attacker.)
[Empowered][>] When I attack, kill an enemy unit here with less Might than me.",Pandart Studio,portrait,ven-136-166.png,False,False,False,False
ven-136a-166,Ambessa,VEN-136a,VEN-136a/166,VEN,Vendetta,136,Epic,Unit,5,5,,Order,Ambessa,"[Empower] {energy:1}{power:order}{power:order}
[Empowered][>] I have [Assault 2].
[Empowered][>] When I attack, kill an enemy unit here with less Might than me.",League Splash Team,portrait,ven-136a-166.png,True,False,False,True
ven-137-166,Shady Spectacles,VEN-137,VEN-137/166,VEN,Vendetta,137,Epic,Gear,4,0,,Order,Equipment,"[Equip] {energy:1}{power:order} ({energy:1}{power:order}: Attach this to a unit you control.)
As this is attached to a unit, choose another friendly unit. The equipped unit becomes a copy of that unit for as long as this is attached to it.",Polar Engine Studio,portrait,ven-137-166.png,False,False,False,False
ven-138-166,Shen,VEN-138,VEN-138/166,VEN,Vendetta,138,Epic,Unit,6,7,2,Order,Shen|Ionia,"[Shield] (+1 {might} while I'm a defender.)
When I hold, if there is exactly one other unit you control here, you score 1 point.",Pandart Studio,portrait,ven-138-166.png,False,False,False,False
ven-138a-166,Shen,VEN-138a,VEN-138a/166,VEN,Vendetta,138,Epic,Unit,6,7,2,Order,Shen|Ionia,"[Shield]
When I hold, if there is exactly one other unit you control here, you score 1 point.",League Splash Team,portrait,ven-138a-166.png,True,False,False,True
ven-139-166,Rogue Assassin,VEN-139,VEN-139/166,VEN,Vendetta,139,Rare,Legend,,,,Fury|Calm,Akali,"[Empower] {energy:3}{power:any} ({energy:3}{power:any}: Empower this. Use only if not Empowered.)
[Action][>] {exhaust}: If it's your turn, move a friendly unit in a showdown to base and if I'm [Empowered], ready it.",Envar Studio,portrait,ven-139-166.png,False,False,False,False
ven-140-166,Shuriken Flip,VEN-140,VEN-140/166,VEN,Vendetta,140,Epic,Spell,1,,1,Fury|Calm,Akali,"Deal 2 to up to one enemy unit at a battlefield, then move a friendly unit.
[Flow] {energy:3}{power:any} (You may play this from your trash for its Flow cost. Then banish it.)",莺之歌,portrait,ven-140-166.png,False,False,False,False
ven-141-166,Butcher of the Sands,VEN-141,VEN-141/166,VEN,Vendetta,141,Rare,Legend,,,,Fury|Body,Renekton,"[Reaction][>] {power:any}{power:any}, {exhaust}: [Add] {energy:2}. Spend this Energy only to play units or activated abilities of units.",Envar Studio,portrait,ven-141-166.png,False,False,False,False
ven-142-166,Dominus,VEN-142,VEN-142/166,VEN,Vendetta,142,Epic,Spell,4,,,Fury|Body,Renekton,"[Action] (Play on your turn or in showdowns.)
This turn, double a unit's Might and give it ""{power:any}{power:any}: Ready me.""",小牛设计,portrait,ven-142-166.png,False,False,False,False
ven-143-166,Master of Shadows,VEN-143,VEN-143/166,VEN,Vendetta,143,Rare,Legend,,,,Fury|Chaos,Zed,"When you banish a card you own, empower me. (I become Empowered if I'm not already.)
[Action][>] Disempower me, {exhaust}: Discard 1, then draw 1.",Envar Studio,portrait,ven-143-166.png,False,False,False,False
ven-144-166,Death Mark,VEN-144,VEN-144/166,VEN,Vendetta,144,Epic,Spell,2,,1,Fury|Chaos,Zed,"[Burn 3]. (Put the top 3 cards of your Main Deck into your trash.)
Play a 0 {might} Shadow Clone unit token. (It has ""When I attack, you may banish a unit from your trash. If you do, give me [Assault 4] this turn."")
[Flow] {energy:1}{power:any}{power:any} (You may play this from your trash for its Flow cost. Then banish it.)",JunHuan,portrait,ven-144-166.png,False,False,False,False
ven-145-166,Curator of the Sands,VEN-145,VEN-145/166,VEN,Vendetta,145,Rare,Legend,,,,Calm|Mind,Nasus,"When you play a unit, gear, or activated ability with Energy cost {energy:7} or more, you may exhaust me to ready up to 2 runes.",Envar Studio,portrait,ven-145-166.png,False,False,False,False
ven-146-166,Siphoning Strike,VEN-146,VEN-146/166,VEN,Vendetta,146,Epic,Spell,4,,,Calm|Mind,Nasus,"Deal 4 to a unit at a battlefield. If you control 7 or more runes, deal 7 to it instead. When it dies this turn, channel 1 rune exhausted.",Kudos Productions,portrait,ven-146-166.png,False,False,False,False
ven-147-166,Eye of Twilight,VEN-147,VEN-147/166,VEN,Vendetta,147,Rare,Legend,,,,Calm|Order,Shen,[Action][>] {exhaust}: Give a friendly unit [Tank] this turn. (It must be assigned combat damage first.),Envar Studio,portrait,ven-147-166.png,False,False,False,False
ven-148-166,Shadow Dash,VEN-148,VEN-148/166,VEN,Vendetta,148,Epic,Spell,2,,1,Calm|Order,Shen,"Move an enemy unit to a battlefield where you have units. If you have exactly two units there, they each get +1 {might} this turn.
[Flow] {energy:5}{power:any}{power:any} (You may play this from your trash for its Flow cost. Then banish it.)",Polar Engine Studio,portrait,ven-148-166.png,False,False,False,False
ven-149-166,Defender of Tomorrow,VEN-149,VEN-149/166,VEN,Vendetta,149,Rare,Legend,,,,Mind|Body,Jayce,"[Empower] {energy:2}{power:any}{power:any} ({energy:2}{power:any}{power:any}: Empower me. Use only if not Empowered.)
{energy:1}, {exhaust}: Ready a gear.
[Empowered][>] {energy:1}, {exhaust}: Ready 2 gear.",Envar Studio,portrait,ven-149-166.png,False,False,False,False
ven-150-166,Acceleration Gate,VEN-150,VEN-150/166,VEN,Vendetta,150,Epic,Spell,3,,1,Mind|Body,Jayce,"Ready up to 4 units, gear, and/or runes.",小牛设计/Kudos Productions,portrait,ven-150-166.png,False,False,False,False
ven-151-166,Soul's Reflection,VEN-151,VEN-151/166,VEN,Vendetta,151,Rare,Legend,,,,Mind|Chaos,Mel,"When you empower something else, empower me. (I become Empowered if I'm not already.)
Disempower me, {exhaust}: Give a unit at a battlefield -2 {might} this turn.",Envar Studio,portrait,ven-151-166.png,False,False,False,False
ven-152-166,Rebuttal,VEN-152,VEN-152/166,VEN,Vendetta,152,Epic,Spell,1,,1,Mind|Chaos,Mel,"[Reaction] (Play any time, even before spells and abilities resolve.)
Choose a spell with Energy cost no more than {energy:4}.  You may pay {power:any}. If you do, gain control of it and you may make new choices for it. Otherwise, counter it.",小牛设计,portrait,ven-152-166.png,False,False,False,False
ven-153-166,Matriarch of War,VEN-153,VEN-153/166,VEN,Vendetta,153,Rare,Legend,,,,Body|Order,Ambessa,"When you empower something else, empower me. (I become Empowered if I'm not already.)
Disempower me, {power:any}, {exhaust}: Ready a unit.",Envar Studio,portrait,ven-153-166.png,False,False,False,False
ven-154-166,Public Execution,VEN-154,VEN-154/166,VEN,Vendetta,154,Epic,Spell,2,,1,Body|Order,Ambessa,"Choose a friendly unit. Kill an enemy unit with less Might than it.
[Flow] {energy:5}{power:any}{power:any} (You may play this from your trash for its Flow cost. Then banish it.)",Polar Engine Studio,portrait,ven-154-166.png,False,False,False,False
ven-155-166,Heart of the Tempest,VEN-155,VEN-155/166,VEN,Vendetta,155,Rare,Legend,,,,Order|Chaos,Yordle|Kennen,"When you play a card from anywhere other than your hand, empower me.
[Action][>] Disempower me, {exhaust}: Give a unit [Assault 2] this turn. (+2 {might} while it's an attacker.)",Envar Studio,portrait,ven-155-166.png,False,False,False,False
ven-156-166,Lightning Rush,VEN-156,VEN-156/166,VEN,Vendetta,156,Epic,Spell,1,,,Order|Chaos,Kennen,"Look at the top 3 cards of your Main Deck. You may choose a card from among them and draw it. Put the rest into your trash.
[Flow] {energy:2}{power:any} (You may play this from your trash for its Flow cost. Then banish it.)",Kudos Productions,portrait,ven-156-166.png,False,False,False,False
ven-157-166,Dragon Roost,VEN-157,VEN-157/166,VEN,Vendetta,157,Uncommon,Battlefield,,,,Colorless,,"Any player may pay {power:any}{power:any} as an additional cost to play a Dragon. If they do, they play it to this battlefield.",Kudos Productions,landscape,ven-157-166.png,False,False,False,False
ven-158-166,"Heisho, Shell of the World",VEN-158,VEN-158/166,VEN,Vendetta,158,Uncommon,Battlefield,,,,Colorless,,Players ignore [Deflect] while paying for spells and abilities choosing something here.,Envar Studio,landscape,ven-158-166.png,False,False,False,False
ven-159-166,Kinkou Temple,VEN-159,VEN-159/166,VEN,Vendetta,159,Uncommon,Battlefield,,,,Colorless,,Units here with [Tank] have +1 {might}.,Grafit Studio,landscape,ven-159-166.png,False,False,False,False
ven-160-166,Mystic Vortex,VEN-160,VEN-160/166,VEN,Vendetta,160,Uncommon,Battlefield,,,,Colorless,,"During showdowns here, cards with [Reaction] cost {power:any} more to play. (Hidden cards have [Reaction].)",Caravan Studio,landscape,ven-160-166.png,False,False,False,False
ven-161-166,Piltovan Forge,VEN-161,VEN-161/166,VEN,Vendetta,161,Uncommon,Battlefield,,,,Colorless,,"While you control this battlefield, the first friendly gear activated ability played each turn costs {energy:1} less.",Kudos Productions,landscape,ven-161-166.png,False,False,False,False
ven-162-166,Protective Sands,VEN-162,VEN-162/166,VEN,Vendetta,162,Uncommon,Battlefield,,,,Colorless,,"When you conquer here, if you control 4 or fewer runes, you may pay {energy:1} to draw 1.",Polar Engine Studio,landscape,ven-162-166.png,False,False,False,False
ven-163-166,Risen Altar,VEN-163,VEN-163/166,VEN,Vendetta,163,Uncommon,Battlefield,,,,Colorless,,[Empower] costs of your units here cost {energy:1} or {power:any} less.,Kudos Productions,landscape,ven-163-166.png,False,False,False,False
ven-164-166,Sandswept Tomb,VEN-164,VEN-164/166,VEN,Vendetta,164,Uncommon,Battlefield,,,,Colorless,,Each spell that chooses one or more units here that are friendly to it costs {power:any} less.,Kudos Productions,landscape,ven-164-166.png,False,False,False,False
ven-165-166,Shadow Temple,VEN-165,VEN-165/166,VEN,Vendetta,165,Uncommon,Battlefield,,,,Colorless,,"When you hold here, [Burn 3]. (Put the top 3 cards of your Main Deck into your trash.)",Grafit Studio,landscape,ven-165-166.png,False,False,False,False
ven-166-166,Threshold of the Gray,VEN-166,VEN-166/166,VEN,Vendetta,166,Uncommon,Battlefield,,,,Colorless,,"When combat starts here, the attacker and defender each [Add] {energy:1}.",Envar Studio,landscape,ven-166-166.png,False,False,False,False
ven-167-166,Vi,VEN-167,VEN-167/166,VEN,Vendetta,167,Rare,Unit,2,3,1,Fury,Vi,"[Ganking]
Recycle 1 from your trash: Give me +1 {might} this turn.",Grafit Studio,portrait,ven-167-166.png,False,False,True,False
ven-168-166,Jinx,VEN-168,VEN-168/166,VEN,Vendetta,168,Rare,Unit,3,4,1,Fury,Jinx,"[Accelerate]
[Assault 2]
When you play me, discard 2.",Grafit Studio,portrait,ven-168-166.png,False,False,True,False
ven-169-166,Zed,VEN-169,VEN-169/166,VEN,Vendetta,169,Epic,Unit,4,4,1,Fury,Zed,"You may discard 1 as an additional cost to play me.
When you play me, if you paid the additional cost, play a 0 {might} Shadow Clone unit token.",华锐,portrait,ven-169-166.png,False,False,True,False
ven-170-166,Shen,VEN-170,VEN-170/166,VEN,Vendetta,170,Rare,Unit,5,6,1,Calm,Shen,"When I hold, if there is exactly one other unit you control here, draw 1.",华锐,portrait,ven-170-166.png,False,False,True,False
ven-171-166,Riven,VEN-171,VEN-171/166,VEN,Vendetta,171,Rare,Unit,3,3,1,Calm,Riven,"[Weaponmaster]
When I attack, choose an enemy unit here. Deal 2 to it for each Equipment attached to me.",Shawn Lee,portrait,ven-171-166.png,False,False,True,False
ven-172-166,Draven,VEN-172,VEN-172/166,VEN,Vendetta,172,Rare,Unit,5,3,1,Fury,Draven,My Might is increased by your points.,Shawn Lee,portrait,ven-172-166.png,False,False,True,False
ven-173-166,Swain,VEN-173,VEN-173/166,VEN,Vendetta,173,Rare,Unit,6,6,1,Mind,Swain,"[Vision]
When I conquer, if you've played a non-token unit, a non-token gear, and a spell this turn, you score 1 point.",JunHuan,portrait,ven-173-166.png,False,False,True,False
ven-174-166,Irelia,VEN-174,VEN-174/166,VEN,Vendetta,174,Epic,Unit,5,4,,Calm,Irelia|Ionia,"[Deflect]
When you choose or ready me, give me +1 {might} this turn.",JunHuan,portrait,ven-174-166.png,False,False,True,False
ven-175-166,Jayce,VEN-175,VEN-175/166,VEN,Vendetta,175,Rare,Unit,4,4,,Mind,Jayce|Piltover,"When you play me, you may kill a friendly gear. If you do, you may play a gear with Energy cost no more than {energy:7} from hand this turn, ignoring its Energy cost.",莺之歌,portrait,ven-175-166.png,False,False,True,False
ven-176-166,Viktor,VEN-176,VEN-176/166,VEN,Vendetta,176,Rare,Unit,4,3,1,Mind,Viktor,"When you play a card on an opponent's turn, play a 1 {might} Recruit unit token to your base.",莺之歌,portrait,ven-176-166.png,False,False,True,False
ven-177-166,Renekton,VEN-177,VEN-177/166,VEN,Vendetta,177,Epic,Unit,5,4,,Body,Renekton,"{energy:1}: Give me +1 {might} this turn.
When my Might becomes 10 or more, empower me.
[Empowered][>] I have [Ganking] and [Deflect].",Ziyan Lin,portrait,ven-177-166.png,False,False,True,False
ven-178-166,Nasus,VEN-178,VEN-178/166,VEN,Vendetta,178,Rare,Unit,5,6,1,Mind,Dog|Nasus,"Once each turn, when an enemy unit here dies, channel 1 rune exhausted.",Ziyan Lin,portrait,ven-178-166.png,False,False,True,False
ven-179-166,Rengar,VEN-179,VEN-179/166,VEN,Vendetta,179,Epic,Unit,5,6,1,Body,Cat|Rengar|Ixtal,"[Ambush]
I can be played to a battlefield where there are enemy units.",莺之歌,portrait,ven-179-166.png,False,False,True,False
ven-180-166,Kha'Zix,VEN-180,VEN-180/166,VEN,Vendetta,180,Epic,Unit,5,5,1,Body,Kha'Zix|The Void,"[Hunt]
When I attack, you may spend 3 XP to deal damage equal to my Might to an enemy unit here.",莺之歌,portrait,ven-180-166.png,False,False,True,False
ven-181-166,Gangplank,VEN-181,VEN-181/166,VEN,Vendetta,181,Rare,Unit,6,6,,Body,Gangplank,"[Empower] {power:body}{power:body}
[Empowered][>] If a spell or ability that chooses me would stun me, give me -{might}, or return me to hand, give me +3 {might} instead.",Grafit Studio,portrait,ven-181-166.png,False,False,True,False
ven-182-166,Illaoi,VEN-182,VEN-182/166,VEN,Vendetta,182,Rare,Unit,6,4,,Chaos,Illaoi,"When you play me or when I score, play a {energy:1} {might} Tentacle unit token from Bilgewater.
I have +1 {might} for each token unit you control.",Grafit Studio,portrait,ven-182-166.png,False,False,True,False
ven-183-166,Diana,VEN-183,VEN-183/166,VEN,Vendetta,183,Epic,Unit,4,3,1,Chaos,Diana|Mount Targon,"[Ambush]
When you play a spell, give me +2 {might} this turn.",Naifan Zhang,portrait,ven-183-166.png,False,False,True,False
ven-184-166,Leona,VEN-184,VEN-184/166,VEN,Vendetta,184,Rare,Unit,4,4,1,Order,Leona,"[Shield]
When I attack, stun an enemy unit here.",Naifan Zhang,portrait,ven-184-166.png,False,False,True,False
ven-185-166,Kayle,VEN-185,VEN-185/166,VEN,Vendetta,185,Rare,Unit,3,3,,Order,Kayle,"[Empower] {energy:3} ({energy:3}: Empower me.)
I can be [Empowered] up to three times.
I have +2 {might} for each time I’m [Empowered].
While I'm [Empowered] three times, I have [Deflect 3] and [Ganking].",HCuu,portrait,ven-185-166.png,False,False,True,False
ven-186-166,Morgana,VEN-186,VEN-186/166,VEN,Vendetta,186,Rare,Unit,5,5,1,Fury,Morgana,"[Ambush]
When you play me, deal damage to a unit equal to the damage marked on it.",Yuande Wu,portrait,ven-186-166.png,False,False,True,False
ven-187-166,Ambessa,VEN-187,VEN-187/166,VEN,Vendetta,187,Epic,Unit,5,5,,Order,Ambessa,"[Empower] {energy:1}{power:order}{power:order}
[Empowered][>] I have [Assault 2].
[Empowered][>] When I attack, kill an enemy unit here with less Might than me.",蛋费鸡丁,portrait,ven-187-166.png,False,False,True,False
ven-188-166,Mel,VEN-188,VEN-188/166,VEN,Vendetta,188,Rare,Unit,5,4,,Chaos,Mel,"[Empower] — Discard a spell
When I become [Empowered], banish an enemy unit at a battlefield with 3 {might} or less.",Zhongqi Li,portrait,ven-188-166.png,False,False,True,False
ven-189-star-166,Rogue Assassin,VEN-189,VEN-189*/166,VEN,Vendetta,189,Rare,Legend,,,,Fury|Calm,Akali,"[Empower] {energy:3}{power:any}
[Action][>] {exhaust}: If it's your turn, move a friendly unit in a showdown to base and if I'm [Empowered], ready it.",Jessica Oyhenart,portrait,ven-189-star-166.png,False,True,True,True
ven-189-166,Rogue Assassin,VEN-189,VEN-189/166,VEN,Vendetta,189,Rare,Legend,,,,Fury|Calm,Akali,"[Empower] {energy:3}{power:any}
[Action][>] {exhaust}: If it's your turn, move a friendly unit in a showdown to base and if I'm [Empowered], ready it.",Jessica Oyhenart,portrait,ven-189-166.png,False,False,True,False
ven-190-star-166,Butcher of the Sands,VEN-190,VEN-190*/166,VEN,Vendetta,190,Rare,Legend,,,,Fury|Body,Renekton,"[Reaction][>] {power:any}{power:any}, {exhaust}: [Add] {energy:2}. Spend this Energy only to play units or activated abilities of units.",Edgardo Monteon,portrait,ven-190-star-166.png,False,True,True,True
ven-190-166,Butcher of the Sands,VEN-190,VEN-190/166,VEN,Vendetta,190,Rare,Legend,,,,Fury|Body,Renekton,"[Reaction][>] {power:any}{power:any}, {exhaust}: [Add] {energy:2}. Spend this Energy only to play units or activated abilities of units.",Edgardo Monteon,portrait,ven-190-166.png,False,False,True,False
ven-191-star-166,Master of Shadows,VEN-191,VEN-191*/166,VEN,Vendetta,191,Rare,Legend,,,,Fury|Chaos,Zed,"When you banish a card you own, empower me.
[Action][>] Disempower me, {exhaust}: Discard 1, then draw 1.",Yh Shen,portrait,ven-191-star-166.png,False,True,True,True
ven-191-166,Master of Shadows,VEN-191,VEN-191/166,VEN,Vendetta,191,Rare,Legend,,,,Fury|Chaos,Zed,"When you banish a card you own, empower me.
[Action][>] Disempower me, {exhaust}: Discard 1, then draw 1.",Yh Shen,portrait,ven-191-166.png,False,False,True,False
ven-192-star-166,Curator of the Sands,VEN-192,VEN-192*/166,VEN,Vendetta,192,Rare,Legend,,,,Calm|Mind,Dog|Shurima|Nasus,"When you play a unit, gear, or activated ability with Energy cost {energy:7} or more, you may exhaust me to ready up to 2 runes.",Sean Budanio,portrait,ven-192-star-166.png,False,True,True,True
ven-192-166,Curator of the Sands,VEN-192,VEN-192/166,VEN,Vendetta,192,Rare,Legend,,,,Calm|Mind,Nasus,"When you play a unit, gear, or activated ability with Energy cost {energy:7} or more, you may exhaust me to ready up to 2 runes.",Sean Budanio,portrait,ven-192-166.png,False,False,True,False
ven-193-star-166,Eye of Twilight,VEN-193,VEN-193*/166,VEN,Vendetta,193,Rare,Legend,,,,Calm|Order,Shen,[Action][>] {exhaust}: Give a friendly unit [Tank] this turn.,Oscar Vega,portrait,ven-193-star-166.png,False,True,True,True
ven-193-166,Eye of Twilight,VEN-193,VEN-193/166,VEN,Vendetta,193,Rare,Legend,,,,Calm|Order,Shen,[Action][>] {exhaust}: Give a friendly unit [Tank] this turn.,Oscar Vega,portrait,ven-193-166.png,False,False,True,False
ven-194-star-166,Defender of Tomorrow,VEN-194,VEN-194*/166,VEN,Vendetta,194,Rare,Legend,,,,Mind|Body,Jayce,"[Empower] {energy:2}{power:any}{power:any}
{energy:1}, {exhaust}: Ready a gear.
[Empowered][>] {energy:1}, {exhaust}: Ready 2 gear.",Stella Chen Yui,portrait,ven-194-star-166.png,False,True,True,True
ven-194-166,Defender of Tomorrow,VEN-194,VEN-194/166,VEN,Vendetta,194,Rare,Legend,,,,Mind|Body,Jayce,"[Empower] {energy:2}{power:any}{power:any}
{energy:1}, {exhaust}: Ready a gear.
[Empowered][>] {energy:1}, {exhaust}: Ready 2 gear.",Stella Chen Yui,portrait,ven-194-166.png,False,False,True,False
ven-195-star-166,Soul's Reflection,VEN-195,VEN-195*/166,VEN,Vendetta,195,Rare,Legend,,,,Mind|Chaos,Mel,"When you empower something else, empower me.
Disempower me, {exhaust}: Give a unit at a battlefield -2 {might} this turn.",Envar Studio,portrait,ven-195-star-166.png,False,True,True,True
ven-195-166,Soul's Reflection,VEN-195,VEN-195/166,VEN,Vendetta,195,Rare,Legend,,,,Mind|Chaos,Mel,"When you empower something else, empower me.
Disempower me, {exhaust}: Give a unit at a battlefield -2 {might} this turn.",Envar Studio,portrait,ven-195-166.png,False,False,True,False
ven-196-star-166,Matriarch of War,VEN-196,VEN-196*/166,VEN,Vendetta,196,Rare,Legend,,,,Body|Order,Ambessa,"When you empower something else, empower me.
Disempower me, {power:any}, {exhaust}: Ready a unit.",Aliya Chen,portrait,ven-196-star-166.png,False,True,True,True
ven-196-166,Matriarch of War,VEN-196,VEN-196/166,VEN,Vendetta,196,Rare,Legend,,,,Body|Order,Ambessa,"When you empower something else, empower me.
Disempower me, {power:any}, {exhaust}: Ready a unit.",Aliya Chen,portrait,ven-196-166.png,False,False,True,False
ven-197-star-166,Heart of the Tempest,VEN-197,VEN-197*/166,VEN,Vendetta,197,Rare,Legend,,,,Order|Chaos,Yordle|Kennen,"When you play a card from anywhere other than your hand, empower me.
[Action][>] Disempower me, {exhaust}: Give a unit [Assault 2] this turn.",Shop Sun,portrait,ven-197-star-166.png,False,True,True,True
ven-197-166,Heart of the Tempest,VEN-197,VEN-197/166,VEN,Vendetta,197,Rare,Legend,,,,Order|Chaos,Yordle|Kennen,"When you play a card from anywhere other than your hand, empower me.
[Action][>] Disempower me, {exhaust}: Give a unit [Assault 2] this turn.",Shop Sun,portrait,ven-197-166.png,False,False,True,False
